make,model,UCity,UHighway,year
Alfa Romeo,Spider Veloce 2000,23.3333,35,1985
Ferrari,Testarossa,11,19,1985
Dodge,Charger,29,47,1985
Dodge,B150/B250 Wagon 2WD,12.2222,16.6667,1985
Subaru,Legacy AWD Turbo,21,32,1993
Subaru,Loyale,27,33,1993
Subaru,Loyale,28,41,1993
Toyota,Corolla,29,37,1993
Toyota,Corolla,30,43,1993
Toyota,Corolla,29,42,1993
Toyota,Corolla,30,42.3077,1993
Volkswagen,Golf III / GTI,23,36,1993
Volkswagen,Golf III / GTI,27,41,1993
Volkswagen,Jetta III,23,36,1993
Dodge,B150/B250 Wagon 2WD,14.4444,21,1985
Volkswagen,Jetta III,25,39,1993
Volvo,240,22,32.0513,1993
Volvo,240,23.3333,36,1993
Audi,100,21,31,1993
Audi,100,21,33.3333,1993
BMW,740i,17.7778,28,1993
BMW,740il,17,28,1993
BMW,750il,13.3333,23,1993
Buick,Century,26,39.7436,1993
Buick,Century,21.1111,33,1993
Dodge,B150/B250 Wagon 2WD,14,23,1985
Buick,Century,22,37,1993
Buick,Regal,21,35,1993
Buick,Regal,21,38,1993
Buick,Regal,21,36,1993
Buick,Riviera,21,35,1993
Cadillac,Eldorado,18,32,1993
Cadillac,Eldorado,18,32,1993
Cadillac,Seville,18,32,1993
Cadillac,Seville,18,32,1993
Chevrolet,Lumina,23,37,1993
Dodge,B150/B250 Wagon 2WD,13,23.0769,1985
Chevrolet,Lumina,21,35,1993
Chevrolet,Lumina,21,38,1993
Chevrolet,Lumina,19,33,1993
Chevrolet,Lumina,18.8889,34,1993
Chrysler,New Yorker,22,33.3333,1993
CX Automotive,XM v6,16,26,1993
CX Automotive,XM v6a,16,26,1993
Nissan,Maxima,21,32,1993
Nissan,Maxima,21,33,1993
Nissan,Maxima,23,33,1993
Dodge,B150/B250 Wagon 2WD,11,15,1985
Dodge,Dynasty,23,34,1993
Dodge,Dynasty,23,36,1993
Dodge,Dynasty,22,33.3333,1993
Dodge,Spirit,24,34,1993
Dodge,Spirit,26,36,1993
Dodge,Spirit,28,41,1993
Dodge,Spirit,22,34,1993
Dodge,Spirit,23,37,1993
Ford,Taurus,23,38,1993
Ford,Taurus SHO,20,33.3333,1993
Dodge,B350 Wagon 2WD,12,15,1985
Ford,Taurus,21,35,1993
Ford,Thunderbird,21.1111,34,1993
Ford,Thunderbird,19,29,1993
Ford,Thunderbird,19,31,1993
Ford,Thunderbird,19,30.7692,1993
Hyundai,Sonata,22.2222,35,1993
Hyundai,Sonata,22,34,1993
Hyundai,Sonata,20,30.7692,1993
Infiniti,Q45,19,28,1993
Infiniti,Q45 Full-Active Suspension,16.6667,24.359,1993
Dodge,B350 Wagon 2WD,12,15,1985
Lexus,LS 400,20,30,1993
Mercury,Cougar,21,33.3333,1993
Mercury,Cougar,19,30.7692,1993
Mercury,Sable,23,38,1993
Mercury,Sable,21,35,1993
Mazda,626,26,39.7436,1993
Mazda,626,29,43,1993
Mazda,626,21,32,1993
Mazda,626,23,33.3333,1993
Mazda,929,21,30.7692,1993
Dodge,B350 Wagon 2WD,11,14,1985
Oldsmobile,Cutlass Ciera,26,39.7436,1993
Oldsmobile,Cutlass Ciera,21.1111,33,1993
Oldsmobile,Cutlass Ciera,22,37,1993
Oldsmobile,Cutlass Supreme,21,35,1993
Oldsmobile,Cutlass Supreme,21,38,1993
Oldsmobile,Cutlass Supreme,19,33,1993
Oldsmobile,Cutlass Supreme,18.8889,34,1993
Oldsmobile,Toronado,21,35,1993
Plymouth,Acclaim,24,34,1993
Plymouth,Acclaim,26,36,1993
Ford,E150 Club Wagon,15,20,1985
Plymouth,Acclaim,28,41,1993
Plymouth,Acclaim,22,34,1993
Plymouth,Acclaim,23,37,1993
Pontiac,Grand Prix,21,35,1993
Pontiac,Grand Prix,21,38,1993
Pontiac,Grand Prix,19,33,1993
Pontiac,Grand Prix,18.8889,34,1993
Rolls-Royce,Brooklands/Brklnds L,11.1111,18,1993
Rolls-Royce,Turbo R/Turbo R(lwb),12,20,1993
Rolls-Royce,Silver Spirit II/Silver Spur,11.1111,18,1993
Ford,E150 Club Wagon,16,23,1985
Toyota,Camry,23,36,1993
Toyota,Camry,24.4444,38,1993
Toyota,Camry,20,31,1993
Toyota,Camry,20,31,1993
Volkswagen,Passat,22,37,1993
Volkswagen,Passat,23,39,1993
Volkswagen,Passat,19,31,1993
Volkswagen,Passat,21,35,1993
Volvo,850,22.2222,36,1993
Volvo,850,23,38,1993
Dodge,Charger,23,38,1985
Ford,E150 Club Wagon,18,24,1985
Volvo,940,21,30,1993
Volvo,940,21,35,1993
Volvo,960,19,32,1993
Buick,LeSabre,21,36,1993
Buick,Park Avenue,19,35,1993
Buick,Park Avenue,21,35,1993
Buick,Roadmaster,18,32,1993
Cadillac,DeVille/60 Special,18,32,1993
Cadillac,Fleetwood,18,32,1993
Chevrolet,Caprice,20,33,1993
Ford,E150 Club Wagon,13,19,1985
Chevrolet,Caprice,19,33,1993
Chevrolet,Caprice,18,32,1993
Chrysler,Concorde,22,36,1993
Chrysler,Concorde,20,33.3333,1993
Chrysler,Fifth Avenue/Imperial,22,33.3333,1993
Chrysler,Fifth Avenue/Imperial,21,33.3333,1993
Dodge,Intrepid,22,36,1993
Dodge,Intrepid,20,33.3333,1993
Eagle,Vision,22,36,1993
Eagle,Vision,20,33.3333,1993
Ford,E150 Club Wagon,12,16.6667,1985
Ford,LTD Crown Victoria,20,33,1993
Lincoln,Continental,19,33,1993
Mercury,Grand Marquis,20,33,1993
Lincoln,Town Car,20,33,1993
Mercedes-Benz,300SD,22,30,1993
Mercedes-Benz,300SE,16.6667,24.359,1993
Mercedes-Benz,400SEL,16,23,1993
Mercedes-Benz,500SEL,14.4444,22,1993
Oldsmobile,Eighty-Eight,21,36,1993
Oldsmobile,Ninety-Eight,21,35,1993
GMC,G15/25 Rally 2WD,17.7778,22,1985
Oldsmobile,Ninety-Eight,19,35,1993
Pontiac,Bonneville,19,32,1993
Pontiac,Bonneville,21,36,1993
Rolls-Royce,Silver Spur II Mpw Touring L,11,18,1993
Saab,9000,19,32,1993
Saab,9000,20,31,1993
Saab,9000,21,33,1993
Saab,9000,21,35,1993
Audi,100 quattro Wagon,20,28,1993
BMW,525i Touring,20,32,1993
GMC,G15/25 Rally 2WD,18,24,1985
Chevrolet,Cavalier Wagon,26,39.7436,1993
Chevrolet,Cavalier Wagon,22,36,1993
CX Automotive,XM v6 Break,16,26,1993
Ford,Escort Wagon,28,42.3077,1993
Ford,Escort Wagon,32.2222,46.1538,1993
Honda,Accord Wagon,23,34,1993
Honda,Accord Wagon,25,36,1993
Mercury,Tracer Wagon,28,42.3077,1993
Mercury,Tracer Wagon,32.2222,46.1538,1993
Saturn,SW,28,45,1993
GMC,G15/25 Rally 2WD,17,23,1985
Saturn,SW,26.6667,42,1993
Saturn,SW,31,47,1993
Saturn,SW,27,44.8718,1993
Subaru,Legacy Wagon,24,37,1993
Subaru,Legacy Wagon,25,39,1993
Subaru,Legacy Wagon AWD,23,34,1993
Subaru,Legacy Wagon AWD,23,34,1993
Subaru,Legacy Wagon AWD Turbo,20,29,1993
Subaru,Loyale Wagon,27,33,1993
Subaru,Loyale Wagon,28,39,1993
GMC,G15/25 Rally 2WD,14,17,1985
Toyota,Corolla Wagon,29,42,1993
Toyota,Corolla Wagon,30,42.3077,1993
Buick,Century Wagon,23,37,1993
Buick,Century Wagon,21.1111,33,1993
Buick,Century Wagon,22,37,1993
Eagle,Summit Wagon,23,32,1993
Eagle,Summit Wagon,26,36,1993
Eagle,Summit Wagon,24.4444,33,1993
Eagle,Summit Wagon,26,37,1993
Eagle,Summit Wagon,21.1111,30,1993
GMC,G15/25 Rally 2WD,15,22,1985
Eagle,Summit Wagon,22,33.3333,1993
Eagle,Summit Wagon,21.1111,31,1993
Eagle,Summit Wagon,23.3333,36,1993
Ford,Taurus Wagon,23,38,1993
Ford,Taurus Wagon,21,35,1993
Mercury,Sable Wagon,23,38,1993
Mercury,Sable Wagon,21,35,1993
Mitsubishi,Expo,21.1111,30,1993
Mitsubishi,Expo,22,33.3333,1993
Mitsubishi,Expo,21.1111,31,1993
GMC,G15/25 Rally 2WD,14,22,1985
Mitsubishi,Expo,23.3333,35.8974,1993
Mitsubishi,Expo.LRV,26,36,1993
Mitsubishi,Expo.LRV,23,32,1993
Mitsubishi,Expo.LRV,26,37,1993
Mitsubishi,Expo.LRV,24.4444,33,1993
Mitsubishi,Expo.LRV,22,33.3333,1993
Mitsubishi,Expo.LRV,21.1111,30,1993
Mitsubishi,Expo.LRV,23.3333,36,1993
Mitsubishi,Expo.LRV,21.1111,31,1993
Oldsmobile,Cutlass Cruiser,23,37,1993
GMC,G15/25 Rally 2WD,19,30,1985
Oldsmobile,Cutlass Cruiser,21.1111,33,1993
Oldsmobile,Cutlass Cruiser,22,37,1993
Mitsubishi,Diamante Wagon,21,32,1993
Plymouth,Colt Vista,26,36,1993
Plymouth,Colt Vista,23,32,1993
Plymouth,Colt Vista,26,37,1993
Plymouth,Colt Vista,24.4444,33,1993
Plymouth,Colt Vista,21.1111,30,1993
Plymouth,Colt Vista,22,33.3333,1993
Plymouth,Colt Vista,21.1111,31,1993
Dodge,Charger,21,37,1985
GMC,G15/25 Rally 2WD,20,26.9231,1985
Plymouth,Colt Vista,23.3333,36,1993
Toyota,Camry Wagon,23,36,1993
Toyota,Camry Wagon,20,31,1993
Volkswagen,Passat Wagon,22,37,1993
Volkswagen,Passat Wagon,23,39,1993
Volkswagen,Passat Wagon,19,31,1993
Volkswagen,Passat Wagon,21,35,1993
Volvo,240 Wagon,22,32.0513,1993
Volvo,240 Wagon,23,35,1993
Volvo,940 Wagon,21,30,1993
GMC,G35 Rally 2WD,12,17,1985
Volvo,940 Wagon,21,35,1993
Volvo,960 Wagon,19,32,1993
Buick,Roadmaster Wagon,18,32,1993
Chevrolet,Caprice Wagon,18.8889,32,1993
Chevrolet,Caprice Wagon,18,32,1993
Chevrolet,S10 Pickup 2WD,22,33.3333,1993
Chevrolet,S10 Pickup 2WD,25,35,1993
Chevrolet,S10 Pickup 2WD,21,32,1993
Chevrolet,S10 Pickup 2WD,20,29,1993
Chevrolet,S10 Pickup 2WD,20,30.7692,1993
GMC,Safari 2WD (passenger),23,33,1985
Nissan,Truck 2WD,23,33,1993
Nissan,Truck 2WD,26,35,1993
Nissan,Truck 2WD,21,29,1993
Dodge,Ram 50 Pickup 2WD,21,29,1993
Dodge,Ram 50 Pickup 2WD,21.1111,31,1993
GMC,Sonoma 2WD,22,33.3333,1993
GMC,Sonoma 2WD,25,35,1993
GMC,Sonoma 2WD,21,32,1993
GMC,Sonoma 2WD,20,29,1993
GMC,Sonoma 2WD,19,31,1993
GMC,Safari 2WD (passenger),24,33,1985
GMC,Sonoma 2WD,20,30.7692,1993
Isuzu,Pickup 2WD,24,31,1993
Isuzu,Pickup 2WD,21.1111,30,1993
Isuzu,Pickup 2WD,20,30,1993
Mitsubishi,Truck 2WD,21,29,1993
Mitsubishi,Truck 2WD,21.1111,31,1993
Chevrolet,C1500 Pickup 2WD,18.8889,27,1993
Chevrolet,C1500 Pickup 2WD,19,28,1993
Chevrolet,C1500 Pickup 2WD,17,27,1993
Chevrolet,C1500 Pickup 2WD,18,26.9231,1993
GMC,Safari 2WD (passenger),24.4444,36,1985
Chevrolet,C1500 Pickup 2WD,16.6667,24,1993
Chevrolet,C1500 Pickup 2WD,16,24.359,1993
Chevrolet,C1500 Pickup 2WD,16,24,1993
Chevrolet,C1500 Pickup 2WD,15,24,1993
Chevrolet,C1500 Pickup 2WD,14.4444,22,1993
Chevrolet,C1500 Pickup 2WD,11,16,1993
Chevrolet,Pickup 2500 2WD,18,27,1993
Chevrolet,Pickup 2500 2WD,17,27,1993
Chevrolet,Pickup 2500 2WD,18,26.9231,1993
Chevrolet,Pickup 2500 2WD,16,23,1993
GMC,Safari 2WD (passenger),19,27,1985
Chevrolet,Pickup 2500 2WD,16,24.359,1993
Chevrolet,Pickup 2500 2WD,16,24,1993
Chevrolet,Pickup 2500 2WD,14.4444,23.0769,1993
Chevrolet,Pickup 2500 2WD,14,22,1993
Dodge,Dakota Pickup 2WD,24.4444,35,1993
Dodge,Dakota Pickup 2WD,17,25,1993
Dodge,Dakota Pickup 2WD,18,28,1993
Dodge,Dakota Pickup 2WD,16,23,1993
Dodge,D100/D150 Pickup 2WD,17,22,1993
Dodge,D100/D150 Pickup 2WD,17,25,1993
GMC,Safari 2WD (passenger),18,26.9231,1985
Dodge,D100/D150 Pickup 2WD,17,24,1993
Dodge,D100/D150 Pickup 2WD,14,21.7949,1993
Dodge,D100/D150 Pickup 2WD,14.4444,22,1993
Dodge,D100/D150 Pickup 2WD,13.3333,21,1993
Dodge,D100/D150 Pickup 2WD,12.2222,19,1993
Dodge,D250 Pickup 2WD,16.6667,21.7949,1993
Dodge,D250 Pickup 2WD,14,22,1993
Dodge,D250 Pickup 2WD,14,21.7949,1993
Dodge,D250 Pickup 2WD,14.4444,21.7949,1993
Dodge,D250 Pickup 2WD,13.3333,21,1993
GMC,Safari 2WD (passenger),19,28.2051,1985
Dodge,D250 Pickup 2WD,12.2222,19,1993
Jeep,Comanche Pickup 4WD,22,28,1993
Jeep,Comanche Pickup 4WD,21,28.2051,1993
Jeep,Comanche Pickup 4WD,16.6667,25,1993
Jeep,Comanche Pickup 4WD,18,26,1993
Ford,F150 Pickup 2WD,16.6667,25,1993
Ford,F150 Pickup 2WD,18,23,1993
Ford,F150 Pickup 2WD,16.6667,25,1993
Ford,F150 Pickup 2WD,16,24.359,1993
Ford,F150 Pickup 2WD,16,24.359,1993
Toyota,Van 2WD,23.3333,30,1985
Ford,F150 Pickup 2WD,17,21,1993
Ford,F150 Pickup 2WD,16.6667,24.359,1993
Ford,F150 Pickup 2WD,13.3333,21.7949,1993
Ford,F250 Pickup 2WD,16.6667,24.359,1993
Ford,F250 Pickup 2WD,18,23,1993
Ford,F250 Pickup 2WD,16.6667,25,1993
Ford,F250 Pickup 2WD,16,24,1993
Ford,F250 Pickup 2WD,17,21.7949,1993
Ford,F250 Pickup 2WD,17,24.359,1993
Ford,F250 Pickup 2WD,13,20,1993
Toyota,Van 2WD,25,32,1985
Ford,Ranger Pickup 2WD,23,30.7692,1993
Ford,Ranger Pickup 2WD,25,35.8974,1993
Ford,Ranger Pickup 2WD,20,30.7692,1993
Ford,Ranger Pickup 2WD,21,32.0513,1993
Ford,Ranger Pickup 2WD,19,28,1993
Ford,Ranger Pickup 2WD,20,30.7692,1993
GMC,Sierra 1500 2WD,18.8889,27,1993
GMC,Sierra 1500 2WD,19,28,1993
GMC,Sierra 1500 2WD,17,27,1993
GMC,Sierra 1500 2WD,18,26.9231,1993
Dodge,Colt,33,41,1985
Volkswagen,Vanagon 2WD,18,24,1985
GMC,Sierra 1500 2WD,16.6667,24,1993
GMC,Sierra 1500 2WD,16,24.359,1993
GMC,Sierra 1500 2WD,16,24,1993
GMC,Sierra 1500 2WD,15,24,1993
GMC,Sierra 1500 2WD,14.4444,22,1993
GMC,Sierra 2500 2WD,18,27,1993
GMC,Sierra 2500 2WD,17,27,1993
GMC,Sierra 2500 2WD,18,26.9231,1993
GMC,Sierra 2500 2WD,16,23,1993
GMC,Sierra 2500 2WD,16,24,1993
Volkswagen,Vanagon 2WD,20,25,1985
GMC,Sierra 2500 2WD,16,24,1993
GMC,Sierra 2500 2WD,14.4444,23.0769,1993
GMC,Sierra 2500 2WD,14,22,1993
Mazda,B2200/B2600i,22.2222,32,1993
Mazda,B2200/B2600i,23,33,1993
Mazda,B2200/B2600i,23,33,1993
Mazda,B2200/B2600i,26.6667,33.3333,1993
Mazda,B2200/B2600i,21,31,1993
Mazda,B2200/B2600i,21.1111,30,1993
Toyota,T100 2WD,24.4444,32,1993
AM General,Post Office DJ5 2WD,20,23.0769,1985
Toyota,T100 2WD,25,35.8974,1993
Toyota,T100 2WD,20,29,1993
Toyota,T100 2WD,18,26,1993
Toyota,T100 2WD,18,27,1993
Chevrolet,K1500 Pickup 4WD,16.6667,23.0769,1993
Chevrolet,K1500 Pickup 4WD,16.6667,24,1993
Chevrolet,K1500 Pickup 4WD,17.7778,25,1993
Chevrolet,K1500 Pickup 4WD,15,23,1993
Chevrolet,K1500 Pickup 4WD,14.4444,22,1993
Chevrolet,K1500 Pickup 4WD,14,21.7949,1993
AM General,Post Office DJ8 2WD,16,18,1985
Chevrolet,K1500 Pickup 4WD,14,21.7949,1993
Chevrolet,K1500 Pickup 4WD,13.3333,19,1993
Chevrolet,K1500 Pickup 4WD,18.8889,28,1993
Chevrolet,Pickup 2500 4WD,16.6667,23.0769,1993
Chevrolet,Pickup 2500 4WD,16,23,1993
Chevrolet,Pickup 2500 4WD,17,24,1993
Chevrolet,Pickup 2500 4WD,15,23.0769,1993
Chevrolet,Pickup 2500 4WD,14.4444,22,1993
Chevrolet,Pickup 2500 4WD,14,21.7949,1993
Chevrolet,Pickup 2500 4WD,14,21.7949,1993
Chevrolet,Suburban C10 2WD,15,21.7949,1985
Chevrolet,Pickup 2500 4WD,13.3333,19,1993
Chevrolet,Pickup 2500 4WD,18.8889,28,1993
Chevrolet,S10 Pickup 4WD,18.8889,26,1993
Chevrolet,S10 Pickup 4WD,18,27,1993
Nissan,Truck 4WD,20,28,1993
Nissan,Truck 4WD,17,24,1993
Nissan,Truck 4WD,17,24.359,1993
Dodge,Dakota Pickup 4WD,16,23,1993
Dodge,Dakota Pickup 4WD,16.6667,24.359,1993
Dodge,Dakota Pickup 4WD,14,22,1993
Chevrolet,Suburban C10 2WD,14,22,1985
Dodge,Power Ram 50 4WD,20,26,1993
Dodge,Power Ram 50 4WD,21,28,1993
Dodge,W100/W150 Pickup 4WD,15,22,1993
Dodge,W100/W150 Pickup 4WD,14,22,1993
Dodge,W100/W150 Pickup 4WD,13.3333,21,1993
Dodge,W100/W150 Pickup 4WD,14.4444,21,1993
Dodge,W100/W150 Pickup 4WD,12.2222,19,1993
Dodge,W100/W150 Pickup 4WD,12,18,1993
Dodge,W250 Pickup 4WD,13,21,1993
Dodge,W250 Pickup 4WD,14.4444,21,1993
Chevrolet,Suburban C10 2WD,19,30,1985
Dodge,W250 Pickup 4WD,12,19,1993
Dodge,W250 Pickup 4WD,12,18,1993
Jeep,Comanche Pickup 2WD,22,29,1993
Jeep,Comanche Pickup 2WD,21,29,1993
Jeep,Comanche Pickup 2WD,17,26.9231,1993
Jeep,Comanche Pickup 2WD,19,28,1993
Ford,F150 Pickup 4WD,16,23.0769,1993
Ford,F150 Pickup 4WD,17.7778,21.7949,1993
Ford,F150 Pickup 4WD,17,23,1993
Ford,F150 Pickup 4WD,15,23,1993
Chevrolet,S10 Blazer 2WD,23,33,1985
Ford,F150 Pickup 4WD,15,23,1993
Ford,F150 Pickup 4WD,14.4444,20,1993
Ford,F150 Pickup 4WD,14.4444,22,1993
Ford,F150 Pickup 4WD,13,20,1993
Ford,Ranger Pickup 4WD,24,33,1993
Ford,Ranger Pickup 4WD,20,28.2051,1993
Ford,Ranger Pickup 4WD,20,30.7692,1993
Ford,Ranger Pickup 4WD,18,27,1993
Ford,Ranger Pickup 4WD,20,29,1993
GMC,Sierra 1500 4WD,16.6667,23,1993
Chevrolet,S10 Blazer 2WD,24,33,1985
GMC,Sierra 1500 4WD,16.6667,24,1993
GMC,Sierra 1500 4WD,17.7778,25,1993
GMC,Sierra 1500 4WD,15,23,1993
GMC,Sierra 1500 4WD,14.4444,22,1993
GMC,Sierra 1500 4WD,14,21.7949,1993
GMC,Sierra 1500 4WD,14,21.7949,1993
GMC,Sierra 1500 4WD,13.3333,19,1993
GMC,Sierra 1500 4WD,18.8889,28,1993
GMC,Sierra 2500 4WD,16.6667,23.0769,1993
GMC,Sierra 2500 4WD,16,23,1993
Chevrolet,S10 Blazer 2WD,24.4444,36,1985
GMC,Sierra 2500 4WD,17,24,1993
GMC,Sierra 2500 4WD,15,23,1993
GMC,Sierra 2500 4WD,14,21.7949,1993
GMC,Sierra 2500 4WD,14,21.7949,1993
GMC,Sierra 2500 4WD,14,21.7949,1993
GMC,Sierra 2500 4WD,13.3333,19,1993
GMC,Sierra 2500 4WD,18.8889,28,1993
GMC,Sonoma 4WD,18,27,1993
GMC,Sonoma 4WD,18.8889,26,1993
GMC,Sonoma 4WD,18,27,1993
Dodge,Colt,41,53,1985
Chevrolet,S10 Blazer 2WD,19,32,1985
Isuzu,Pickup 4WD,19,26,1993
Isuzu,Pickup 4WD,17,24,1993
Mitsubishi,Truck 4WD,20,26,1993
Mitsubishi,Truck 4WD,21,28,1993
Mitsubishi,Truck 4WD,19,28,1993
Mazda,B2600i 4x4,19,26,1993
Mazda,B2600i 4x4,20,26,1993
Toyota,Truck 4WD/T100 4WD,20,24.359,1993
Toyota,Truck 4WD/T100 4WD,21,28,1993
Toyota,Truck 4WD/T100 4WD,14.4444,21.7949,1993
Chevrolet,S10 Blazer 2WD,20,32,1985
Toyota,Truck 4WD/T100 4WD,16,22,1993
Toyota,Truck 4WD/T100 4WD,16.6667,23,1993
Chevrolet,Astro AWD (cargo),17.7778,27,1993
Chevrolet,Astro 2WD (cargo),19,29,1993
Chevrolet,Astro 2WD (cargo),19,27,1993
Chevrolet,G10/20 Van 2WD,18,27,1993
Chevrolet,G10/20 Van 2WD,16,23.0769,1993
Chevrolet,G10/20 Van 2WD,16,24,1993
Chevrolet,G30 Van 2WD,18,27,1993
Chevrolet,G30 Van 2WD,16,24,1993
Chevrolet,S10 Blazer 2WD,18.8889,31,1985
Dodge,B150/B250 Van 2WD,16,22,1993
Dodge,B150/B250 Van 2WD,17,22,1993
Dodge,B150/B250 Van 2WD,15,24,1993
Dodge,B150/B250 Van 2WD,14,18,1993
Dodge,B150/B250 Van 2WD,14,21.7949,1993
Dodge,B150/B250 Van 2WD,13.3333,20,1993
Dodge,B350 Van 2WD,16.6667,21.7949,1993
Dodge,B350 Van 2WD,14,22,1993
Dodge,B350 Van 2WD,13,19.2308,1993
Ford,Aerostar Van,20,30.7692,1993
Dodge,AD100/AD150 Ramcharger 2WD,13,17,1985
Ford,Aerostar Van,21,32.0513,1993
Ford,Aerostar Van,18,28,1993
Ford,Aerostar Van AWD,18,27,1993
Ford,E150 Econoline 2WD,16,21,1993
Ford,E150 Econoline 2WD,16,24,1993
Ford,E150 Econoline 2WD,15,23,1993
Ford,E150 Econoline 2WD,15,23,1993
Ford,E150 Econoline 2WD,13,20,1993
Ford,E250 Econoline 2WD,14.4444,19,1993
Ford,E250 Econoline 2WD,15,23,1993
Dodge,AD100/AD150 Ramcharger 2WD,13,18,1985
Ford,E250 Econoline 2WD,12,19,1993
GMC,Vandura G15/25 2WD,18,27,1993
GMC,Vandura G15/25 2WD,16,23.0769,1993
GMC,Vandura G15/25 2WD,16,24,1993
GMC,Vandura G35 2WD,18,27,1993
GMC,Vandura G35 2WD,16,24,1993
GMC,Safari AWD (cargo),17.7778,27,1993
GMC,Safari 2WD (cargo),19,29,1993
GMC,Safari 2WD (cargo),19,27,1993
Chevrolet,Astro AWD (passenger),17,25,1993
Dodge,AD100/AD150 Ramcharger 2WD,14.4444,21,1985
Chevrolet,Astro 2WD (passenger),17,26,1993
Chevrolet,Astro 2WD (passenger),18,27,1993
Chevrolet,Sport Van G10/20 2WD,17,24,1993
Chevrolet,Sport Van G10/20 2WD,14.4444,22,1993
Chevrolet,Sport Van G10/20 2WD,14,22,1993
Chevrolet,Sport Van G30 2WD,14,22,1993
Dodge,B150/B250 Wagon 2WD,15,21.7949,1993
Dodge,B150/B250 Wagon 2WD,16,22,1993
Dodge,B150/B250 Wagon 2WD,15,23,1993
Dodge,B150/B250 Wagon 2WD,13.3333,18,1993
Dodge,AD100/AD150 Ramcharger 2WD,12,16.6667,1985
Dodge,B150/B250 Wagon 2WD,14,22,1993
Dodge,B150/B250 Wagon 2WD,13,19,1993
Dodge,B350 Wagon 2WD,13,19.2308,1993
Dodge,B350 Wagon 2WD,12.2222,18,1993
Ford,Aerostar Wagon,19,30,1993
Ford,Aerostar Wagon,19,30.7692,1993
Ford,Aerostar Wagon,18,28,1993
Ford,Aerostar Wagon AWD,17,25,1993
Ford,E150 Club Wagon,15,23,1993
Ford,E150 Club Wagon,14.4444,22,1993
Dodge,Caravan/Ram Van 2WD,20,26,1985
Ford,E150 Club Wagon,14,21,1993
Ford,E150 Club Wagon,12,19,1993
GMC,Rally G15/25 2WD,17,24,1993
GMC,Rally G15/25 2WD,14.4444,22,1993
GMC,Rally G15/25 2WD,14,22,1993
GMC,Rally G35 2WD,14,22,1993
GMC,Safari AWD (passenger),17,25,1993
GMC,Safari 2WD (passenger),17,26,1993
GMC,Safari 2WD (passenger),18,27,1993
Toyota,Previa,19,28,1993
Dodge,Caravan/Ram Van 2WD,21,28,1985
Toyota,Previa,20,28,1993
Toyota,Previa All-Trac,19,26.9231,1993
Volkswagen,Eurovan,19,24.359,1993
Volkswagen,Eurovan,19,27,1993
Chevrolet,Lumina/APV Minivan 2WD,20,29,1993
Chevrolet,Lumina/APV Minivan 2WD,19,32.0513,1993
Chevrolet,Suburban 1500 2WD,14,22,1993
Chevrolet,S10 Blazer 2WD,19,30,1993
Chevrolet,S10 Blazer 2WD,20,30,1993
Nissan,Pathfinder 2WD,18.8889,26,1993
Dodge,Caravan/Ram Van 2WD,26,37,1985
Nissan,Pathfinder 2WD,17,24,1993
Nissan,Quest,19,29,1993
Chrysler,Town and Country 2WD,20,30,1993
Dodge,Caravan C/V/Grand Caravan 2WD,22,33,1993
Dodge,Caravan C/V/Grand Caravan 2WD,22,39,1993
Dodge,Caravan C/V/Grand Caravan 2WD,21,31,1993
Dodge,Caravan C/V/Grand Caravan 2WD,20,30,1993
Dodge,Caravan/Grand Caravan 2WD,22,33,1993
Dodge,Caravan/Grand Caravan 2WD,22,39,1993
Dodge,Caravan/Grand Caravan 2WD,21,31,1993
Dodge,Colt,34.4444,49,1985
Dodge,Caravan/Ram Van 2WD,26.6667,37,1985
Dodge,Caravan/Grand Caravan 2WD,20,30,1993
Dodge,Ramcharger 2WD,14,21.7949,1993
Dodge,Ramcharger 2WD,13.3333,21,1993
Jeep,Cherokee 2WD,22,30,1993
Jeep,Cherokee 2WD,17,26.9231,1993
Jeep,Cherokee 2WD,19,28,1993
Ford,Explorer 2WD,18,28,1993
Ford,Explorer 2WD,20,30,1993
Mercury,Villager FWD Van,19,29,1993
Mercury,Villager FWD Wagon,19,29,1993
Dodge,Caravan/Ram Van 2WD,23,35,1985
Geo,Tracker Convertible 2WD,25,31,1993
Geo,Tracker Convertible 2WD,27.7778,34,1993
GMC,Suburban 1500 2WD,14,22,1993
GMC,Jimmy 2WD,19,30,1993
GMC,Jimmy 2WD,20,30,1993
Isuzu,Amigo 2WD,20,26.9231,1993
Isuzu,Amigo 2WD,19,26,1993
Isuzu,Amigo 2WD,19,26.9231,1993
Isuzu,Rodeo 2WD,20,27,1993
Mazda,MPV,20,31,1993
Dodge,Caravan/Ram Van 2WD,22,35,1985
Mazda,MPV,18,27,1993
Pontiac,Trans Sport 2WD,20,29,1993
Pontiac,Trans Sport 2WD,19,32.0513,1993
Plymouth,Voyager/Grand Voyager 2WD,22,33,1993
Plymouth,Voyager/Grand Voyager 2WD,22,39,1993
Plymouth,Voyager/Grand Voyager 2WD,21,31,1993
Plymouth,Voyager/Grand Voyager 2WD,20,30,1993
Suzuki,Samurai 2WD,31,37,1993
Suzuki,Sidekick Hardtop 2WD,26.6667,33,1993
Suzuki,Sidekick Hardtop 2WD,25,33,1993
Dodge,Caravan/Ram Van 2WD,20,27,1985
Suzuki,Sidekick 2WD,25,31,1993
Suzuki,Sidekick 2WD,27.7778,34,1993
Oldsmobile,Silhouette 2WD,20,29,1993
Oldsmobile,Silhouette 2WD,19,32.0513,1993
Toyota,4Runner 2WD,18.8889,26.9231,1993
Chevrolet,Blazer 1500 4WD,14,21,1993
Chevrolet,Blazer 1500 4WD,14,22,1993
Chevrolet,Suburban 1500 4WD,13,20,1993
Chevrolet,S10 Blazer 4WD,18,27,1993
Chevrolet,S10 Blazer 4WD,18,27,1993
"E. P. Dutton, Inc.",Funeral Coach,18,29,1985
Nissan,Pathfinder 4WD,17,23,1993
Nissan,Pathfinder 4WD,17,23,1993
Chrysler,Town and Country 4WD,19,28,1993
Dodge,Caravan/Grand Caravan 4WD,19,28,1993
Dodge,Ramcharger 4WD,13,21,1993
Dodge,Ramcharger 4WD,12,19,1993
Jeep,Cherokee 4WD,21,28.2051,1993
Jeep,Cherokee 4WD,16.6667,25,1993
Jeep,Cherokee 4WD,18,25,1993
Jeep,Grand Cherokee 4WD,17,26,1993
GMC,C15 Suburban 2WD,15,21.7949,1985
Jeep,Grand Cherokee 4WD,17,26,1993
Jeep,Grand Cherokee 4WD,18,27,1993
Jeep,Grand Cherokee 4WD,18,27,1993
Jeep,Grand Cherokee 4WD,15,23.0769,1993
Jeep,Wrangler 4WD,20,26,1993
Jeep,Wrangler 4WD,16.6667,20,1993
Jeep,Wrangler 4WD,18,25,1993
Ford,Bronco 4WD,15,23,1993
Ford,Bronco 4WD,14.4444,22,1993
Ford,Bronco 4WD,13,20,1993
GMC,C15 Suburban 2WD,14,22,1985
Ford,Explorer 4WD,17,25,1993
Ford,Explorer 4WD,19,28,1993
Geo,Tracker Convertible 4WD,25,31,1993
Geo,Tracker Convertible 4WD,27.7778,34,1993
Geo,Tracker Van 4WD,25,31,1993
Geo,Tracker Van 4WD,27.7778,34,1993
GMC,Jimmy 4WD,18,27,1993
GMC,Jimmy 4WD,18,27,1993
GMC,Suburban 1500 4WD,13,20,1993
GMC,Yukon 1500 4WD,14,21,1993
GMC,C15 Suburban 2WD,19,30,1985
GMC,Yukon 1500 4WD,14,22,1993
Isuzu,Amigo 4WD,20,27,1993
Isuzu,Trooper,16.6667,23,1993
Isuzu,Trooper,17,23,1993
Isuzu,Trooper,17,22,1993
Isuzu,Trooper,18,23.0769,1993
Land Rover,Defender 110,11,15,1993
Land Rover,Range Rover County,13,19,1993
Land Rover,Range Rover County LWB,13.3333,19,1993
Mitsubishi,Montero,17,23,1993
GMC,S15 Jimmy 2WD,23,33,1985
Mitsubishi,Montero,16.6667,23,1993
Mazda,MPV 4x4,16.6667,24,1993
Mazda,Navajo,18,27,1993
Mazda,Navajo,19,29,1993
Mazda,Navajo 4x4,17,25,1993
Mazda,Navajo 4x4,19,28,1993
"PAS, Inc",Pas-Typhoon,16,23,1993
Plymouth,Voyager/Grand Voyager 4WD,19,28,1993
Subaru,Loyale AWD,24.4444,30,1993
Subaru,Loyale AWD,27,37,1993
GMC,S15 Jimmy 2WD,24,33,1985
Subaru,Loyale Wagon AWD,24.4444,28.2051,1993
Subaru,Loyale Wagon AWD,27,37,1993
Suzuki,Samurai Soft-top 4WD,31,37,1993
Suzuki,Sidekick Hardtop 4WD,25,31,1993
Suzuki,Sidekick Hardtop 4WD,24,33,1993
Suzuki,Sidekick Hardtop 4WD,24,33,1993
Suzuki,Sidekick Hardtop 4WD,25,33,1993
Suzuki,Sidekick Hardtop 4WD,27.7778,34,1993
Suzuki,Sidekick Hardtop 4WD,26.6667,33,1993
Suzuki,Sidekick Soft-top 4WD,25,31,1993
Dodge,Colt,26.6667,33.3333,1985
GMC,S15 Jimmy 2WD,24.4444,36,1985
Suzuki,Sidekick Soft-top 4WD,27.7778,34,1993
Oldsmobile,Bravada AWD,17.7778,27,1993
Toyota,Land Cruiser Wagon 4WD,13.3333,19,1993
Toyota,4Runner 4WD,20,24.359,1993
Toyota,4Runner 4WD,21,28,1993
Toyota,4Runner 4WD,15,20,1993
Toyota,4Runner 4WD,16,23,1993
Cadillac,Commercial Chassis,17,30,1993
Chevrolet,Coachbuilder Wagon,18,32,1993
Chevrolet,Postal Cab Chassis 2WD,18,20,1993
GMC,S15 Jimmy 2WD,19,32,1985
Dodge,Dakota Cab Chassis 2WD,14,18,1993
Dodge,Dakota Cab Chassis 2WD,13,18,1993
Dodge,Dakota Cab Chassis 2WD,14,21.7949,1993
Dodge,D250 Cab Chassis 2WD,13,19.2308,1993
Buick,Coachbuilder Wagon,18,32,1993
Toyota,Cab/Chassis 2WD,12.2222,14,1993
Toyota,Cab/Chassis 2WD,12.2222,15,1993
Acura,NSX,20,30,1994
Acura,NSX,21,30.7692,1994
Alfa Romeo,Spider,24,38,1994
GMC,S15 Jimmy 2WD,20,32,1985
Chevrolet,Corvette,19,32,1994
Chevrolet,Corvette,18.8889,31,1994
Chevrolet,Corvette,19,34,1994
Nissan,300ZX,20,30,1994
Nissan,300ZX,20,30,1994
Nissan,300ZX,20,30.7692,1994
Nissan,300ZX,20,31,1994
Dodge,Viper,15,28,1994
Ferrari,Ferrari 348 TB/TS/Spider,14,23,1994
Ferrari,Ferrari 348 TB/TS/Spider,14,23.0769,1994
GMC,S15 Jimmy 2WD,18.8889,31,1985
Ferrari,Ferrari 512 TR,12,20,1994
Honda,Civic Del Sol,32,46,1994
Honda,Civic Del Sol,39,53,1994
Honda,Civic Del Sol,29,42.3077,1994
Honda,Civic Del Sol,32,45,1994
Honda,Civic Del Sol,29,39,1994
Jaguar,XJS Convertible,16,26.9231,1994
Lotus,Esprit Turbo,19,35,1994
Mazda,MX-5 Miata,25,36,1994
Mazda,MX-5 Miata,24,35,1994
Grumman Olson,Kubvan,33.3333,38,1985
Mazda,RX-7,20,31,1994
Mazda,RX-7,19,32,1994
Mercedes-Benz,SL320,19,30.7692,1994
Mercedes-Benz,SL500,17.7778,26,1994
Mercedes-Benz,SL600,14,22,1994
Porsche,911 Carrera 4/2,18,30,1994
Porsche,911 Carrera 4/2,18.8889,32,1994
Porsche,911 Carrera 4/2,17.7778,29,1994
Porsche,968,18,32.0513,1994
Porsche,968,19,33,1994
Grumman Olson,Kubvan,38.8889,45,1985
Toyota,MR2,22.2222,35,1994
Toyota,MR2,23.3333,38,1994
Toyota,MR2,24,37,1994
Audi,Cabriolet,20,33,1994
BMW,318i Convertible,23,37,1994
BMW,318i Convertible,24,40,1994
BMW,325i Convertible,22,35.8974,1994
BMW,325i Convertible,21,36,1994
Mercury,Capri,25,33,1994
Mercury,Capri,26,36,1994
Jeep,Cherokee/Wagoneer,22,28,1985
Mercury,Capri,27.7778,39.7436,1994
Mercedes-Benz,E320 Convertible,20,30,1994
Porsche,911 Carrera 4/2,18,30,1994
Porsche,911 Carrera 4/2,17.7778,29,1994
Porsche,911 Carrera 4/2,18.8889,32,1994
Porsche,911 Turbo,14.4444,27,1994
Porsche,928 GTS,16.6667,24,1994
Porsche,928 GTS,13.3333,24,1994
Porsche,968,18,32.0513,1994
Porsche,968,19,33,1994
Jeep,Cherokee/Wagoneer,25,34,1985
Toyota,Paseo,29,41,1994
Toyota,Paseo,31,44,1994
Toyota,Supra,21,30,1994
Toyota,Supra,20,31,1994
Toyota,Supra,20,30,1994
Toyota,Supra,19,30,1994
Acura,Integra,28,39.7436,1994
Acura,Integra,26.6667,40,1994
Acura,Integra,28,40,1994
Audi,90 quattro,21,31,1994
Jeep,Cherokee/Wagoneer,22,31,1985
BMW,318i/318is,24,39,1994
BMW,318i/318is,23,37,1994
BMW,318i/318is,24,38,1994
BMW,318i/318is,24.4444,41.0256,1994
BMW,325i/325is,22,35.8974,1994
BMW,325i/325is,21,36,1994
BMW,850ci,13.3333,23,1994
BMW,850csi,13,26,1994
Chevrolet,Camaro,21,36,1994
Chevrolet,Camaro,21.1111,36,1994
Jeep,Cherokee/Wagoneer,23,33,1985
Chevrolet,Camaro,18.8889,31,1994
Chevrolet,Camaro,19,33.3333,1994
Chevrolet,Cavalier,25,42,1994
Chevrolet,Cavalier,27.7778,46,1994
Chevrolet,Cavalier,22,35.8974,1994
Chevrolet,Cavalier,21,36,1994
Chevrolet,Sprint,40,51,1994
Chevrolet,Sprint,51,64,1994
Chrysler,LeBaron Convertible,22,36,1994
Nissan,Sentra,29,44.8718,1994
Dodge,Colt,26.6667,33.3333,1985
Jeep,Cherokee/Wagoneer,18,23,1985
Nissan,Sentra,32,48.7179,1994
Nissan,Sentra,26,38,1994
Nissan,Sentra,26,39.7436,1994
Nissan,300ZX 2x2,20,30,1994
Nissan,300ZX 2x2,20,30.7692,1994
Dodge,Colt,31,41.0256,1994
Dodge,Colt,36,50,1994
Dodge,Colt,29,42.3077,1994
Dodge,Colt,29,42.3077,1994
Dodge,Stealth,20,31,1994
Jeep,Cherokee/Wagoneer,18,28,1985
Dodge,Stealth,20,29,1994
Dodge,Stealth,21,31,1994
Dodge,Stealth,21,32,1994
Dodge,Stealth,20,31,1994
Eagle,Summit,31,41.0256,1994
Eagle,Summit,36,50,1994
Eagle,Summit,29,42.3077,1994
Eagle,Summit,29,42.3077,1994
Eagle,Talon,26,39,1994
Eagle,Talon,26,41,1994
Plymouth,Voyager 2WD,20,26,1985
Eagle,Talon,21,27,1994
Eagle,Talon,21,30,1994
Eagle,Talon,24,35,1994
Eagle,Talon,22,32,1994
Eagle,Talon,24,37,1994
Eagle,Talon,23.3333,36,1994
Ferrari,Ferrari Mondial T/Cabriolet,14,22,1994
Ferrari,Ferrari Mondial T/Cabriolet,13,22,1994
Ford,Aspire,32.2222,43,1994
Ford,Aspire,40,55,1994
Plymouth,Voyager 2WD,21,28,1985
Ford,Mustang,21.1111,37,1994
Ford,Mustang,22.2222,38,1994
Ford,Mustang,19,32.0513,1994
Ford,Mustang,19,32,1994
Ford,Probe,24.4444,40,1994
Ford,Probe,28.8889,42.3077,1994
Ford,Probe,22,33,1994
Ford,Probe,23,33.3333,1994
Geo,Metro,40,50,1994
Geo,Metro,51,63,1994
Plymouth,Voyager 2WD,22,35,1985
Geo,Metro XFI,59.1553,74.7877,1994
Honda,Civic,32,46,1994
Honda,Civic,47,59,1994
Honda,Civic,44,58,1994
Honda,Civic,38,51,1994
Honda,Civic,29,42.3077,1994
Honda,Civic,32,45,1994
Honda,Civic HB VX,52,72,1994
Honda,Civic HB VX,49,65,1994
Honda,Prelude,25,36,1994
Plymouth,Voyager 2WD,23,35,1985
Honda,Prelude,24,33,1994
Honda,Prelude,26,37,1994
Honda,Prelude,24,35,1994
Honda,Prelude,24.4444,33.3333,1994
Hyundai,Excel,30,45,1994
Hyundai,Excel,31,46,1994
Hyundai,Scoupe,29,42,1994
Hyundai,Scoupe,29,42,1994
Hyundai,Scoupe,28.8889,40,1994
Infiniti,J30,20,30,1994
Plymouth,Voyager 2WD,20,27,1985
Jaguar,XJS Coupe,19,30,1994
Jaguar,XJS Coupe,19,29,1994
Jaguar,XJS V12 Coupe,13,20,1994
Lexus,SC 300/SC 400,19,29,1994
Lexus,SC 300/SC 400,20,30,1994
Lexus,SC 300/SC 400,20,30,1994
Mazda,MX-3,28,44,1994
Mazda,MX-3,32.2222,48,1994
Mazda,MX-3,22.2222,35,1994
Mazda,MX-3,25,37,1994
American Motors Corporation,Eagle 4DR Wagon,18,24,1985
Mazda,MX-6,25,39.7436,1994
Mazda,MX-6,29,43,1994
Mazda,MX-6,22.2222,33,1994
Mazda,MX-6,23,33.3333,1994
Mercedes-Benz,E320 Coupe,21,32,1994
Mitsubishi,Mirage,31,41.0256,1994
Mitsubishi,Mirage,36,50,1994
Mitsubishi,Mirage,29,42.3077,1994
Mitsubishi,Mirage,29,42.3077,1994
Mitsubishi,Eclipse,26,39,1994
American Motors Corporation,Eagle 4DR Wagon,19,27,1985
Mitsubishi,Eclipse,26,41,1994
Mitsubishi,Eclipse,21,27,1994
Mitsubishi,Eclipse,21,30,1994
Mitsubishi,Eclipse,24,35,1994
Mitsubishi,Eclipse,23.3333,36,1994
Mitsubishi,Eclipse,24,37,1994
Mitsubishi,Eclipse,22,32,1994
Mitsubishi,3000 GT,20,31,1994
Mitsubishi,3000 GT,21,32,1994
Mitsubishi,3000 GT,20,31,1994
Chevrolet,K10 Blazer 4WD,15,21,1985
Plymouth,Colt,31,41.0256,1994
Plymouth,Colt,36,50,1994
Plymouth,Colt,29,42.3077,1994
Plymouth,Colt,29,42.3077,1994
Plymouth,Laser,26,39,1994
Plymouth,Laser,26,41,1994
Plymouth,Laser,21,30,1994
Plymouth,Laser,21,27,1994
Plymouth,Laser,24,35,1994
Plymouth,Laser,22,32,1994
Dodge,Colt,27,39,1985
Chevrolet,K10 Blazer 4WD,15,22,1985
Plymouth,Laser,24,37,1994
Plymouth,Laser,23.3333,36,1994
Pontiac,Firebird/Formula,21,36,1994
Pontiac,Firebird/Formula,21.1111,36,1994
Pontiac,Firebird/Formula,19,32,1994
Pontiac,Firebird/Formula,19,34,1994
Pontiac,Firefly,40,51,1994
Pontiac,Firefly,51,64,1994
Pontiac,Sunbird,26,40,1994
Pontiac,Sunbird,28,45,1994
Chevrolet,K10 Blazer 4WD,19,27,1985
Pontiac,Sunbird,22,35.8974,1994
Pontiac,Sunbird,21,36,1994
Rolls-Royce,Continental,11.1111,19,1994
Rolls-Royce,Corniche IV,11.1111,19,1994
Saab,Convertible,20,26.9231,1994
Saab,Convertible,22,33,1994
Saab,Convertible,22.2222,33.3333,1994
Saab,Convertible,20,27,1994
Saab,Convertible,22,33,1994
Saturn,SC,29,45,1994
Chevrolet,Suburban K10 4WD,13,20,1985
Saturn,SC,26,41.0256,1994
Saturn,SC,31,48,1994
Saturn,SC,28,43,1994
Subaru,Impreza,26.6667,38,1994
Subaru,Impreza,27.7778,40,1994
Subaru,Impreza AWD,24.4444,35.8974,1994
Subaru,Impreza AWD,26.6667,36,1994
Subaru,Justy,37,47,1994
Subaru,Justy AWD,31,41,1994
Subaru,SVX,19,32,1994
Chevrolet,Suburban K10 4WD,12.2222,17.9487,1985
Subaru,SVX AWD,19,32,1994
Suzuki,Swift,32,43,1994
Suzuki,Swift,41.1111,56,1994
Suzuki,Swift GT,31.1111,44.8718,1994
Toyota,Celica,28.8889,41.0256,1994
Toyota,Celica,30,44,1994
Toyota,Celica,26,38,1994
Toyota,Celica,26,37.1795,1994
Toyota,Tercel,29,37,1994
Toyota,Tercel,34.4444,46.1538,1994
Chevrolet,Suburban K10 4WD,18,27,1985
Toyota,Tercel,31,43,1994
Volkswagen,Corrado SLC,20,32,1994
Volkswagen,Corrado SLC,20,31,1994
Acura,Legend,20,29,1994
Acura,Legend,21,31,1994
Acura,Legend,20,32,1994
Acura,Legend,20,33,1994
Acura,Vigor,22,33,1994
Acura,Vigor,22,34,1994
Alfa Romeo,164,17,28,1994
Chevrolet,T10 (S10) Blazer 4WD,22,29,1985
Alfa Romeo,164,19,31,1994
Audi,S4,20,30,1994
Audi,V8,16,25,1994
Audi,100,20,31,1994
Audi,100,21,31,1994
Audi,100 quattro,20,29,1994
Audi,100 quattro,20,31,1994
Audi,90,20,33,1994
Audi,90,22,33,1994
BMW,525i,20,32,1994
Chevrolet,T10 (S10) Blazer 4WD,23,32,1985
BMW,525i,21,36,1994
BMW,530i,18.8889,33,1994
BMW,530i,18,30.7692,1994
BMW,530i,18,32,1994
BMW,530i,18,29,1994
BMW,540i,18,29,1994
Buick,Skylark,24,41.0256,1994
Buick,Skylark,24,40,1994
Buick,Skylark,22,37,1994
Chevrolet,Beretta,27.7778,39.7436,1994
Chevrolet,T10 (S10) Blazer 4WD,23.3333,33.3333,1985
Chevrolet,Beretta,27.7778,44,1994
Chevrolet,Beretta,23,38,1994
Chevrolet,Beretta,22,35.8974,1994
Chevrolet,Beretta,23,37.1795,1994
Chevrolet,Beretta,21,36,1994
Chevrolet,Corsica,27.7778,39.7436,1994
Chevrolet,Corsica,22,35.8974,1994
Chevrolet,Corsica,23,37.1795,1994
Chrysler,LeBaron,24.4444,35,1994
Chrysler,LeBaron,23,34,1994
Chevrolet,T10 (S10) Blazer 4WD,19,30,1985
Chrysler,LeBaron,22,36,1994
Nissan,Altima / Stanza,23.3333,37,1994
Nissan,Altima / Stanza,27,39,1994
Dodge,Shadow,26,38,1994
Dodge,Shadow,29,42,1994
Dodge,Shadow,24.4444,35,1994
Dodge,Shadow,27,37.1795,1994
Dodge,Shadow,21,31,1994
Dodge,Shadow,19,32,1994
Ford,Escort,26,38,1994
Chevrolet,T10 (S10) Blazer 4WD,18,30,1985
Ford,Escort,29,40,1994
Ford,Escort,29,45,1994
Ford,Escort,33,48.7179,1994
Ford,Tempo,24,35,1994
Ford,Tempo,26.6667,42,1994
Ford,Tempo,22,30,1994
Ford,Tempo,23,36,1994
Geo,Prizm,29,37,1994
Geo,Prizm,30,43,1994
Geo,Prizm,28.8889,41.0256,1994
Dodge,Colt,27,39,1985
Chevrolet,T10 (S10) Blazer 4WD,17,29,1985
Geo,Prizm,31,44,1994
Kia,Sephia,27.7778,38,1994
Kia,Sephia,30,42,1994
Honda,Accord,25,37.1795,1994
Honda,Accord,25,38,1994
Honda,Accord,28,40,1994
Honda,Accord,28,39.7436,1994
Hyundai,Elantra,24,37,1994
Hyundai,Elantra,25,36,1994
Hyundai,Elantra,23.3333,36,1994
Dodge,AW100/AW150 Ramcharger 4WD,12,17,1985
Hyundai,Precis,30,45,1994
Infiniti,G20,24.4444,36,1994
Infiniti,G20,26.6667,41.0256,1994
Jaguar,XJ12,13.3333,21,1994
Jaguar,XJ6,19,30.7692,1994
Lexus,ES 300,20,31,1994
Mercury,Topaz,24,35,1994
Mercury,Topaz,26.6667,42,1994
Mercury,Topaz,22,30,1994
Mercury,Topaz,23,36,1994
Dodge,AW100/AW150 Ramcharger 4WD,12,16,1985
Mercury,Tracer,26,38,1994
Mercury,Tracer,29,40,1994
Mercury,Tracer,29,45,1994
Mercury,Tracer,33,48.7179,1994
Mazda,Protege,27,40,1994
Mazda,Protege,25,37,1994
Mazda,Protege,31,46,1994
Mazda,Protege,27,38,1994
Mazda,323,29,42,1994
Mazda,323,28,41.0256,1994
Dodge,AW100/AW150 Ramcharger 4WD,10,16,1985
Mazda,323,32,46,1994
Mazda,323,31.1111,45,1994
Mercedes-Benz,C220,24.4444,36,1994
Mercedes-Benz,C280,22,33,1994
Mercedes-Benz,E320 Sedan,21,32,1994
Mercedes-Benz,E420,20,30.7692,1994
Mercedes-Benz,E500,17.7778,24.359,1994
Mercedes-Benz,S500 Coupe,16,25,1994
Mercedes-Benz,S600 Coupe,14,22,1994
Mitsubishi,Diamante,20,31,1994
Dodge,Colt Vista 4WD,21,32.0513,1985
Mitsubishi,Diamante,20,31,1994
Mitsubishi,Galant,22,33.3333,1994
Mitsubishi,Galant,24,36,1994
Mitsubishi,Galant,26,39,1994
Mitsubishi,Galant,24.4444,37.1795,1994
Oldsmobile,Achieva,24,41.0256,1994
Oldsmobile,Achieva,23,39,1994
Oldsmobile,Achieva,24,40,1994
Oldsmobile,Achieva,26,44.8718,1994
Oldsmobile,Achieva,23,38,1994
Dodge,Colt Vista 4WD,21.1111,32,1985
Oldsmobile,Achieva,22,37,1994
Plymouth,Sundance/Duster,26,38,1994
Plymouth,Sundance/Duster,29,42,1994
Plymouth,Sundance/Duster,24.4444,35,1994
Plymouth,Sundance/Duster,27,37.1795,1994
Plymouth,Sundance/Duster,21,31,1994
Plymouth,Sundance/Duster,19,32,1994
Pontiac,Grand Am,24,41.0256,1994
Pontiac,Grand Am,24,40,1994
Pontiac,Grand Am,23,37.1795,1994
Ford,Bronco II 4WD,30,37.1795,1985
Pontiac,Grand Am,23,38,1994
Pontiac,Grand Am,26,44.8718,1994
Pontiac,Grand Am,22,37,1994
Rolls-Royce,Continental R,11,20,1994
Saturn,SL,29,45,1994
Saturn,SL,26,41.0256,1994
Saturn,SL,28,43,1994
Saturn,SL,31,48,1994
Subaru,Legacy,24,37,1994
Subaru,Legacy,25,39.7436,1994
Ford,Bronco II 4WD,18,27,1985
Subaru,Legacy AWD,23,34,1994
Subaru,Legacy AWD,23,34,1994
Subaru,Legacy AWD Turbo,20,29,1994
Subaru,Legacy AWD Turbo,21,32,1994
Toyota,Corolla,29,37.1795,1994
Toyota,Corolla,30,43,1994
Toyota,Corolla,28.8889,41.0256,1994
Toyota,Corolla,30,44,1994
Volkswagen,Golf III,23,35.8974,1994
Volkswagen,Golf III,26.6667,40,1994
Ford,Bronco II 4WD,20,28,1985
Volkswagen,Jetta III,23,35,1994
Volkswagen,Jetta III,26,39.7436,1994
Volkswagen,Jetta III GLX,20,32,1994
Volkswagen,Passat,20,32,1994
Volkswagen,Passat,20,32,1994
BMW,740i,18,29,1994
BMW,740il,18,29,1994
BMW,750il,13.3333,23,1994
Buick,Century,27.7778,39.7436,1994
Buick,Century,21,37,1994
Ford,Bronco 4WD,16,18,1985
Buick,Regal,21,37,1994
Buick,Regal,21,36,1994
Cadillac,Eldorado,18,32,1994
Cadillac,Seville,18,32,1994
Chevrolet,Lumina,21,37,1994
Chevrolet,Lumina,19,33.3333,1994
Nissan,Maxima,21,33,1994
Nissan,Maxima,21,32,1994
Nissan,Maxima,23,33,1994
Dodge,Spirit,24.4444,35,1994
Ferrari,308,11,20,1985
Dodge,Conquest,21,31,1985
Ford,Bronco 4WD,18,27,1985
Dodge,Spirit,24.4444,33.3333,1994
Dodge,Spirit,27,37.1795,1994
Dodge,Spirit,23,34,1994
Dodge,Spirit,21,31,1994
Ford,Taurus,21.1111,36,1994
Ford,Taurus,22,37.1795,1994
Ford,Taurus SHO,20,33.3333,1994
Ford,Taurus SHO,20,33,1994
Ford,Taurus,21,35.8974,1994
Ford,Thunderbird,20,31,1994
Ford,Bronco 4WD,18.8889,23,1985
Ford,Thunderbird,21,33,1994
Ford,Thunderbird,20,33,1994
Ford,Thunderbird,20,32,1994
Hyundai,Sonata,23,35,1994
Hyundai,Sonata,22,34,1994
Hyundai,Sonata,20,30.7692,1994
Hyundai,Sonata (Y-3),23,36,1994
Hyundai,Sonata (Y-3),23.3333,37,1994
Hyundai,Sonata (Y-3),20,30.7692,1994
Infiniti,Q45,19,28,1994
Ford,Bronco 4WD,14.4444,22,1985
Infiniti,Q45 Full-Active Suspension,17,26.9231,1994
Lexus,GS 300,19,29,1994
Lexus,LS 400,20,30,1994
Mercury,Cougar,21,33,1994
Mercury,Cougar,20,32,1994
Lincoln,Mark VIII,20,32,1994
Mercury,Sable,22,37.1795,1994
Mercury,Sable,21,35.8974,1994
Mazda,626,25,39.7436,1994
Mazda,626,29,43,1994
Ford,Bronco 4WD,14,18,1985
Mazda,626,22.2222,33,1994
Mazda,626,23,33.3333,1994
Mazda,929,21,30.7692,1994
Oldsmobile,Cutlass Ciera,27.7778,39.7436,1994
Oldsmobile,Cutlass Ciera,21,37,1994
Oldsmobile,Cutlass Supreme,21,37,1994
Oldsmobile,Cutlass Supreme,19,33.3333,1994
Plymouth,Acclaim,24.4444,33.3333,1994
Plymouth,Acclaim,24.4444,35,1994
Plymouth,Acclaim,27,37.1795,1994
Ford,Bronco 4WD,12,16,1985
Plymouth,Acclaim,23,34,1994
Plymouth,Acclaim,21,31,1994
Pontiac,Grand Prix,21,37,1994
Pontiac,Grand Prix,19,33.3333,1994
Rolls-Royce,Brooklands and (LWB),11.1111,19,1994
Rolls-Royce,Turbo R/Turbo Rl,11,20,1994
Rolls-Royce,Silver Spirit III/Spur III,11.1111,19,1994
Saab,900,21,33.3333,1994
Saab,900,22,36,1994
Saab,900,21,32,1994
GMC,K15 Jimmy 4WD,15,21,1985
Saab,900,20,32,1994
Toyota,Camry,23,35.8974,1994
Toyota,Camry,25,38,1994
Toyota,Camry,20,32,1994
Volvo,850,21.1111,33.3333,1994
Volvo,850,22,35,1994
Volvo,850,22,36,1994
Volvo,940,21,30.7692,1994
Volvo,940,21,34,1994
Volvo,960,19,32,1994
GMC,K15 Jimmy 4WD,15,22,1985
Buick,LeSabre,21,36,1994
Buick,Park Avenue,19,34,1994
Buick,Park Avenue,21,35,1994
Buick,Roadmaster,19,32,1994
Cadillac,DeVille/Concourse,18,32,1994
Cadillac,DeVille/Concourse,18,33,1994
Cadillac,Fleetwood,19,32,1994
Chevrolet,Caprice/Impala,20,33.3333,1994
Chevrolet,Caprice/Impala,19,32,1994
Chrysler,Concorde,22,36,1994
GMC,K15 Jimmy 4WD,19,27,1985
Chrysler,Concorde,20,33,1994
Chrysler,New Yorker/LHS,20,33,1994
Dodge,Intrepid,22,36,1994
Dodge,Intrepid,20,33,1994
Eagle,Vision,22,36,1994
Eagle,Vision,20,33,1994
Ford,Crown Victoria Police,18.8889,30,1994
Ford,LTD Crown Victoria,20,32,1994
Lincoln,Continental,20,33.3333,1994
Mercury,Grand Marquis,20,32,1994
GMC,K15 Suburban 4WD,13,20,1985
Lincoln,Town Car,20,32,1994
Mercedes-Benz,S320,19,31,1994
Mercedes-Benz,S350D,23.3333,36,1994
Mercedes-Benz,S420,16.6667,25,1994
Mercedes-Benz,S500 Sedan,15,24,1994
Mercedes-Benz,S600 Sedan,13,20,1994
Oldsmobile,Eighty-Eight,21,36,1994
Oldsmobile,Ninety-Eight,19,34,1994
Oldsmobile,Ninety-Eight,21,35,1994
Pontiac,Bonneville,21,36,1994
GMC,K15 Suburban 4WD,12.2222,17.9487,1985
Pontiac,Bonneville,18.8889,32,1994
Rolls-Royce,Silver Spur III Limousine,11,18,1994
Saab,9000,20,33,1994
Saab,9000,19,34,1994
Saab,9000,23,37,1994
Saab,9000,22,36,1994
Saab,9000,21,35,1994
Audi,100 quattro Wagon,20,29,1994
Audi,100 Wagon,20,29,1994
BMW,525i Touring,20,32,1994
Dodge,Conquest,21,31,1985
GMC,K15 Suburban 4WD,18,27,1985
BMW,530i Touring,18.8889,33,1994
BMW,530i Touring,18,32,1994
Chevrolet,Cavalier Wagon,27.7778,39.7436,1994
Chevrolet,Cavalier Wagon,22,35.8974,1994
Ford,Escort Wagon,29,45,1994
Ford,Escort Wagon,33,48.7179,1994
Honda,Accord Wagon,23.3333,35,1994
Honda,Accord Wagon,25,37.1795,1994
Honda,Accord Wagon,26.6667,38,1994
Honda,Accord Wagon,28,39.7436,1994
GMC,T15 (S15) Jimmy 4WD,22,29,1985
Mercury,Tracer Wagon,29,45,1994
Mercury,Tracer Wagon,33,48.7179,1994
Saturn,SW,28,44.8718,1994
Saturn,SW,26,41.0256,1994
Saturn,SW,28,43,1994
Saturn,SW,31,48,1994
Subaru,Impreza Wagon,26.6667,38,1994
Subaru,Impreza Wagon,27.7778,40,1994
Subaru,Impreza Wagon AWD,24.4444,35.8974,1994
Subaru,Impreza Wagon AWD,26,36,1994
GMC,T15 (S15) Jimmy 4WD,23,32,1985
Subaru,Legacy Wagon,24,37,1994
Subaru,Legacy Wagon,25,39.7436,1994
Subaru,Legacy Wagon AWD,23,34,1994
Subaru,Legacy Wagon AWD,23,34,1994
Subaru,Legacy Wagon AWD Turbo,20,29,1994
Toyota,Corolla Wagon,28.8889,41.0256,1994
Toyota,Corolla Wagon,30,44,1994
Buick,Century Wagon,24.4444,37,1994
Buick,Century Wagon,21,37,1994
Eagle,Summit Wagon,26.6667,37.1795,1994
GMC,T15 (S15) Jimmy 4WD,23.3333,33.3333,1985
Eagle,Summit Wagon,27,37.1795,1994
Eagle,Summit Wagon,22,33.3333,1994
Eagle,Summit Wagon,21,30,1994
Eagle,Summit Wagon,24.4444,35,1994
Eagle,Summit Wagon,22.2222,31,1994
Ford,Taurus Wagon,22,37.1795,1994
Ford,Taurus Wagon,21,35.8974,1994
Mercury,Sable Wagon,22,37.1795,1994
Mercury,Sable Wagon,21,35.8974,1994
Mercedes-Benz,E320 Wagon,20,30.7692,1994
GMC,T15 (S15) Jimmy 4WD,19,30,1985
Mitsubishi,Expo,22,33.3333,1994
Mitsubishi,Expo,21,30,1994
Mitsubishi,Expo,24.4444,35,1994
Mitsubishi,Expo,22.2222,31,1994
Mitsubishi,Expo.LRV,26.6667,37.1795,1994
Mitsubishi,Expo.LRV,27,37.1795,1994
Mitsubishi,Expo.LRV,22,33.3333,1994
Mitsubishi,Expo.LRV,24.4444,35,1994
Oldsmobile,Cutlass Cruiser,21,37,1994
Mitsubishi,Diamante Wagon,20,31,1994
GMC,T15 (S15) Jimmy 4WD,18,30,1985
Plymouth,Colt Vista,26.6667,37.1795,1994
Plymouth,Colt Vista,27,37.1795,1994
Plymouth,Colt Vista,22,33.3333,1994
Plymouth,Colt Vista,21,30,1994
Plymouth,Colt Vista,24.4444,35,1994
Plymouth,Colt Vista,22.2222,31,1994
Toyota,Camry Wagon,23,35.8974,1994
Toyota,Camry Wagon,20,31,1994
Volkswagen,Passat Wagon,20,32,1994
Volkswagen,Passat Wagon,20,32,1994
GMC,T15 (S15) Jimmy 4WD,17,29,1985
Volvo,850 Wagon,21.1111,33.3333,1994
Volvo,850 Wagon,22,35,1994
Volvo,850 Wagon,22,36,1994
Volvo,940 Wagon,21,30.7692,1994
Volvo,940 Wagon,21,34,1994
Volvo,960 Wagon,19,32,1994
Buick,Roadmaster Wagon,19,32,1994
Chevrolet,Caprice/Impala Wagon,18.8889,32,1994
Chevrolet,Caprice/Impala Wagon,19,32,1994
Chevrolet,S10 Pickup 2WD,21,32.0513,1994
Isuzu,Trooper,21,27,1985
Chevrolet,S10 Pickup 2WD,25,36,1994
Chevrolet,S10 Pickup 2WD,19,31,1994
Chevrolet,S10 Pickup 2WD,20,30,1994
Chevrolet,S10 Pickup 2WD,20,30,1994
Chevrolet,S10 Pickup 2WD,20,32,1994
Nissan,Truck 2WD,23,33,1994
Nissan,Truck 2WD,25,34,1994
Nissan,Truck 2WD,20,30.7692,1994
Nissan,Truck 2WD,21.1111,30,1994
GMC,Sonoma 2WD,21,32.0513,1994
Jeep,Cherokee/Wagoneer,26,30,1985
GMC,Sonoma 2WD,24.4444,37,1994
GMC,Sonoma 2WD,19,31,1994
GMC,Sonoma 2WD,20,30,1994
GMC,Sonoma 2WD,20,32,1994
GMC,Sonoma 2WD,20,30,1994
Isuzu,Pickup 2WD,23.3333,32,1994
Isuzu,Pickup 2WD,24,31,1994
Isuzu,Pickup 2WD,22,30.7692,1994
Isuzu,Pickup 2WD,21,30,1994
Mitsubishi,Truck 2WD,21,29,1994
Jeep,Cherokee/Wagoneer,32,37,1985
Mitsubishi,Truck 2WD,23,32,1994
Chevrolet,C1500 Pickup 2WD,18.8889,27,1994
Chevrolet,C1500 Pickup 2WD,19,28.2051,1994
Chevrolet,C1500 Pickup 2WD,17,27,1994
Chevrolet,C1500 Pickup 2WD,18,28,1994
Chevrolet,C1500 Pickup 2WD,16,24,1994
Chevrolet,C1500 Pickup 2WD,16,24.359,1994
Chevrolet,C1500 Pickup 2WD,15,23,1994
Chevrolet,C1500 Pickup 2WD,15,24.359,1994
Chevrolet,C1500 Pickup 2WD,15,23.0769,1994
Dodge,Conquest,20,30,1985
Jeep,Cherokee/Wagoneer,20,27,1985
Chevrolet,C1500 Pickup 2WD,18.8889,27,1994
Chevrolet,C1500 Pickup 2WD,19,29,1994
Chevrolet,C1500 Pickup 2WD,21,30.7692,1994
Chevrolet,Pickup 2500 2WD,18,27,1994
Chevrolet,Pickup 2500 2WD,19,28,1994
Chevrolet,Pickup 2500 2WD,18,28,1994
Chevrolet,Pickup 2500 2WD,16,23,1994
Chevrolet,Pickup 2500 2WD,16,24,1994
Chevrolet,Pickup 2500 2WD,14.4444,22,1994
Chevrolet,Pickup 2500 2WD,14,23,1994
Jeep,Cherokee/Wagoneer,23,32,1985
Chevrolet,Pickup 2500 2WD,14,22,1994
Chevrolet,Pickup 2500 2WD,18,27,1994
Chevrolet,Pickup 2500 2WD,18,26,1994
Chevrolet,Pickup 2500 2WD,21,30,1994
Dodge,Dakota Pickup 2WD,25,35,1994
Dodge,Dakota Pickup 2WD,18,26,1994
Dodge,Dakota Pickup 2WD,19,28.2051,1994
Dodge,Dakota Pickup 2WD,16,23.0769,1994
Dodge,Dakota Pickup 2WD,16.6667,25,1994
Dodge,Ram 1500 Pickup 2WD,17,24,1994
Jeep,Cherokee/Wagoneer,20,29,1985
Dodge,Ram 1500 Pickup 2WD,18.8889,26.9231,1994
Dodge,Ram 1500 Pickup 2WD,14.4444,22,1994
Dodge,Ram 1500 Pickup 2WD,15,24,1994
Dodge,Ram 1500 Pickup 2WD,13,21,1994
Dodge,Ram 2500 Pickup 2WD,14,22,1994
Dodge,Ram 2500 Pickup 2WD,14,20,1994
Dodge,Ram 2500 Pickup 2WD,13,21,1994
Dodge,Ram 2500 Pickup 2WD,14,21,1994
Ford,F150 Pickup 2WD,17,25,1994
Ford,F150 Pickup 2WD,17,25,1994
Jeep,Cherokee/Wagoneer,21,29,1985
Ford,F150 Pickup 2WD,16.6667,25,1994
Ford,F150 Pickup 2WD,16.6667,23.0769,1994
Ford,F150 Pickup 2WD,14,23,1994
Ford,F250 Pickup 2WD,16,23,1994
Ford,F250 Pickup 2WD,17,25,1994
Ford,F250 Pickup 2WD,14.4444,23,1994
Ford,F250 Pickup 2WD,16.6667,23.0769,1994
Ford,F250 Pickup 2WD,14,22,1994
Ford,Lightning F150 2WD,13,20,1994
Ford,Ranger Pickup 2WD,23,31,1994
Jeep,Cherokee/Wagoneer,18,23,1985
Ford,Ranger Pickup 2WD,24.4444,34,1994
Ford,Ranger Pickup 2WD,20,30,1994
Ford,Ranger Pickup 2WD,21,32,1994
Ford,Ranger Pickup 2WD,18,27,1994
Ford,Ranger Pickup 2WD,20,30.7692,1994
GMC,Sierra 1500 2WD,19,27,1994
GMC,Sierra 1500 2WD,19,28.2051,1994
GMC,Sierra 1500 2WD,17,27,1994
GMC,Sierra 1500 2WD,18,28,1994
GMC,Sierra 1500 2WD,16,24,1994
Jeep,Cherokee/Wagoneer,18,26,1985
GMC,Sierra 1500 2WD,16,24.359,1994
GMC,Sierra 1500 2WD,15,23,1994
GMC,Sierra 1500 2WD,15,24.359,1994
GMC,Sierra 1500 2WD,15,23.0769,1994
GMC,Sierra 1500 2WD,19,29,1994
GMC,Sierra 1500 2WD,18.8889,27,1994
GMC,Sierra 1500 2WD,21,30.7692,1994
GMC,Sierra 2500 2WD,18,27,1994
GMC,Sierra 2500 2WD,21,30.7692,1994
GMC,Sierra 2500 2WD,18,27,1994
Jeep,CJ7,21,26,1985
GMC,Sierra 2500 2WD,19,28,1994
GMC,Sierra 2500 2WD,18,28,1994
GMC,Sierra 2500 2WD,16,24,1994
GMC,Sierra 2500 2WD,14.4444,22,1994
GMC,Sierra 2500 2WD,14,23,1994
GMC,Sierra 2500 2WD,14,22,1994
GMC,Sierra 2500 2WD,18,26,1994
Mazda,B2300/B3000/B4000 Pickup 2WD,23,31,1994
Mazda,B2300/B3000/B4000 Pickup 2WD,24.4444,33.3333,1994
Mazda,B2300/B3000/B4000 Pickup 2WD,21,31,1994
Jeep,CJ7,21,26,1985
Mazda,B2300/B3000/B4000 Pickup 2WD,21,31,1994
Mazda,B2300/B3000/B4000 Pickup 2WD,19,29,1994
Mazda,B2300/B3000/B4000 Pickup 2WD,20,31,1994
Toyota,T100 2WD,23,32,1994
Toyota,T100 2WD,18,25,1994
Toyota,T100 2WD,18,27,1994
Toyota,Truck 2WD,24.4444,32,1994
Toyota,Truck 2WD,24.4444,35,1994
Toyota,Truck 2WD,20,28.2051,1994
Toyota,Truck 2WD,18,27,1994
Jeep,CJ7,18,23,1985
Chevrolet,K1500 Pickup 4WD,17,25,1994
Chevrolet,K1500 Pickup 4WD,16.6667,24,1994
Chevrolet,K1500 Pickup 4WD,18,24.359,1994
Chevrolet,K1500 Pickup 4WD,15,23.0769,1994
Chevrolet,K1500 Pickup 4WD,14.4444,22,1994
Chevrolet,K1500 Pickup 4WD,14,21.7949,1994
Chevrolet,K1500 Pickup 4WD,14,22,1994
Chevrolet,K1500 Pickup 4WD,13.3333,19.2308,1994
Chevrolet,K1500 Pickup 4WD,18,25,1994
Chevrolet,K1500 Pickup 4WD,17,24,1994
Jeep,CJ7,19,24.359,1985
Chevrolet,K1500 Pickup 4WD,18.8889,27,1994
Chevrolet,Pickup 2500 4WD,16.6667,23,1994
Chevrolet,Pickup 2500 4WD,16,23.0769,1994
Chevrolet,Pickup 2500 4WD,17.7778,24,1994
Chevrolet,Pickup 2500 4WD,14.4444,22,1994
Chevrolet,Pickup 2500 4WD,14,21.7949,1994
Chevrolet,Pickup 2500 4WD,13.3333,20,1994
Chevrolet,Pickup 2500 4WD,13.3333,21,1994
Chevrolet,Pickup 2500 4WD,13.3333,19.2308,1994
Chevrolet,Pickup 2500 4WD,18,25,1994
Dodge,Conquest,21,31,1985
Jeep,CJ7,19,27,1985
Chevrolet,Pickup 2500 4WD,17,23.0769,1994
Chevrolet,Pickup 2500 4WD,18.8889,27,1994
Chevrolet,S10 Pickup 4WD,20,28,1994
Chevrolet,S10 Pickup 4WD,18.8889,28,1994
Chevrolet,S10 Pickup 4WD,19,28,1994
Chevrolet,S10 Pickup 4WD,18,27,1994
Nissan,Truck 4WD,20,28,1994
Nissan,Truck 4WD,17.7778,24.359,1994
Nissan,Truck 4WD,17,24.359,1994
Dodge,Dakota Pickup 4WD,17.7778,24,1994
Jeep,Grand Wagoneer,16.6667,21,1985
Dodge,Dakota Pickup 4WD,17.7778,25,1994
Dodge,Dakota Pickup 4WD,14.4444,22,1994
Dodge,Dakota Pickup 4WD,16,23,1994
Dodge,Ram 1500 Pickup 4WD,13.3333,20,1994
Dodge,Ram 1500 Pickup 4WD,14.4444,22,1994
Dodge,Ram 1500 Pickup 4WD,13,20,1994
Dodge,Ram 2500 Pickup 4WD,13.3333,20,1994
Dodge,Ram 2500 Pickup 4WD,14,19,1994
Dodge,Ram 2500 Pickup 4WD,12.2222,19,1994
Dodge,Ram 2500 Pickup 4WD,14,20,1994
Jeep,Grand Wagoneer,12,17,1985
Ford,F150 Pickup 4WD,16.6667,24,1994
Ford,F150 Pickup 4WD,16.6667,23,1994
Ford,F150 Pickup 4WD,15,23,1994
Ford,F150 Pickup 4WD,15,22,1994
Ford,F150 Pickup 4WD,14,21.7949,1994
Ford,Ranger Pickup 4WD,23,32.0513,1994
Ford,Ranger Pickup 4WD,19,27,1994
Ford,Ranger Pickup 4WD,21,30.7692,1994
Ford,Ranger Pickup 4WD,17.7778,25,1994
Ford,Ranger Pickup 4WD,19,28,1994
Mitsubishi,Montero 4WD,18.8889,22,1985
GMC,Sierra 1500 4WD,17,25,1994
GMC,Sierra 1500 4WD,16.6667,24,1994
GMC,Sierra 1500 4WD,18,24.359,1994
GMC,Sierra 1500 4WD,15,23.0769,1994
GMC,Sierra 1500 4WD,14.4444,22,1994
GMC,Sierra 1500 4WD,14,21.7949,1994
GMC,Sierra 1500 4WD,14,22,1994
GMC,Sierra 1500 4WD,13.3333,19.2308,1994
GMC,Sierra 1500 4WD,17,24,1994
GMC,Sierra 1500 4WD,17.7778,25,1994
Mitsubishi,Montero 4WD,17.7778,21,1985
GMC,Sierra 1500 4WD,18.8889,27,1994
GMC,Sierra 2500 4WD,18.8889,27,1994
GMC,Sierra 2500 4WD,16,23.0769,1994
GMC,Sierra 2500 4WD,15,22,1994
GMC,Sierra 2500 4WD,14,22,1994
GMC,Sierra 2500 4WD,13.3333,21,1994
GMC,Sierra 2500 4WD,14,21,1994
GMC,Sierra 2500 4WD,13.3333,19.2308,1994
GMC,Sierra 2500 4WD,18,25,1994
GMC,Sierra 2500 4WD,16.6667,23,1994
Mitsubishi,Montero 4WD,20,24.359,1985
GMC,Sonoma 4WD,20,28,1994
GMC,Sonoma 4WD,18.8889,28,1994
GMC,Sonoma 4WD,18,27,1994
GMC,Sonoma 4WD,19,28,1994
Isuzu,Pickup 4WD,18.8889,25,1994
Isuzu,Pickup 4WD,17,23.0769,1994
Mitsubishi,Truck 4WD,19,28,1994
Mazda,B2300/B3000/B4000 Pickup 4WD,22.2222,30,1994
Mazda,B2300/B3000/B4000 Pickup 4WD,18.8889,27,1994
Mazda,B2300/B3000/B4000 Pickup 4WD,20,28.2051,1994
Mitsubishi,Montero 4WD,20,25,1985
Mazda,B2300/B3000/B4000 Pickup 4WD,18,27,1994
Mazda,B2300/B3000/B4000 Pickup 4WD,20,28.2051,1994
Toyota,T100 4WD,16,22,1994
Toyota,T100 4WD,16.6667,23,1994
Toyota,Truck 4WD,20,24.359,1994
Toyota,Truck 4WD,21,28,1994
Toyota,Truck 4WD,14.4444,21.7949,1994
Toyota,Truck 4WD,16.6667,23,1994
Chevrolet,Astro AWD (cargo),18,26.9231,1994
Chevrolet,Astro 2WD (cargo),19,28,1994
Plymouth,Colt Vista 4WD,21,32.0513,1985
Chevrolet,Astro 2WD (cargo),19,28.2051,1994
Chevrolet,G10/20 Van 2WD,19,27,1994
Chevrolet,G10/20 Van 2WD,16,24,1994
Chevrolet,G10/20 Van 2WD,15,23,1994
Chevrolet,G10/20 Van 2WD,18,27,1994
Chevrolet,G30 Van 2WD,18,27,1994
Chevrolet,G30 Van 2WD,14.4444,22,1994
Dodge,B150/B250 Van 2WD,17,23,1994
Dodge,B150/B250 Van 2WD,14,19,1994
Dodge,B150/B250 Van 2WD,14.4444,22,1994
Plymouth,Colt Vista 4WD,21.1111,32,1985
Dodge,B150/B250 Van 2WD,13.3333,21,1994
Dodge,B350 Van 2WD,14.4444,22,1994
Dodge,B350 Van 2WD,13,21,1994
Ford,Aerostar Van,20,30,1994
Ford,Aerostar Van,21,32,1994
Ford,Aerostar Van,17.7778,26,1994
Ford,Aerostar Van AWD,17.7778,25,1994
Ford,E150 Econoline 2WD,16,21,1994
Ford,E150 Econoline 2WD,16,23,1994
Ford,E150 Econoline 2WD,14.4444,23,1994
Subaru,Brat 4WD,23,30,1985
Ford,E150 Econoline 2WD,14,22,1994
Ford,E250 Econoline 2WD,14,17.9487,1994
Ford,E250 Econoline 2WD,14.4444,21,1994
Ford,E250 Econoline 2WD,13,20,1994
GMC,Vandura G15/25 2WD,18,27,1994
GMC,Vandura G15/25 2WD,16,24,1994
GMC,Vandura G15/25 2WD,15,23,1994
GMC,Vandura G15/25 2WD,18,27,1994
GMC,Vandura G35  2WD,18,27,1994
GMC,Vandura G35  2WD,14.4444,22,1994
Dodge,Conquest,20,30,1985
Subaru,Brat 4WD,26.6667,35.8974,1985
GMC,Safari AWD (cargo),18,26.9231,1994
GMC,Safari 2WD (cargo),19,28,1994
GMC,Safari 2WD (cargo),19,28.2051,1994
Chevrolet,Astro AWD (passenger),16.6667,24,1994
Chevrolet,Astro 2WD (passenger),17,26,1994
Chevrolet,Astro 2WD (passenger),18,27,1994
Chevrolet,Sport Van G10/20 2WD,17,23,1994
Chevrolet,Sport Van G10/20 2WD,14.4444,23,1994
Chevrolet,Sport Van G10/20 2WD,14,22,1994
Chevrolet,Sport Van G10/20 2WD,18,26,1994
Subaru,Hatchback 4WD,26.6667,35.8974,1985
Chevrolet,Sport Van G30  2WD,14,22,1994
Dodge,B150/B250 Wagon 2WD,17,22,1994
Dodge,B150/B250 Wagon 2WD,14,19,1994
Dodge,B150/B250 Wagon 2WD,14,22,1994
Dodge,B150/B250 Wagon 2WD,13,21,1994
Dodge,B350 Wagon 2WD,13,20,1994
Dodge,B350 Wagon 2WD,12.2222,20,1994
Ford,Aerostar Wagon,19,29,1994
Ford,Aerostar Wagon,19,30.7692,1994
Ford,Aerostar Wagon,17.7778,26,1994
Subaru,Sedan 4WD,23,30,1985
Ford,Aerostar Wagon AWD,17,25,1994
Ford,E150 Club Wagon,14.4444,21,1994
Ford,E150 Club Wagon,14.4444,23.0769,1994
Ford,E150 Club Wagon,13,21,1994
GMC,Rally G15/25 2WD,17,23,1994
GMC,Rally G15/25 2WD,14.4444,23,1994
GMC,Rally G15/25 2WD,14,22,1994
GMC,Rally G15/25 2WD,18,26,1994
GMC,Rally G35 2WD,14,22,1994
GMC,Safari AWD (passenger),16.6667,24,1994
Subaru,Sedan 4WD,24,32,1985
GMC,Safari 2WD (passenger),17,26,1994
GMC,Safari 2WD (passenger),18,27,1994
Toyota,Previa,21,29,1994
Toyota,Previa,19,28,1994
Toyota,Previa All-Trac,19,26,1994
Toyota,Previa All-Trac,19,26.9231,1994
Chevrolet,Suburban 1500 2WD,14,22,1994
Chevrolet,Lumina Minivan 2WD,21,29,1994
Chevrolet,Lumina Minivan 2WD,19,32,1994
Chevrolet,S10 Blazer 2WD,19,30,1994
Subaru,Sedan 4WD,24,31,1985
Chevrolet,S10 Blazer 2WD,19,28,1994
Nissan,Pathfinder 2WD,17,24,1994
Nissan,Pathfinder 2WD,17,23.0769,1994
Nissan,Quest,19,29,1994
Chrysler,Town and Country 2WD,18,28,1994
Dodge,Caravan C/V/Grand Caravan 2WD,22,31,1994
Dodge,Caravan C/V/Grand Caravan 2WD,22,34,1994
Dodge,Caravan C/V/Grand Caravan 2WD,21,30,1994
Dodge,Caravan/Grand Caravan 2WD,22,31,1994
Dodge,Caravan/Grand Caravan 2WD,22,34,1994
Subaru,Wagon 4WD,23,30,1985
Dodge,Caravan/Grand Caravan 2WD,21,30,1994
Dodge,Caravan/Grand Caravan 2WD,20,30,1994
Dodge,Caravan/Grand Caravan 2WD,18,28,1994
Jeep,Cherokee 2WD,22,30,1994
Jeep,Cherokee 2WD,17,27,1994
Jeep,Cherokee 2WD,18.8889,27,1994
Jeep,Grand Cherokee 2WD,17,27,1994
Ford,Explorer 2WD,17.7778,26,1994
Ford,Explorer 2WD,20,28.2051,1994
Mercury,Villager FWD Van,19,29,1994
Subaru,Wagon 4WD,24,32.0513,1985
Mercury,Villager FWD Wagon,19,29,1994
Geo,Tracker Convertible 2WD,26,31,1994
Geo,Tracker Convertible 2WD,26,30.7692,1994
Geo,Tracker Convertible 2WD,26.6667,33,1994
Geo,Tracker Convertible 2WD,27.7778,34,1994
GMC,Suburban 1500 2WD,14,22,1994
GMC,Jimmy 2WD,19,30,1994
GMC,Jimmy 2WD,19,28,1994
Isuzu,Amigo 2WD,18,26,1994
Isuzu,Rodeo 2WD,18,25,1994
Subaru,Wagon 4WD,24.4444,36,1985
Isuzu,Rodeo 2WD,18,24,1994
Isuzu,Rodeo 2WD,18,24,1994
Honda,Passport 2WD,18,25,1994
Honda,Passport 2WD,18,24,1994
Honda,Passport 2WD,18,24,1994
Mazda,MPV,20,31,1994
Mazda,MPV,18,28,1994
Mazda,MPV,18,28,1994
Mazda,Navajo,20,30,1994
Mazda,Navajo,17.7778,26.9231,1994
Subaru,Wagon 4WD,24,31,1985
Pontiac,Trans Sport 2WD,21,29,1994
Pontiac,Trans Sport 2WD,19,32,1994
Plymouth,Voyager/Grand Voyager 2WD,22,31,1994
Plymouth,Voyager/Grand Voyager 2WD,22,34,1994
Plymouth,Voyager/Grand Voyager 2WD,21,30,1994
Plymouth,Voyager/Grand Voyager 2WD,20,30,1994
Plymouth,Voyager/Grand Voyager 2WD,18,28,1994
Suzuki,Sidekick 2Door 2WD,26,31,1994
Suzuki,Sidekick 2Door 2WD,26,30.7692,1994
Suzuki,Sidekick 2Door 2WD,26.6667,33,1994
Subaru,XT 4WD,24,31,1985
Suzuki,Sidekick 2Door 2WD,27.7778,34,1994
Suzuki,Sidekick 4Door 2WD,24,33,1994
Suzuki,Sidekick 4Door 2WD,25,33,1994
Oldsmobile,Silhouette 2WD,21,29,1994
Oldsmobile,Silhouette 2WD,19,32,1994
Toyota,4Runner 2WD,18.8889,26.9231,1994
Chevrolet,Blazer 1500 4WD,13.3333,20,1994
Chevrolet,Blazer 1500 4WD,14,21,1994
Chevrolet,Blazer 1500 4WD,17,24,1994
Chevrolet,Suburban 1500 4WD,14,19.2308,1994
Dodge,Conquest,21,31,1985
Suzuki,SJ 410 4WD,25.5556,30,1985
Chevrolet,S10 Blazer 4WD,18,28,1994
Chevrolet,S10 Blazer 4WD,18,27,1994
Nissan,Pathfinder 4WD,17,23,1994
Nissan,Pathfinder 4WD,17,23,1994
Chrysler,Town and Country 4WD,17,26,1994
Dodge,Caravan/Grand Caravan 4WD,19,28,1994
Dodge,Caravan/Grand Caravan 4WD,17,26,1994
Jeep,Cherokee 4WD,21,28,1994
Jeep,Cherokee 4WD,16.6667,24.359,1994
Jeep,Cherokee 4WD,18.8889,27,1994
Suzuki,SJ 410V 4WD,25.5556,30,1985
Jeep,Grand Cherokee 4WD,17,26,1994
Jeep,Grand Cherokee 4WD,17.7778,26,1994
Jeep,Grand Cherokee 4WD,15,23.0769,1994
Jeep,Wrangler 4WD,18.8889,23,1994
Jeep,Wrangler 4WD,21,25,1994
Jeep,Wrangler 4WD,16.6667,22,1994
Jeep,Wrangler 4WD,17.7778,23,1994
Ford,Bronco 4WD,14.4444,23,1994
Ford,Bronco 4WD,15,22,1994
Ford,Bronco 4WD,14,21.7949,1994
Toyota,Land Cruiser Wagon 4WD,12,16.6667,1985
Ford,Explorer 4WD,17,25,1994
Ford,Explorer 4WD,18.8889,27,1994
Geo,Tracker Convertible 4WD,26,31,1994
Geo,Tracker Convertible 4WD,26,30.7692,1994
Geo,Tracker Convertible 4WD,26.6667,33,1994
Geo,Tracker Convertible 4WD,27.7778,34,1994
Geo,Tracker Van 4WD,26,31,1994
Geo,Tracker Van 4WD,26,30.7692,1994
Geo,Tracker Van 4WD,26.6667,33,1994
Geo,Tracker Van 4WD,27.7778,34,1994
Toyota,4Runner 4WD,22.2222,28,1985
GMC,Jimmy 4WD,18,28,1994
GMC,Jimmy 4WD,18,27,1994
GMC,Suburban 1500 4WD,14,19.2308,1994
GMC,Yukon K1500 4WD,13.3333,20,1994
GMC,Yukon K1500 4WD,13,20,1994
GMC,Yukon K1500 4WD,17,24,1994
Isuzu,Amigo 4WD,18,26,1994
Isuzu,Rodeo 4WD,17,23.0769,1994
Isuzu,Rodeo 4WD,18,24,1994
Isuzu,Trooper,16.6667,23,1994
Toyota,4Runner 4WD,24,32,1985
Isuzu,Trooper,16.6667,23.0769,1994
Isuzu,Trooper,16.6667,22,1994
Isuzu,Trooper,17.7778,23,1994
Honda,Passport 4WD,17,23.0769,1994
Honda,Passport 4WD,18,24,1994
Land Rover,Defender 90,14.4444,21,1994
Land Rover,Discovery,14,20,1994
Land Rover,Discovery,13.3333,21,1994
Land Rover,Range Rover County,13.3333,19,1994
Land Rover,Range Rover County LWB,14,20,1994
Chevrolet,S10 Cab Chassis 2WD,21,24,1985
Mitsubishi,Montero,17,23,1994
Mitsubishi,Montero,17,23,1994
Mitsubishi,Montero,16,22,1994
Mazda,MPV 4x4,17,24,1994
Mazda,MPV 4x4,17,24,1994
Mazda,Navajo 4x4,19,28,1994
Mazda,Navajo 4x4,17,24.359,1994
Plymouth,Voyager/Grand Voyager 4WD,19,28,1994
Plymouth,Voyager/Grand Voyager 4WD,17,26,1994
Subaru,Loyale Wagon AWD,24.4444,28.2051,1994
Chevrolet,S10 Cab Chassis 2WD,16,19,1985
Subaru,Loyale Wagon AWD,27,37,1994
Suzuki,Samurai Soft-top 4WD,31,37,1994
Suzuki,Sidekick 2Door 4WD,26,31,1994
Suzuki,Sidekick 2Door 4WD,26,30.7692,1994
Suzuki,Sidekick 2Door 4WD,26.6667,33,1994
Suzuki,Sidekick 2Door 4WD,27.7778,34,1994
Suzuki,Sidekick 4Door 4WD,24,33,1994
Suzuki,Sidekick 4Door 4WD,25,33,1994
Oldsmobile,Bravada AWD,18,26.9231,1994
Toyota,Land Cruiser Wagon 4WD,13.3333,19,1994
Chevrolet,S10 Cab Chassis 2WD,15,20,1985
Toyota,4Runner 4WD,21,28,1994
Toyota,4Runner 4WD,15,20,1994
Toyota,4Runner 4WD,16,23,1994
Chevrolet,Coachbuilder Wagon,19,32,1994
Chevrolet,Postal Cab Chassis 2WD,20,24.359,1994
Dodge,Dakota Cab Chassis 2WD,17,24,1994
Dodge,Dakota Cab Chassis 2WD,14.4444,19.2308,1994
Dodge,Dakota Cab Chassis 2WD,14.4444,22,1994
Dodge,Dakota Cab Chassis 2WD,13,18,1994
Buick,Coachbuilder Wagon,19,32,1994
Nissan,Truck Cab Chassis 2WD,16.6667,19,1985
Acura,NSX,20,30,1995
Acura,NSX,20,31,1995
Chevrolet,Corvette,19,32,1995
Chevrolet,Corvette,19,32,1995
Chevrolet,Corvette,19,34,1995
Nissan,300ZX,20,30,1995
Nissan,300ZX,20,30,1995
Nissan,300ZX,21,30.7692,1995
Nissan,300ZX,20,30.7692,1995
Dodge,Viper,13,27,1995
Dodge,D250 Cab Chassis 2WD,11,15,1985
Ferrari,Ferrari F355 Berlinetta/GTS,11,19,1995
Ferrari,Ferrari F50,8.8889,14,1995
Ferrari,Ferrari F512M,12,20,1995
Ferrari,Ferrari 348 TB/TS/Spider,13.3333,24,1995
Honda,Civic Del Sol,32,46,1995
Honda,Civic Del Sol,39,53,1995
Honda,Civic Del Sol,29,43,1995
Honda,Civic Del Sol,28.8889,38,1995
Honda,Civic Del Sol,32,45,1995
Lamborghini,DB132/Diablo,10,18,1995
Dodge,Daytona,22,30,1985
Ford,Ranger Pickup Cab Chassis,23.3333,30,1985
Lamborghini,DB132/Diablo,10,18,1995
Lotus,Esprit Turbo,19,35,1995
Mazda,MX-5 Miata,24.4444,36,1995
Mazda,MX-5 Miata,26,37.1795,1995
Mazda,RX-7,19,31,1995
Mazda,RX-7,19,32.0513,1995
Mercedes-Benz,SL320,19,31,1995
Mercedes-Benz,SL500,18,27,1995
Mercedes-Benz,SL600,14.4444,23,1995
Panoz Auto-Development,Panoz Roadster,22.2222,42.3077,1995
Ford,Ranger Pickup Cab Chassis,18,24,1985
Porsche,968,18.8889,32.0513,1995
Porsche,968,19,33,1995
Toyota,MR2,22.2222,35,1995
Toyota,MR2,23.3333,38,1995
Toyota,MR2,24,37,1995
Audi,Cabriolet,20,33,1995
Audi,Cabriolet,21,33,1995
BMW,318i Convertible,23,37,1995
BMW,318i Convertible,24,40,1995
BMW,325i Convertible,22,35.8974,1995
Ford,Ranger Pickup Cab Chassis,17.7778,23.0769,1985
BMW,325i Convertible,21,36,1995
Nissan,240SX,23,33.3333,1995
Nissan,240SX,24,35.8974,1995
Mercedes-Benz,E320 Convertible,20,30,1995
Porsche,911 Carrera 4/2,19,31,1995
Porsche,911 Carrera 4/2,18,30,1995
Porsche,911 Carrera 4/2,18,32,1995
Porsche,928 GTS,16.6667,24,1995
Porsche,928 GTS,13.3333,24,1995
Porsche,968,18.8889,32.0513,1995
GMC,S15 Cab Chassis 2WD,21,24,1985
Porsche,968,19,33,1995
Toyota,Celica Convertible,24.4444,37.1795,1995
Toyota,Celica Convertible,24.4444,37,1995
Toyota,Paseo,29,42,1995
Toyota,Paseo,32,46,1995
Toyota,Supra,20,31,1995
Toyota,Supra,21,31,1995
Toyota,Supra,20,30,1995
Toyota,Supra,19,31,1995
Acura,Integra,28,39.7436,1995
GMC,S15 Cab Chassis 2WD,16,19,1985
Acura,Integra,26.6667,40,1995
Acura,Integra,28,40,1995
BMW,M3,21,36,1995
BMW,M3,21,35,1995
BMW,318i/318is,23,37,1995
BMW,318i/318is,24.4444,41.0256,1995
BMW,325i/325is,22,35.8974,1995
BMW,325i/325is,21,36,1995
BMW,840ci,18,30.7692,1995
BMW,850ci,15,26,1995
GMC,S15 Cab Chassis 2WD,15,20,1985
BMW,850csi,12.2222,25,1995
Chevrolet,Camaro,21.1111,36,1995
Chevrolet,Camaro,21.1111,36,1995
Chevrolet,Camaro,21,36,1995
Chevrolet,Camaro,19,32,1995
Chevrolet,Camaro,19,33.3333,1995
Chrysler,LeBaron Convertible,22.2222,37,1995
Nissan,Sentra Classic,29,43,1995
Nissan,Sentra Classic,32,48,1995
Nissan,Sentra/200SX,31,47,1995
Toyota,Cab Chassis 2WD,16.6667,19,1985
Nissan,Sentra/200SX,33,51,1995
Nissan,Sentra/200SX,26.6667,40,1995
Nissan,Sentra/200SX,26.6667,40,1995
Nissan,300ZX 2x2,20,30,1995
Nissan,300ZX 2x2,21,30.7692,1995
Dodge,Stealth,20,29,1995
Dodge,Stealth,21,31,1995
Dodge,Stealth,20,31,1995
Dodge,Stealth,21,32,1995
Dodge,Stealth,20,31,1995
Toyota,Cab Chassis 2WD,18.8889,21.7949,1985
Eagle,Summit,31,41.0256,1995
Eagle,Summit,36.6667,50,1995
Eagle,Summit,29,42,1995
Eagle,Summit,29,42,1995
Eagle,Talon,23,39,1995
Eagle,Talon,24,40,1995
Eagle,Talon,25.5556,34.6154,1995
Eagle,Talon,21,32,1995
Eagle,Talon,24.4444,42,1995
Eagle,Talon,24.4444,41,1995
Nissan,300ZX,19,28,1985
Eagle,Talon,26,40,1995
Eagle,Talon,23.3333,35,1995
Ferrari,Ferrari 456 GT,11,20,1995
Ford,Aspire,32.2222,44,1995
Ford,Aspire,40,54,1995
Ford,Mustang,21.1111,37,1995
Ford,Mustang,22.2222,38,1995
Ford,Mustang,19,31,1995
Ford,Mustang,18.8889,32,1995
Ford,Mustang,15,28,1995
Nissan,300ZX,18,29,1985
Ford,Probe,24.4444,40,1995
Ford,Probe,28.8889,42.3077,1995
Ford,Probe,22,33,1995
Ford,Probe,23,33.3333,1995
Geo,Metro,49,63,1995
Geo,Metro,33,44,1995
Geo,Metro,43,55,1995
Honda,Civic,32,46,1995
Honda,Civic,47,59,1995
Honda,Civic,38,51,1995
Dodge,Daytona,25,33,1985
Nissan,300ZX,20,31,1985
Honda,Civic,44,58,1995
Honda,Civic,29,43,1995
Honda,Civic,32,45,1995
Honda,Civic HB VX,52,72,1995
Honda,Civic HB VX,49,65,1995
Honda,Prelude,25,36,1995
Honda,Prelude,24,33,1995
Honda,Prelude,26,37,1995
Honda,Prelude,24,35,1995
Honda,Prelude,24.4444,33.3333,1995
Honda,Civic CRX,31.1111,41.0256,1985
Hyundai,Scoupe,28,43,1995
Hyundai,Scoupe,31,46,1995
Hyundai,Scoupe,30,42,1995
Infiniti,J30,20,30,1995
Jaguar,XJS V12 Convertible,13,21.7949,1995
Jaguar,XJS V12 Coupe,13.3333,21.7949,1995
Lexus,SC 300/SC 400,20,30,1995
Lexus,SC 300/SC 400,20,30,1995
Lexus,SC 300/SC 400,20,28.2051,1995
Mazda,MX-3,28,43,1995
Honda,Civic CRX,33.3333,45,1985
Mazda,MX-3,32.2222,48,1995
Mazda,MX-3,22.2222,35,1995
Mazda,MX-3,25,37,1995
Mazda,MX-6,25,39.7436,1995
Mazda,MX-6,29,43,1995
Mazda,MX-6,22.2222,33,1995
Mazda,MX-6,23,33.3333,1995
Mercedes-Benz,E320 Coupe,22,33,1995
Mitsubishi,Eclipse,24,40,1995
Mitsubishi,Eclipse,23,39,1995
Honda,Civic CRX HF,50,66,1985
Mitsubishi,Eclipse,25.5556,34.6154,1995
Mitsubishi,Eclipse,21,32,1995
Mitsubishi,Eclipse,24.4444,41,1995
Mitsubishi,Eclipse,24.4444,42,1995
Mitsubishi,Eclipse,26,40,1995
Mitsubishi,Eclipse,23.3333,35,1995
Mitsubishi,Mirage,31,41.0256,1995
Mitsubishi,Mirage,36.6667,50,1995
Mitsubishi,Mirage,29,42.3077,1995
Mitsubishi,Mirage,29,42,1995
Mercedes-Benz,500SL,16,21,1985
Mitsubishi,3000 GT,20,31,1995
Mitsubishi,3000 GT,21,32,1995
Mitsubishi,3000 GT,20,31,1995
Mitsubishi,3000 GT Spyder,20,30.7692,1995
Mitsubishi,3000 GT Spyder,19,31,1995
Pontiac,Firebird/Formula,21.1111,36,1995
Pontiac,Firebird/Formula,21.1111,36,1995
Pontiac,Firebird/Formula,21,36,1995
Pontiac,Firebird/Formula,19,32.0513,1995
Pontiac,Firebird/Formula,19,32,1995
Mazda,RX-7,19,29,1985
Pontiac,Firebird/Formula,19,32,1995
Pontiac,Firebird/Formula,19,33.3333,1995
Rolls-Royce,Continental,11.1111,19,1995
Rolls-Royce,Continental (turbo),11,19,1995
Rolls-Royce,Corniche IV,11.1111,19,1995
Rolls-Royce,Corniche S,11,19,1995
Saab,900 Convertible,22,34,1995
Saab,900 Convertible,22,35.8974,1995
Saab,900 Convertible,22,37,1995
Saab,900 Convertible,21.1111,34,1995
Mazda,RX-7,19,28.2051,1985
Saab,900 Convertible,20,32.0513,1995
Saturn,SC,27,44,1995
Saturn,SC,30,46.1538,1995
Saturn,SC,31,51,1995
Saturn,SC,28,44.8718,1995
Subaru,Impreza,26.6667,38,1995
Subaru,Impreza,27,40,1995
Subaru,Impreza AWD,24.4444,35.8974,1995
Subaru,Impreza AWD,25,37,1995
Subaru,Impreza AWD,24.4444,37,1995
Maserati,Biturbo,15,24.359,1985
Subaru,SVX,19,32,1995
Subaru,SVX AWD,19,32,1995
Saleen,Mustang S351,15.5556,33.3333,1995
Suzuki,Swift,39,49,1995
Suzuki,Swift,49,63,1995
Toyota,Celica,30,43,1995
Toyota,Celica,31,44,1995
Toyota,Celica,25,38,1995
Toyota,Celica,24.4444,37,1995
Toyota,Tercel,34.4444,45,1995
Aston Martin,Lagonda,9,12.8205,1985
Toyota,Tercel,33.3333,50,1995
Toyota,Tercel,37,50,1995
Toyota,Tercel,34.4444,50,1995
Volkswagen,Cabrio,24,36,1995
Volkswagen,Cabrio,26.6667,39.7436,1995
Acura,Legend,20,29,1995
Acura,Legend,21,31,1995
Acura,Legend,20,32,1995
Acura,Legend,20,33,1995
Acura,2.5TL,22,32,1995
Aston Martin,Saloon/Vantage/Volante,9,12.8205,1985
Alfa Romeo,164,17,28,1995
Alfa Romeo,164,19,31,1995
Audi,A6,21,30.7692,1995
Audi,A6,21,32,1995
Audi,A6 quattro,20,28.2051,1995
Audi,A6 quattro,20,30.7692,1995
Audi,S6,20,30,1995
Audi,90,20,33.3333,1995
Audi,90,21,34,1995
Audi,90,21.1111,33.3333,1995
Dodge,Daytona,26,44,1985
Aston Martin,Saloon/Vantage/Volante,9,13,1985
Audi,90 quattro,21,32,1995
BMW,318ti,23,37,1995
BMW,318ti,24.4444,41.0256,1995
BMW,525i,20,32,1995
BMW,525i,21,36,1995
BMW,530i,18.8889,32.0513,1995
BMW,530i,18,30.7692,1995
BMW,540i,19,32,1995
BMW,540i,16,30,1995
Buick,Skylark,24,39,1995
Audi,4000s quattro,20,28,1985
Buick,Skylark,23.3333,40,1995
Buick,Skylark,21,37,1995
Buick,Skylark,21,37,1995
Chevrolet,Beretta,27,46,1995
Chevrolet,Beretta,23,37.1795,1995
Chevrolet,Beretta,23,37.1795,1995
Chevrolet,Cavalier,27.7778,47,1995
Chevrolet,Cavalier,24,41,1995
Chevrolet,Cavalier,23.3333,40,1995
Chevrolet,Corsica,23,37.1795,1995
Chevrolet,Camaro,20,34,1985
Chevrolet,Corsica,23,37.1795,1995
Chrysler,Sebring,22,38,1995
Chrysler,Sebring,24,40,1995
Chrysler,Sebring,24.4444,42,1995
Chrysler,Sebring,24,41.0256,1995
Chrysler,Sebring,22,36,1995
Nissan,Altima / Stanza,23,37,1995
Nissan,Altima / Stanza,26.6667,39,1995
Dodge,Avenger,22,38,1995
Dodge,Avenger,24,40,1995
Chevrolet,Camaro,18,33.3333,1985
Dodge,Avenger,24.4444,42,1995
Dodge,Avenger,24,41.0256,1995
Dodge,Avenger,22,36,1995
Dodge,Neon,30,42,1995
Dodge,Neon,32,48.7179,1995
Ford,Contour,26.6667,41,1995
Ford,Contour,24,39,1995
Ford,Contour,23,37,1995
Ford,Escort,25,37,1995
Ford,Escort,27.7778,39.7436,1995
Chevrolet,Camaro,18,28,1985
Ford,Escort,29,43,1995
Ford,Escort,33,48.7179,1995
Geo,Prizm,29,38,1995
Geo,Prizm,31,44,1995
Geo,Prizm,30,43,1995
Geo,Prizm,32,44,1995
Kia,Sephia,28,43,1995
Kia,Sephia,27.7778,42,1995
Kia,Sephia,32,45,1995
Kia,Sephia,25,36,1995
Chevrolet,Cavalier Convertible,24,36,1985
Kia,Sephia,27,36,1995
Honda,Accord,26,38,1995
Honda,Accord,25,37.1795,1995
Honda,Accord,28,39.7436,1995
Honda,Accord,28,40,1995
Honda,Accord,21,32,1995
Hyundai,Accent,31,46,1995
Hyundai,Accent,32,48.7179,1995
Hyundai,Elantra,24,37.1795,1995
Hyundai,Elantra,24.4444,37,1995
Chevrolet,Cavalier Convertible,28,41,1985
Hyundai,Elantra,24.4444,37,1995
Hyundai,Elantra,23,37,1995
Hyundai,Elantra,23.3333,36,1995
Infiniti,G20,24.4444,36,1995
Infiniti,G20,24.4444,36,1995
Infiniti,G20,26.6667,41.0256,1995
Infiniti,G20,26.6667,41.0256,1995
Jaguar,XJ12,13,20,1995
Jaguar,XJ6,19,30,1995
Lexus,ES 300,22,36,1995
Chevrolet,Cavalier Convertible,27,41.0256,1985
Mercury,Mystique,26.6667,41,1995
Mercury,Mystique,24,39,1995
Mercury,Mystique,23,37,1995
Mercury,Tracer,25,37,1995
Mercury,Tracer,27.7778,39.7436,1995
Mercury,Tracer,29,43,1995
Mercury,Tracer,33,48.7179,1995
Mazda,Millenia,22,36,1995
Mazda,Millenia,22,34,1995
Mazda,Protege,29,45,1995
Chevrolet,Cavalier Convertible,21,33,1985
Mazda,Protege,34,50,1995
Mazda,Protege,27,40,1995
Mazda,Protege,25,37,1995
Mazda,Protege,31,46,1995
Mazda,Protege,29,41,1995
Mazda,323,28.8889,42,1995
Mazda,323,32,47,1995
Mercedes-Benz,C220,25,36,1995
Mercedes-Benz,C280,22,33,1995
Mercedes-Benz,C36,20,28,1995
Chevrolet,Cavalier Convertible,19,30,1985
Mercedes-Benz,E320 Sedan,22,33,1995
Mercedes-Benz,E420,20,30.7692,1995
Mercedes-Benz,S500 Coupe,17,26,1995
Mercedes-Benz,S600 Coupe,14,22,1995
Mitsubishi,Diamante,20,32,1995
Mitsubishi,Diamante,20,32.0513,1995
Mitsubishi,Galant,24,36,1995
Mitsubishi,Galant,26,39,1995
Mitsubishi,Galant,22,34,1995
Oldsmobile,Achieva,24,41,1995
Dodge,Daytona,21,37,1985
Chevrolet,Chevette,29,39,1985
Oldsmobile,Achieva,24,39,1995
Oldsmobile,Achieva,23.3333,40,1995
Oldsmobile,Achieva,21,37,1995
Oldsmobile,Achieva,21,37,1995
Plymouth,Neon,30,42,1995
Plymouth,Neon,32,48.7179,1995
Pontiac,Grand Am,24,41,1995
Pontiac,Grand Am,24,39,1995
Pontiac,Grand Am,23.3333,40,1995
Pontiac,Grand Am,21.1111,37,1995
Chevrolet,Chevette,30,41.0256,1985
Pontiac,Grand Am,22.2222,37,1995
Pontiac,Sunfire,27,46,1995
Pontiac,Sunfire,24,41,1995
Pontiac,Sunfire,23.3333,40,1995
Rolls-Royce,Continental R,11,20,1995
Saturn,SL,27,44,1995
Saturn,SL,30,46.1538,1995
Saturn,SL,31,51,1995
Saturn,SL,28,44.8718,1995
Subaru,Legacy,25,39.7436,1995
Chevrolet,Chevette,29,44,1985
Subaru,Legacy,26.6667,40,1995
Subaru,Legacy AWD,24,36,1995
Subaru,Legacy AWD,23.3333,36,1995
Toyota,Corolla,29,38,1995
Toyota,Corolla,31,44,1995
Toyota,Corolla,30,43,1995
Toyota,Corolla,31,44,1995
Volkswagen,Golf III,25,37,1995
Volkswagen,Golf III,27,41,1995
Volkswagen,GTI VR6,21,32,1995
Chrysler,Laser,24.4444,32.0513,1985
Volkswagen,Jetta III,25,37,1995
Volkswagen,Jetta III,27,40,1995
Volkswagen,Jetta III GLX,20,32.0513,1995
Volkswagen,Jetta III GLX,21,32,1995
Volvo,960,19,32,1995
BMW,740i,18,30.7692,1995
BMW,740il,18,30.7692,1995
BMW,750il,16.6667,25,1995
Buick,Century,21,37,1995
Buick,Century,21,37,1995
Chrysler,Laser,21.1111,30.7692,1985
Buick,Regal,21,37,1995
Buick,Regal,21,37,1995
Buick,Regal,21,37,1995
Buick,Riviera,21,37,1995
Cadillac,Eldorado,18,32,1995
Chevrolet,Lumina/Monte Carlo,21,37,1995
Chevrolet,Lumina/Monte Carlo,21,37,1995
Chevrolet,Lumina/Monte Carlo,19,33.3333,1995
Chrysler,Cirrus,23,37,1995
Chrysler,Cirrus,22,37,1995
Chrysler,Laser,24.4444,42,1985
Nissan,Maxima,23,36,1995
Nissan,Maxima,24,35,1995
Dodge,Spirit,24.4444,35.8974,1995
Dodge,Spirit,23.3333,33.3333,1995
Dodge,Stratus,23,37,1995
Dodge,Stratus,22,37,1995
Ford,Taurus,22,38,1995
Ford,Taurus SHO,20,33.3333,1995
Ford,Taurus SHO,20,33,1995
Ford,Taurus,21,35.8974,1995
Chrysler,Laser,25,42.3077,1985
Ford,Taurus FFV,21.1111,36,1995
Ford,Thunderbird,20,31,1995
Ford,Thunderbird,21,33,1995
Ford,Thunderbird,20,33,1995
Ford,Thunderbird,19,32,1995
Hyundai,Sonata,23,36,1995
Hyundai,Sonata,23.3333,37,1995
Infiniti,Q45,19,28,1995
Infiniti,Q45 Full-Active Suspension,17,26.9231,1995
Lexus,GS 300,20,30,1995
Chrysler,LeBaron Convertible,21.1111,30.7692,1985
Lexus,LS 400,21,32,1995
Mercury,Cougar,21,33,1995
Mercury,Cougar,19,32,1995
Lincoln,Mark VIII,20,32,1995
Mercury,Sable,22,38,1995
Mercury,Sable,21,35.8974,1995
Mazda,626,25,39.7436,1995
Mazda,626,29,43,1995
Mazda,626,22.2222,33,1995
Mazda,626,23,33.3333,1995
Chrysler,LeBaron Convertible,24.4444,32.0513,1985
Mazda,929,21,30.7692,1995
Oldsmobile,Aurora,18.8889,31,1995
Oldsmobile,Cutlass Ciera,21,37,1995
Oldsmobile,Cutlass Ciera,21,37,1995
Oldsmobile,Cutlass Supreme,21,37,1995
Oldsmobile,Cutlass Supreme,21,37,1995
Oldsmobile,Cutlass Supreme,19,33.3333,1995
Plymouth,Acclaim,24.4444,35.8974,1995
Plymouth,Acclaim,23.3333,33.3333,1995
Pontiac,Grand Prix,21,37,1995
Chrysler,LeBaron Convertible,23,29,1985
Pontiac,Grand Prix,21,37,1995
Pontiac,Grand Prix,19,33.3333,1995
Rolls-Royce,Brooklands and (LWB),11.1111,19,1995
Rolls-Royce,Flying Spur,12,20,1995
Rolls-Royce,Spirit III/Spur III/Dawn,11.1111,19,1995
Rolls-Royce,Turbo R/Rl Bklds Turbo/LWB,11,20,1995
Saab,900,23,36,1995
Saab,900,22,35.8974,1995
Saab,900,22,37,1995
Saab,900,21.1111,34,1995
Ford,EXP,27.7778,39,1985
Dodge,600 Convertible,22,30,1985
Nissan,Pulsar/Pulsar-NX,28.8889,38,1985
Saab,900,20,32.0513,1995
Toyota,Camry,23.3333,36,1995
Toyota,Camry,25,40,1995
Toyota,Camry,22,36,1995
Volkswagen,Passat,22,35,1995
Volkswagen,Passat,23,37.1795,1995
Volkswagen,Passat,20,32.0513,1995
Volkswagen,Passat,20,32,1995
Volvo,850,21,33.3333,1995
Volvo,850,22,37,1995
Nissan,Pulsar/Pulsar-NX,28.8889,38,1985
Volvo,850,22.2222,37,1995
Volvo,940,21,31,1995
Buick,LeSabre,21,37,1995
Buick,Park Avenue,21,37,1995
Buick,Roadmaster,18.8889,32,1995
Cadillac,DeVille/Concourse,18,32,1995
Cadillac,DeVille/Concourse,18,33,1995
Cadillac,Fleetwood,18.8889,32,1995
Cadillac,Seville,18,32,1995
Chevrolet,Caprice/Impala,20,33,1995
Nissan,Pulsar/Pulsar-NX,33.3333,48,1985
Chevrolet,Caprice/Impala,18.8889,32,1995
Chrysler,Concorde,20,33,1995
Chrysler,Concorde,22,36,1995
Chrysler,Concorde,20,33,1995
Chrysler,New Yorker/LHS,20,33,1995
Dabryan Coach Builders Inc,WB,17.7778,31,1995
Dabryan Coach Builders Inc,WB,17.7778,31,1995
Dabryan Coach Builders Inc,WB,18,29,1995
Dabryan Coach Builders Inc,WB,17.7778,31,1995
Dabryan Coach Builders Inc,WB,16,24,1995
Nissan,Pulsar/Pulsar-NX,34.4444,50,1985
Dabryan Coach Builders Inc,WB,17.7778,31,1995
Dabryan Coach Builders Inc,WB,16,24,1995
Dabryan Coach Builders Inc,WB,17.7778,31,1995
Dabryan Coach Builders Inc,WB,16,24,1995
Dodge,Intrepid,22,36,1995
Dodge,Intrepid,20,33,1995
Dodge,Intrepid,20,33,1995
Eagle,Vision,22,36,1995
Eagle,Vision,20,33,1995
Eagle,Vision,20,33,1995
Nissan,Sentra,28.8889,38,1985
Federal Coach,Eagle,16,24,1995
Federal Coach,Formal,16,24,1995
Federal Coach,Six Door,16,24,1995
Federal Coach,Windsor,16,24,1995
Federal Coach,24E,16,24,1995
Federal Coach,85J,16,24,1995
Federal Coach,Lincoln Eagle/Windsor,17,28,1995
Federal Coach,Lincoln Eaton,18,31,1995
Federal Coach,Lincoln 100J,17,28,1995
Federal Coach,Lincoln 24E,17,28,1995
Nissan,Sentra,28.8889,38,1985
Federal Coach,Lincoln 85J,17,28,1995
Ford,Crown Victoria,19,32,1995
Ford,Crown Victoria Police,19,28.2051,1995
Lincoln,Continental,18.8889,32,1995
Mercury,Grand Marquis,19,32,1995
Lincoln,Town Car,19,32,1995
Mercedes-Benz,S320,19,31,1995
Mercedes-Benz,S320,19,31,1995
Mercedes-Benz,S350,23.3333,36,1995
Mercedes-Benz,S420,17,26,1995
Nissan,Sentra,34.4444,50,1985
Mercedes-Benz,S500 Sedan,16.6667,24.359,1995
Mercedes-Benz,S600 Sedan,14,21,1995
Oldsmobile,Eighty-Eight,21,37,1995
Oldsmobile,Ninety-Eight,21,37,1995
Pontiac,Bonneville,21,37,1995
Pontiac,Bonneville,19,32.0513,1995
Rolls-Royce,Silver Spur III Limousine,11,19.2308,1995
Saab,9000,20,35,1995
Saab,9000,19,32.0513,1995
Saab,9000,23,37,1995
Nissan,Sentra,33.3333,48,1985
Saab,9000,22,36,1995
Saab,9000,23,37,1995
Saab,9000,20,34,1995
Toyota,Avalon,22,36,1995
Audi,A6 quattro Wagon,20,28.2051,1995
Audi,A6 Wagon,21,30,1995
Audi,S6 Wagon,20,30,1995
BMW,525i Touring,20,32,1995
BMW,530i Touring,18.8889,32.0513,1995
Ford,Escort Wagon,29,43,1995
Nissan,Sentra,51,63,1985
Ford,Escort Wagon,33,48.7179,1995
Honda,Accord Wagon,23.3333,35,1995
Honda,Accord Wagon,26,38,1995
Honda,Accord Wagon,26.6667,38,1995
Honda,Accord Wagon,28,39.7436,1995
Mercury,Tracer Wagon,29,43,1995
Mercury,Tracer Wagon,33,48.7179,1995
Saturn,SW,29,47,1995
Saturn,SW,27,44,1995
Saturn,SW,31,51,1995
Nissan,200SX,24,36,1985
Saturn,SW,28,44.8718,1995
Subaru,Impreza Wagon,26,38,1995
Subaru,Impreza Wagon,27,40,1995
Subaru,Impreza Wagon AWD,24.4444,35.8974,1995
Subaru,Impreza Wagon AWD,25,35.8974,1995
Subaru,Impreza Wagon AWD,24.4444,37,1995
Toyota,Corolla Wagon,30,43,1995
Toyota,Corolla Wagon,31,44,1995
Volvo,960 Wagon,19,32,1995
Buick,Century Wagon,21,37,1995
Dodge,600 Convertible,25,33,1985
Nissan,200SX,24.4444,35,1985
Buick,Century Wagon,21,37,1995
Eagle,Summit Wagon,26.6667,37.1795,1995
Eagle,Summit Wagon,27,37.1795,1995
Eagle,Summit Wagon,21,30,1995
Eagle,Summit Wagon,22,33.3333,1995
Eagle,Summit Wagon,22.2222,31,1995
Eagle,Summit Wagon,24.4444,35,1995
Ford,Taurus Wagon,22,38,1995
Ford,Taurus Wagon,20,33,1995
Honda,Odyssey,22.2222,31,1995
Nissan,300ZX 2x2,20,31,1985
Mercury,Sable Wagon,22,38,1995
Mercury,Sable Wagon,20,33,1995
Mercedes-Benz,E320 Wagon,20,31,1995
Mitsubishi,Expo,21,30,1995
Mitsubishi,Expo,22,33.3333,1995
Mitsubishi,Expo,22.2222,31,1995
Mitsubishi,Expo,24.4444,35,1995
Mitsubishi,Expo.LRV,22,33.3333,1995
Mitsubishi,Expo.LRV,24.4444,35,1995
Oldsmobile,Cutlass Cruiser,21,37,1995
Dodge,Charger,23,32,1985
Oldsmobile,Cutlass Cruiser,21,37,1995
Subaru,Legacy Wagon,25,39.7436,1995
Subaru,Legacy Wagon,26,40,1995
Subaru,Legacy Wagon AWD,24,36,1995
Subaru,Legacy Wagon AWD,23.3333,36,1995
Toyota,Camry Wagon,23.3333,36,1995
Toyota,Camry Wagon,22,36,1995
Volkswagen,Passat Wagon,20,32.0513,1995
Volkswagen,Passat Wagon,20,32,1995
Volvo,850 Wagon,21,33.3333,1995
Dodge,Charger,28,44,1985
Volvo,850 Wagon,22,37,1995
Volvo,850 Wagon,22.2222,37,1995
Volvo,940 Wagon,21,31,1995
Buick,Roadmaster Wagon,18.8889,32,1995
Chevrolet,Caprice/Impala Wagon,18.8889,32,1995
Chevrolet,S10 Pickup 2WD,22,33,1995
Chevrolet,S10 Pickup 2WD,26,37,1995
Chevrolet,S10 Pickup 2WD,20,30.7692,1995
Chevrolet,S10 Pickup 2WD,19,29,1995
Chevrolet,S10 Pickup 2WD,19,30,1995
Dodge,Charger,23,37.1795,1985
Nissan,Truck 2WD,23,32,1995
Nissan,Truck 2WD,24.4444,33.3333,1995
Nissan,Truck 2WD,19,28,1995
Nissan,Truck 2WD,20,28.2051,1995
GMC,Sonoma 2WD,22,33,1995
GMC,Sonoma 2WD,26,37,1995
GMC,Sonoma 2WD,19,29,1995
GMC,Sonoma 2WD,20,30.7692,1995
GMC,Sonoma 2WD,19,30,1995
Isuzu,Pickup 2WD,24,32,1995
Dodge,Colt,32.2222,41.0256,1985
Mitsubishi,Truck 2WD,21,29,1995
Mitsubishi,Truck 2WD,23,32,1995
Mitsubishi,Truck 4WD,19,28,1995
Toyota,Tacoma 2WD,24,32.0513,1995
Toyota,Tacoma 2WD,24,35.8974,1995
Toyota,Tacoma 2WD,21,28.2051,1995
Toyota,Tacoma 2WD,21,29,1995
Chevrolet,C1500 Pickup 2WD,18,27,1995
Chevrolet,C1500 Pickup 2WD,18,27,1995
Chevrolet,C1500 Pickup 2WD,18,28,1995
Dodge,Colt,41,51.2821,1985
Chevrolet,C1500 Pickup 2WD,16,23.0769,1995
Chevrolet,C1500 Pickup 2WD,15,24,1995
Chevrolet,C1500 Pickup 2WD,14.4444,23,1995
Chevrolet,C1500 Pickup 2WD,16,23,1995
Chevrolet,C1500 Pickup 2WD,18,27,1995
Chevrolet,C1500 Pickup 2WD,19,28,1995
Chevrolet,C1500 Pickup 2WD,21,30,1995
Chevrolet,Pickup 2500 2WD,18,27,1995
Chevrolet,Pickup 2500 2WD,18,27,1995
Chevrolet,Pickup 2500 2WD,18,28,1995
Dodge,Daytona,24.4444,32.0513,1985
Chevrolet,Pickup 2500 2WD,15,22,1995
Chevrolet,Pickup 2500 2WD,15,24,1995
Chevrolet,Pickup 2500 2WD,14,23.0769,1995
Chevrolet,Pickup 2500 2WD,16,23,1995
Chevrolet,Pickup 2500 2WD,17,24.359,1995
Chevrolet,Pickup 2500 2WD,19,28,1995
Chevrolet,Pickup 2500 2WD,21,30,1995
Dodge,Dakota Pickup 2WD,25,35,1995
Dodge,Dakota Pickup 2WD,18,26,1995
Dodge,Dakota Pickup 2WD,19,29,1995
Dodge,Daytona,21.1111,30.7692,1985
Dodge,Dakota Pickup 2WD,16,23,1995
Dodge,Dakota Pickup 2WD,16.6667,25,1995
Dodge,Ram 1500 Pickup 2WD,16.6667,24.359,1995
Dodge,Ram 1500 Pickup 2WD,18,27,1995
Dodge,Ram 1500 Pickup 2WD,14.4444,22,1995
Dodge,Ram 1500 Pickup 2WD,15,24,1995
Dodge,Ram 1500 Pickup 2WD,13,21,1995
Dodge,Ram 2500 Pickup 2WD,14.4444,22,1995
Dodge,Ram 2500 Pickup 2WD,14,21,1995
Dodge,Ram 2500 Pickup 2WD,13,21,1995
Dodge,Daytona,25,43,1985
Dodge,Ram 2500 Pickup 2WD,14,21,1995
Ford,F150 Pickup 2WD,17,25,1995
Ford,F150 Pickup 2WD,17,25,1995
Ford,F150 Pickup 2WD,16,23,1995
Ford,F150 Pickup 2WD,14,22,1995
Ford,F250 Pickup 2WD,15,23,1995
Ford,F250 Pickup 2WD,16,23,1995
Ford,F250 Pickup 2WD,14.4444,23.0769,1995
Ford,F250 Pickup 2WD,15,23,1995
Ford,F250 Pickup 2WD,14,22,1995
Dodge,600 Convertible,22,29,1985
Dodge,600 Convertible,24.4444,32.0513,1985
Ford,Lightning F150 2WD,13,20,1995
Ford,Ranger Pickup 2WD,23,32,1995
Ford,Ranger Pickup 2WD,25,36,1995
Ford,Ranger Pickup 2WD,20,31,1995
Ford,Ranger Pickup 2WD,21,32,1995
Ford,Ranger Pickup 2WD,18,28,1995
Ford,Ranger Pickup 2WD,21,30.7692,1995
GMC,Sierra 1500 2WD,18,27,1995
GMC,Sierra 1500 2WD,18,27,1995
GMC,Sierra 1500 2WD,18,28,1995
Dodge,600 Convertible,21.1111,30.7692,1985
GMC,Sierra 1500 2WD,16,23.0769,1995
GMC,Sierra 1500 2WD,15,24,1995
GMC,Sierra 1500 2WD,14.4444,23,1995
GMC,Sierra 1500 2WD,16,23,1995
GMC,Sierra 1500 2WD,19,28,1995
GMC,Sierra 1500 2WD,18,27,1995
GMC,Sierra 1500 2WD,21,30,1995
GMC,Sierra 2500 2WD,18,27,1995
GMC,Sierra 2500 2WD,18,27,1995
GMC,Sierra 2500 2WD,18,28,1995
Dodge,600 Convertible,23,29,1985
GMC,Sierra 2500 2WD,15,22,1995
GMC,Sierra 2500 2WD,15,24,1995
GMC,Sierra 2500 2WD,14,23,1995
GMC,Sierra 2500 2WD,16,23,1995
GMC,Sierra 2500 2WD,19,28,1995
GMC,Sierra 2500 2WD,17.7778,24.359,1995
GMC,Sierra 2500 2WD,21,30,1995
Mazda,B2300/B3000/B4000 Pickup 2WD,23,32,1995
Mazda,B2300/B3000/B4000 Pickup 2WD,25,36,1995
Mazda,B2300/B3000/B4000 Pickup 2WD,20,30.7692,1995
Ford,Mustang,23,31,1985
Mazda,B2300/B3000/B4000 Pickup 2WD,21,32,1995
Mazda,B2300/B3000/B4000 Pickup 2WD,18.8889,28,1995
Mazda,B2300/B3000/B4000 Pickup 2WD,21,30.7692,1995
Toyota,T100 2WD,22,30,1995
Toyota,T100 2WD,23,32,1995
Toyota,T100 2WD,19,26,1995
Toyota,T100 2WD,20,26.9231,1995
Toyota,Truck 2WD,24.4444,32,1995
Toyota,Truck 2WD,24.4444,35,1995
Toyota,Truck 2WD,20,28.2051,1995
Ford,Mustang,26,37,1985
Toyota,Truck 2WD,20,30,1995
Chevrolet,K1500 Pickup 4WD,17,24,1995
Chevrolet,K1500 Pickup 4WD,16,24,1995
Chevrolet,K1500 Pickup 4WD,17,23,1995
Chevrolet,K1500 Pickup 4WD,14,21,1995
Chevrolet,K1500 Pickup 4WD,14,21.7949,1995
Chevrolet,K1500 Pickup 4WD,13.3333,20,1995
Chevrolet,K1500 Pickup 4WD,13.3333,21,1995
Chevrolet,K1500 Pickup 4WD,14.4444,21.7949,1995
Chevrolet,K1500 Pickup 4WD,17.7778,26,1995
Ford,Mustang,21,33.3333,1985
Chevrolet,K1500 Pickup 4WD,17,23,1995
Chevrolet,K1500 Pickup 4WD,17.7778,24,1995
Chevrolet,Pickup 2500 4WD,16,23,1995
Chevrolet,Pickup 2500 4WD,16,23,1995
Chevrolet,Pickup 2500 4WD,17,22,1995
Chevrolet,Pickup 2500 4WD,14,20,1995
Chevrolet,Pickup 2500 4WD,14,21,1995
Chevrolet,Pickup 2500 4WD,13.3333,20,1995
Chevrolet,Pickup 2500 4WD,13.3333,20,1995
Chevrolet,Pickup 2500 4WD,14,20,1995
Ford,Mustang,21,29,1985
Chevrolet,Pickup 2500 4WD,17.7778,26,1995
Chevrolet,Pickup 2500 4WD,16,23,1995
Chevrolet,Pickup 2500 4WD,17.7778,24,1995
Chevrolet,S10 Pickup 4WD,18,28,1995
Chevrolet,S10 Pickup 4WD,19,27,1995
Chevrolet,S10 Pickup 4WD,18,26.9231,1995
Chevrolet,S10 Pickup 4WD,19,28,1995
Nissan,Truck 4WD,20,26,1995
Nissan,Truck 4WD,17,23,1995
Nissan,Truck 4WD,17,23,1995
Honda,Accord,27.7778,38,1985
Dodge,Dakota Pickup 4WD,17,24,1995
Dodge,Dakota Pickup 4WD,17,24,1995
Dodge,Dakota Pickup 4WD,15,22,1995
Dodge,Dakota Pickup 4WD,14,22,1995
Dodge,Ram 1500 Pickup 4WD,13,20,1995
Dodge,Ram 1500 Pickup 4WD,14,21.7949,1995
Dodge,Ram 1500 Pickup 4WD,12.2222,19,1995
Dodge,Ram 2500 Pickup 4WD,13,20,1995
Dodge,Ram 2500 Pickup 4WD,14,19.2308,1995
Dodge,Ram 2500 Pickup 4WD,12,19,1995
Honda,Accord,27.7778,38,1985
Dodge,Ram 2500 Pickup 4WD,13,19,1995
Ford,F150 Pickup 4WD,16.6667,24.359,1995
Ford,F150 Pickup 4WD,16.6667,23,1995
Ford,F150 Pickup 4WD,15,24,1995
Ford,F150 Pickup 4WD,15,24,1995
Ford,F150 Pickup 4WD,15,22,1995
Ford,F150 Pickup 4WD,14,21.7949,1995
Ford,Ranger Pickup 4WD,24,33.3333,1995
Ford,Ranger Pickup 4WD,19,29,1995
Ford,Ranger Pickup 4WD,20,30.7692,1995
Honda,Accord,28,38,1985
Ford,Ranger Pickup 4WD,18,27,1995
Ford,Ranger Pickup 4WD,19,28,1995
GMC,Sierra 1500 4WD,17,24,1995
GMC,Sierra 1500 4WD,16,24,1995
GMC,Sierra 1500 4WD,17,23,1995
GMC,Sierra 1500 4WD,14,21,1995
GMC,Sierra 1500 4WD,14,21.7949,1995
GMC,Sierra 1500 4WD,13.3333,20,1995
GMC,Sierra 1500 4WD,13.3333,21,1995
GMC,Sierra 1500 4WD,14.4444,21.7949,1995
Ford,Laser,31,39.7436,1985
Honda,Accord,28,40,1985
GMC,Sierra 1500 4WD,17,23,1995
GMC,Sierra 1500 4WD,17.7778,26,1995
GMC,Sierra 1500 4WD,17.7778,24,1995
GMC,Sierra 2500 4WD,16.6667,23,1995
GMC,Sierra 2500 4WD,16,23,1995
GMC,Sierra 2500 4WD,17,22,1995
GMC,Sierra 2500 4WD,14,20,1995
GMC,Sierra 2500 4WD,14,21,1995
GMC,Sierra 2500 4WD,13,19,1995
GMC,Sierra 2500 4WD,13.3333,20,1995
Honda,Accord,26,33,1985
GMC,Sierra 2500 4WD,14,21,1995
GMC,Sierra 2500 4WD,16,23,1995
GMC,Sierra 2500 4WD,17.7778,26,1995
GMC,Sierra 2500 4WD,17.7778,24,1995
GMC,Sonoma 4WD,18,28,1995
GMC,Sonoma 4WD,19,27,1995
GMC,Sonoma 4WD,18,26.9231,1995
GMC,Sonoma 4WD,19,28,1995
Isuzu,Pickup 4WD,19,26,1995
Mazda,B2300/B3000/B4000 Pickup 4WD,24,33.3333,1995
Honda,Civic,41,55,1985
Mazda,B2300/B3000/B4000 Pickup 4WD,19,29,1995
Mazda,B2300/B3000/B4000 Pickup 4WD,20,30.7692,1995
Mazda,B2300/B3000/B4000 Pickup 4WD,18,27,1995
Mazda,B2300/B3000/B4000 Pickup 4WD,19,28,1995
Toyota,Tacoma 4WD,20,27,1995
Toyota,Tacoma 4WD,20,28,1995
Toyota,Tacoma 4WD,19,24,1995
Toyota,Tacoma 4WD,18.8889,24.359,1995
Toyota,T100 4WD,18,23,1995
Toyota,T100 4WD,18.8889,24.359,1995
Honda,Civic,32,41.0256,1985
Toyota,Truck 4WD,20,24.359,1995
Toyota,Truck 4WD,21,28,1995
Toyota,Truck 4WD,15,22,1995
Toyota,Truck 4WD,16.6667,23,1995
Chevrolet,Astro AWD (cargo),18,27,1995
Chevrolet,Astro 2WD (cargo),19,28,1995
Chevrolet,G10/20 Van 2WD,18,27,1995
Chevrolet,G10/20 Van 2WD,15,21.7949,1995
Chevrolet,G10/20 Van 2WD,19,27,1995
Chevrolet,G30 Van 2WD,16,21,1995
Honda,Civic,35,47,1985
Nissan,Pathfinder Van (cargo),17,23,1995
Dodge,B1500/B2500 Van 2WD,17,22,1995
Dodge,B1500/B2500 Van 2WD,14,18,1995
Dodge,B1500/B2500 Van 2WD,14.4444,22,1995
Dodge,B1500/B2500 Van 2WD,13,21,1995
Dodge,B3500 Van 2WD,14.4444,22,1995
Dodge,B3500 Van 2WD,13,21,1995
Ford,Aerostar Van,20,31,1995
Ford,E150 Econoline 2WD,16,20,1995
Ford,E150 Econoline 2WD,15,23,1995
Honda,Prelude,27,39.7436,1985
Ford,E150 Econoline 2WD,14.4444,23.0769,1995
Ford,E150 Econoline 2WD,14,22,1995
Ford,E250 Econoline 2WD,14,17.9487,1995
Ford,E250 Econoline 2WD,14,21.7949,1995
Ford,E250 Econoline 2WD,13,20,1995
GMC,Vandura G15/25 2WD,18,27,1995
GMC,Vandura G15/25 2WD,15,22,1995
GMC,Vandura G15/25 2WD,19,27,1995
GMC,Vandura G35 2WD,16,21,1995
GMC,Safari AWD (cargo),18,27,1995
Isuzu,I-Mark,24,31,1985
GMC,Safari 2WD (cargo),19,28,1995
Chevrolet,Astro AWD (passenger),16.6667,24,1995
Chevrolet,Astro 2WD (passenger),18,26.9231,1995
Chevrolet,Sport Van G10/20 2WD,16,21,1995
Chevrolet,Sport Van G10/20 2WD,15,21,1995
Chevrolet,Sport Van G10/20 2WD,18,25,1995
Dodge,B1500/B2500 Wagon 2WD,17,22,1995
Dodge,B1500/B2500 Wagon 2WD,13,18,1995
Dodge,B1500/B2500 Wagon 2WD,14.4444,22,1995
Dodge,B1500/B2500 Wagon 2WD,13,21,1995
Isuzu,I-Mark,26,37,1985
Dodge,B3500 Wagon 2WD,13,20,1995
Dodge,B3500 Wagon 2WD,12,19,1995
Ford,Aerostar Wagon AWD,17,25,1995
Ford,Aerostar Wagon,19,30,1995
Ford,Aerostar Wagon,18,28.2051,1995
Ford,E150 Club Wagon,14,21.7949,1995
Ford,E150 Club Wagon,14.4444,23.0769,1995
Ford,E150 Club Wagon,13,21,1995
GMC,Rally G15/25 2WD,16,21,1995
GMC,Rally G15/25 2WD,15,21,1995
Isuzu,Impulse,22,32,1985
GMC,Rally G15/25 2WD,18,25,1995
GMC,Safari AWD (passenger),16.6667,24,1995
GMC,Safari 2WD (passenger),18,26.9231,1995
Toyota,Previa,19,28,1995
Toyota,Previa,20,28,1995
Toyota,Previa All-Trac,19,26.9231,1995
Toyota,Previa All-Trac,19,27,1995
Volkswagen,Eurovan Camper,17.7778,23.0769,1995
Volkswagen,Eurovan Camper,17.7778,23,1995
Chevrolet,Blazer 2WD,19,28,1995
Isuzu,Impulse,22,33,1985
Chevrolet,Blazer 2WD,19,30,1995
Chevrolet,Tahoe 1500 2WD,13.3333,19.2308,1995
Chevrolet,Lumina Minivan 2WD,21,29,1995
Chevrolet,Lumina Minivan 2WD,19,32,1995
Nissan,Pathfinder 2WD,17,24,1995
Nissan,Pathfinder 2WD,17,23,1995
Nissan,Quest,19,29,1995
Chrysler,Town and Country 2WD,19,29,1995
Dodge,Caravan C/V/Grand Caravan 2WD,23,32,1995
Dodge,Caravan C/V/Grand Caravan 2WD,22,31,1995
Ford,Laser,33.3333,40,1985
Mercury,Capri,23,31,1985
Dodge,Caravan C/V/Grand Caravan 2WD,20,30,1995
Dodge,Caravan C/V/Grand Caravan 2WD,20,30,1995
Dodge,Caravan/Grand Caravan 2WD,23,32,1995
Dodge,Caravan/Grand Caravan 2WD,24,36,1995
Dodge,Caravan/Grand Caravan 2WD,22,31,1995
Dodge,Caravan/Grand Caravan 2WD,21,32,1995
Dodge,Caravan/Grand Caravan 2WD,20,30,1995
Dodge,Caravan/Grand Caravan 2WD,20,30,1995
Dodge,Caravan/Grand Caravan 2WD,19,29,1995
Jeep,Cherokee 2WD,18.8889,24,1995
Mercury,Capri,26,37,1985
Jeep,Cherokee 2WD,22,30,1995
Jeep,Cherokee 2WD,17,26,1995
Jeep,Cherokee 2WD,18.8889,27,1995
Jeep,Grand Cherokee 2WD,17,26.9231,1995
Ford,Explorer 2WD,17.7778,26,1995
Ford,Explorer 2WD,20,29,1995
Ford,Windstar FWD Van,20,32,1995
Ford,Windstar FWD Van,19,30.7692,1995
Ford,Windstar FWD Wagon,20,32,1995
Ford,Windstar FWD Wagon,19,30.7692,1995
Mercury,Capri,21,29,1985
Federal Coach,Heritage,16,23,1995
Federal Coach,Renaissance,16,23,1995
Federal Coach,Lincoln Stratford,17,28,1995
Kia,Sportage 2WD,21,29,1995
Mercury,Villager FWD Van,19,30,1995
Mercury,Villager FWD Wagon,19,30,1995
GMC,Yukon 1500 2WD,13.3333,19.2308,1995
GMC,Jimmy 2WD,19,28,1995
GMC,Jimmy 2WD,19,30,1995
Isuzu,Rodeo 2WD,20,28,1995
Mazda,GLC,34,40,1985
Honda,Passport 2WD,20,28,1995
Mazda,MPV,20,31,1995
Mazda,MPV,18,28,1995
Pontiac,Trans Sport 2WD,21,29,1995
Pontiac,Trans Sport 2WD,19,32,1995
Plymouth,Voyager/Grand Voyager 2WD,23,32,1995
Plymouth,Voyager/Grand Voyager 2WD,24,36,1995
Plymouth,Voyager/Grand Voyager 2WD,22,31,1995
Plymouth,Voyager/Grand Voyager 2WD,21,32,1995
Plymouth,Voyager/Grand Voyager 2WD,20,30,1995
Mitsubishi,Cordia,26,32.0513,1985
Plymouth,Voyager/Grand Voyager 2WD,20,30,1995
Plymouth,Voyager/Grand Voyager 2WD,19,29,1995
Oldsmobile,Silhouette 2WD,21,29,1995
Oldsmobile,Silhouette 2WD,19,32,1995
Toyota,4Runner 2WD,18.8889,26.9231,1995
Chevrolet,Blazer 4WD,18,26.9231,1995
Chevrolet,Blazer 4WD,19,28,1995
Chevrolet,Suburban 1500 4WD,13,19.2308,1995
Chevrolet,Tahoe 1500 4WD,13,19,1995
Chevrolet,Tahoe 1500 4WD,13.3333,20,1995
Mitsubishi,Cordia,27,41,1985
Chevrolet,Tahoe 1500 4WD,16,22,1995
Nissan,Pathfinder 4WD,16.6667,23,1995
Nissan,Pathfinder 4WD,16.6667,23.0769,1995
Chrysler,Town and Country 4WD,18,28,1995
Dodge,Caravan/Grand Caravan 4WD,19,27,1995
Dodge,Caravan/Grand Caravan 4WD,18,28,1995
Jeep,Cherokee 4WD,18.8889,24,1995
Jeep,Cherokee 4WD,21,28,1995
Jeep,Cherokee 4WD,16,24.359,1995
Jeep,Cherokee 4WD,18.8889,26.9231,1995
Mitsubishi,Mirage,32.2222,41.0256,1985
Jeep,Grand Cherokee 4WD,16.6667,25,1995
Jeep,Grand Cherokee 4WD,17,25,1995
Jeep,Grand Cherokee 4WD,15,23,1995
Jeep,Wrangler 4WD,19,23,1995
Jeep,Wrangler 4WD,21,25,1995
Jeep,Wrangler 4WD,16.6667,21.7949,1995
Jeep,Wrangler 4WD,17,23,1995
Ford,Bronco 4WD,15,24,1995
Ford,Bronco 4WD,15,22,1995
Ford,Bronco 4WD,14,21.7949,1995
Mitsubishi,Mirage,41,51.2821,1985
Ford,Explorer 4WD,17,24.359,1995
Ford,Explorer 4WD,19,27,1995
Kia,Sportage 4WD,20,28,1995
Kia,Sportage 4WD,22,31,1995
Kia,Sportage 4WD,21,28,1995
GMC,Jimmy 4WD,18,26.9231,1995
GMC,Jimmy 4WD,19,28,1995
GMC,Suburban 1500 4WD,13,19.2308,1995
GMC,Yukon 1500 4WD,13,19,1995
GMC,Yukon 1500 4WD,13.3333,20,1995
Mitsubishi,Tredia,26,32.0513,1985
GMC,Yukon 1500 4WD,16,22,1995
Isuzu,Trooper,16.6667,23,1995
Isuzu,Trooper,15,22,1995
Isuzu,Trooper,17.7778,23,1995
Isuzu,Trooper,16,22,1995
Land Rover,Defender 90,15,20,1995
Land Rover,Discovery,14,20,1995
Land Rover,Discovery,13.3333,21,1995
Land Rover,Range Rover,13.3333,21,1995
Land Rover,Range Rover County Classic,14,23,1995
Mitsubishi,Tredia,27,41,1985
Land Rover,Range Rover County LWB,13,21,1995
Mitsubishi,Montero,17,23,1995
Mitsubishi,Montero,17,23,1995
Mitsubishi,Montero,17,23,1995
Mitsubishi,Montero,17.7778,23,1995
Mitsubishi,Montero,16,22,1995
Mazda,MPV 4x4,17,24,1995
Plymouth,Voyager/Grand Voyager 4WD,19,27,1995
Plymouth,Voyager/Grand Voyager 4WD,18,28,1995
Suzuki,Samurai,31,37,1995
Ford,Laser,34.4444,49,1985
Plymouth,Colt,41,51.2821,1985
Toyota,Land Cruiser Wagon 4WD,14.4444,19.2308,1995
Toyota,4Runner 4WD,21,27,1995
Toyota,4Runner 4WD,15,20,1995
Toyota,4Runner 4WD,16.6667,23,1995
Dodge,Dakota Cab Chassis 2WD,16.6667,24.359,1995
Dodge,Dakota Cab Chassis 2WD,14.4444,22,1995
Buick,Coachbuilder Wagon,18.8889,32,1995
Acura,NSX,20,30.7692,1996
Acura,NSX,20,31,1996
BMW,Z3 Roadster,25,40,1996
Plymouth,Turismo,34.4444,51.2821,1985
BMW,Z3 Roadster,25,40,1996
Chevrolet,Corvette,19,32,1996
Chevrolet,Corvette,18,34,1996
Nissan,300ZX,20,30,1996
Nissan,300ZX,20,30.7692,1996
Nissan,300ZX,21,30.7692,1996
Nissan,300ZX,20,30.7692,1996
Dodge,Viper,14,27,1996
Ferrari,Ferrari F355 Berlinetta/GTS,11,19.2308,1996
Honda,Del Sol,32,46,1996
Plymouth,Turismo,23,32,1985
Honda,Del Sol,31,45,1996
Honda,Del Sol,29,38,1996
Honda,Del Sol,38,50,1996
Honda,Del Sol,33,46,1996
Lamborghini,DB132/Diablo,10,18,1996
Mazda,MX-5 Miata,24.4444,35.8974,1996
Mazda,MX-5 Miata,26,37,1996
Mercedes-Benz,SL320,19,31,1996
Mercedes-Benz,SL500,18,30,1996
Mercedes-Benz,SL600,15,26,1996
Plymouth,Turismo,28,44,1985
Suzuki,X-90 2WD,28,36,1996
Suzuki,X-90 4WD,26,35,1996
Suzuki,X-90 4WD,28,36,1996
Vector,Avtech SC / M12,8.8889,16.6667,1996
Audi,Cabriolet,21,31,1996
BMW,318i Convertible,24,39.7436,1996
BMW,318i Convertible,25,40,1996
BMW,328i Convertible,22,34,1996
BMW,328i Convertible,22,37,1996
Nissan,240SX,23,33.3333,1996
Plymouth,Turismo,23,37.1795,1985
Nissan,240SX,24,35.8974,1996
Jaguar,XJS Convertible,20,30.7692,1996
Mitsubishi,Eclipse Convertible,22,33.3333,1996
Mitsubishi,Eclipse Convertible,25,40,1996
Mitsubishi,Eclipse Convertible,22,35.8974,1996
Mitsubishi,Eclipse Convertible,24,37.1795,1996
Porsche,911 Carrera 4/2,19,31,1996
Porsche,911 Carrera 4/2,18,29,1996
Porsche,911 Carrera 4/2,19,32,1996
Porsche,911 Turbo,14,24,1996
Pontiac,Firebird,20,34,1985
Toyota,Celica Convertible,23,36,1996
Toyota,Celica Convertible,24.4444,37,1996
Toyota,Paseo,31,44,1996
Toyota,Paseo,33,45,1996
Toyota,Supra,20,30,1996
Toyota,Supra,20,31,1996
Toyota,Supra,20,30,1996
Acura,Integra,28,40,1996
Acura,Integra,27,40,1996
Acura,Integra,28,40,1996
Pontiac,Firebird,18,33,1985
BMW,M3,22,36,1996
BMW,318i/318is,24,39.7436,1996
BMW,318i/318is,25,40,1996
BMW,328i/328is,22,34,1996
BMW,328i/328is,22,37,1996
BMW,840ci,16.6667,26,1996
BMW,850ci,15,26,1996
Chevrolet,Camaro,21,37,1996
Chevrolet,Camaro,21,39,1996
Chevrolet,Camaro,19,32,1996
Pontiac,Firebird,18,28,1985
Chevrolet,Camaro,18,34,1996
Nissan,Sentra/200SX,31,47,1996
Nissan,Sentra/200SX,33,51,1996
Nissan,Sentra/200SX,26,39,1996
Nissan,Sentra/200SX,26,40,1996
Nissan,300ZX 2x2,20,30,1996
Nissan,300ZX 2x2,21,30.7692,1996
Dodge,Stealth,20,30,1996
Dodge,Stealth,20,31,1996
Dodge,Stealth,21,32,1996
Pontiac,Sunbird Convertible,21.1111,32,1985
Dodge,Stealth,21,31,1996
Dodge,Stealth,20,31,1996
Eagle,Summit,31,41.0256,1996
Eagle,Summit,36,50,1996
Eagle,Summit,29,42,1996
Eagle,Summit,29,42,1996
Eagle,Talon,22,34,1996
Eagle,Talon,22,38,1996
Eagle,Talon,21,32,1996
Eagle,Talon,23.3333,36,1996
Pontiac,Sunbird Convertible,24,38,1985
Eagle,Talon,24.4444,41,1996
Eagle,Talon,26,40,1996
Ford,Aspire,38,54,1996
Ford,Aspire,32.2222,44,1996
Ford,Mustang,22,38,1996
Ford,Mustang,22,38,1996
Ford,Mustang,19,31,1996
Ford,Mustang,20,35,1996
Ford,Mustang,20,33.3333,1996
Ford,Probe,25,39.7436,1996
Ford,Mustang,23.3333,32,1985
Pontiac,1000,29,39,1985
Ford,Probe,29,42,1996
Ford,Probe,22,33,1996
Ford,Probe,23,34,1996
Geo,Metro,49,63,1996
Geo,Metro,33,43,1996
Geo,Metro,43.3333,55,1996
Honda,Civic,32.2222,46.1538,1996
Honda,Civic,31,45,1996
Honda,Civic,33,46,1996
Honda,Civic,37,49,1996
Pontiac,1000,30,41,1985
Honda,Civic HX,39,50,1996
Honda,Civic HX,43,58,1996
Honda,Prelude,24,34,1996
Honda,Prelude,24,33,1996
Honda,Prelude,26.6667,37,1996
Honda,Prelude,23.3333,33.3333,1996
Honda,Prelude,24.4444,34,1996
Infiniti,J30,20,30,1996
Lexus,SC 300/SC 400,20,31,1996
Lexus,SC 300/SC 400,21,31,1996
Pontiac,1000,29,43,1985
Lexus,SC 300/SC 400,20,30,1996
Mazda,MX-3,28.8889,44,1996
Mazda,MX-3,33,48,1996
Mazda,MX-3,22,35,1996
Mazda,MX-3,25,37,1996
Mazda,MX-6,25,39.7436,1996
Mazda,MX-6,29,43,1996
Mazda,MX-6,22,33,1996
Mazda,MX-6,23,33.3333,1996
Mitsubishi,Eclipse,21,32,1996
Subaru,Hatchback,26,33,1985
Mitsubishi,Eclipse,22,38,1996
Mitsubishi,Eclipse,22,34,1996
Mitsubishi,Eclipse,23.3333,36,1996
Mitsubishi,Eclipse,24.4444,41,1996
Mitsubishi,Eclipse,26,40,1996
Mitsubishi,Mirage,31,41.0256,1996
Mitsubishi,Mirage,36,50,1996
Mitsubishi,Mirage,29,42,1996
Mitsubishi,Mirage,29,42,1996
Mitsubishi,3000 GT,20,31,1996
Subaru,Hatchback,29,41.0256,1985
Mitsubishi,3000 GT,21,32,1996
Mitsubishi,3000 GT,20,31,1996
Mitsubishi,3000 GT Spyder,21,30.7692,1996
Mitsubishi,3000 GT Spyder,19,32.0513,1996
Pontiac,Firebird/Formula,21,37,1996
Pontiac,Firebird/Formula,21,39,1996
Pontiac,Firebird/Formula,19,32,1996
Pontiac,Firebird/Formula,18,33,1996
Rolls-Royce,Azure,12,20,1996
Saturn,SC,30,47,1996
Toyota,Corolla Sport,30,42,1985
Saturn,SC,27,44,1996
Saturn,SC,28,45,1996
Saturn,SC,32,51,1996
Subaru,Impreza,26.6667,39,1996
Subaru,Impreza,27.7778,40,1996
Subaru,Impreza AWD,26,37,1996
Subaru,Impreza AWD,24.4444,37,1996
Subaru,Impreza AWD,24,37,1996
Subaru,SVX AWD,19,31,1996
Suzuki,Esteem,30,43,1996
Toyota,Tercel,39,49,1985
Suzuki,Esteem,34,48,1996
Suzuki,Swift,33.3333,44,1996
Suzuki,Swift,43.3333,55,1996
Toyota,Celica,30,43,1996
Toyota,Celica,32,44,1996
Toyota,Celica,24,37,1996
Toyota,Celica,24.4444,37,1996
Toyota,Tercel,34.4444,45,1996
Toyota,Tercel,33.3333,50,1996
Toyota,Tercel,37.7778,51,1996
Toyota,Tercel,33,48.7179,1985
Toyota,Tercel,34.4444,50,1996
Volkswagen,Cabrio,24,36,1996
Volkswagen,Cabrio,25,39,1996
Acura,2.5TL/3.2TL,22,32,1996
Acura,2.5TL/3.2TL,21,30.7692,1996
Audi,A4,20,35.8974,1996
Audi,A4,21,35,1996
Audi,A4 quattro,20,35,1996
Audi,A4 quattro,21,34,1996
Audi,A6,21,32,1996
Buick,Riviera Convertible,18,29,1985
Audi,A6 quattro,21,30.7692,1996
BMW,318ti,25,40,1996
BMW,318ti,25,40,1996
Buick,Skylark,24,41.0256,1996
Buick,Skylark,23,37.1795,1996
Chevrolet,Beretta,27,40,1996
Chevrolet,Beretta,27.7778,47,1996
Chevrolet,Beretta,23,37.1795,1996
Chevrolet,Cavalier,27,40,1996
Chevrolet,Cavalier,28,43,1996
Buick,Skyhawk,21.1111,32,1985
Chevrolet,Cavalier,27.7778,47,1996
Chevrolet,Cavalier,24,41,1996
Chevrolet,Cavalier,25,42,1996
Chevrolet,Corsica,27,40,1996
Chevrolet,Corsica,23,37.1795,1996
Chrysler,Sebring,23,38,1996
Chrysler,Sebring,24,40,1996
Chrysler,Sebring,22,35,1996
Nissan,Altima / Stanza,23,37,1996
Nissan,Altima / Stanza,26.6667,39,1996
Ford,Mustang,26,37.1795,1985
Buick,Skyhawk,24,38,1985
Dodge,Avenger,23,38,1996
Dodge,Avenger,24,41,1996
Dodge,Avenger,22,35,1996
Dodge,Neon,27.7778,42.3077,1996
Dodge,Neon,31,49,1996
Ford,Contour,25,41,1996
Ford,Contour,26.6667,44,1996
Ford,Contour,23,38,1996
Ford,Contour,23,39.7436,1996
Ford,Escort,25,37.1795,1996
Buick,Skyhawk,24,36,1985
Ford,Escort,28,39.7436,1996
Ford,Escort,28,41,1996
Ford,Escort,34,49,1996
Geo,Prizm,29,38,1996
Geo,Prizm,34,44.8718,1996
Geo,Prizm,30,43,1996
Geo,Prizm,32,44,1996
Kia,Sephia,27,39.7436,1996
Kia,Sephia,31,44,1996
Kia,Sephia,23,36,1996
Buick,Skyhawk,28,41,1985
Kia,Sephia,27.7778,38,1996
Honda,Accord,25,39.7436,1996
Honda,Accord,25,37,1996
Honda,Accord,28,41.0256,1996
Honda,Accord,28,39.7436,1996
Honda,Accord,21,32,1996
Hyundai,Accent,30,46,1996
Hyundai,Accent,29,43,1996
Hyundai,Accent,31.1111,47,1996
Hyundai,Accent,30,44.8718,1996
Buick,Skylark,21,33,1985
Hyundai,Accent (Sporty),28,42.3077,1996
Hyundai,Accent (Sporty),30,44.8718,1996
Hyundai,Elantra,25,40,1996
Hyundai,Elantra,27,41,1996
Infiniti,G20,24.4444,36,1996
Infiniti,G20,26.6667,41.0256,1996
Jaguar,XJR,14.4444,24.359,1996
Jaguar,XJ6,19,30,1996
Lexus,ES 300,22.2222,37,1996
Mercury,Mystique,25,41,1996
Buick,Skylark,19,30,1985
Mercury,Mystique,26.6667,44,1996
Mercury,Mystique,23,38,1996
Mercury,Mystique,23,39.7436,1996
Mercury,Tracer,25,37.1795,1996
Mercury,Tracer,28,39.7436,1996
Mercury,Tracer,28,41,1996
Mercury,Tracer,34,49,1996
Mazda,Millenia,22,35.8974,1996
Mazda,Millenia,22,34,1996
Mazda,Protege,30,45,1996
Buick,Somerset Regal,21.1111,33.3333,1985
Mazda,Protege,35,50,1996
Mazda,Protege,25,38,1996
Mazda,Protege,28.8889,42,1996
Mercedes-Benz,C220,26,37.1795,1996
Mercedes-Benz,C280,21,33,1996
Mercedes-Benz,C36 AMG,20,28,1996
Mercedes-Benz,E300 Diesel,31,45,1996
Mercedes-Benz,E320,21,33.3333,1996
Mercedes-Benz,S500 Coupe,17,28,1996
Mercedes-Benz,S600 Coupe,14,26,1996
Cadillac,Cimarron,24,36,1985
Mitsubishi,Diamante,20,31,1996
Mitsubishi,Diamante,20,32,1996
Mitsubishi,Galant,24,35.8974,1996
Mitsubishi,Galant,26,39,1996
Oldsmobile,Achieva,24,41.0256,1996
Oldsmobile,Achieva,25,42,1996
Oldsmobile,Achieva,23,37.1795,1996
Plymouth,Neon,27.7778,42.3077,1996
Plymouth,Neon,31,49,1996
Pontiac,Grand Am,24,41,1996
Cadillac,Cimarron,27,41.0256,1985
Pontiac,Grand Am,25,42,1996
Pontiac,Grand Am,23,37.1795,1996
Pontiac,Sunfire,27,40,1996
Pontiac,Sunfire,28,43,1996
Pontiac,Sunfire,27.7778,47,1996
Pontiac,Sunfire,24,41,1996
Pontiac,Sunfire,25,42,1996
Rolls-Royce,Continental R,12,20,1996
Saturn,SL,27,44,1996
Saturn,SL,30,46.1538,1996
Cadillac,Cimarron,21,33,1985
Saturn,SL,28,45,1996
Saturn,SL,32,51,1996
Subaru,Legacy,26,41,1996
Subaru,Legacy,27,42.3077,1996
Subaru,Legacy AWD,24.4444,37,1996
Subaru,Legacy AWD,24,37,1996
Subaru,Legacy AWD,22,33,1996
Toyota,Corolla,29,38,1996
Toyota,Corolla,34,44.8718,1996
Toyota,Corolla,30,43,1996
Cadillac,Cimarron,19,30,1985
Toyota,Corolla,32,44,1996
Volkswagen,Golf/GTI,45,62.8205,1996
Volkswagen,Golf/GTI,24,36,1996
Volkswagen,Golf/GTI,25,39,1996
Volkswagen,GTI VR6,21,33,1996
Volkswagen,Jetta,45,62.8205,1996
Volkswagen,Jetta,24,36,1996
Volkswagen,Jetta,25,39,1996
Volkswagen,Jetta GLX,20,31,1996
Volkswagen,Jetta GLX,21,33,1996
Ford,Mustang,21,33,1985
Chevrolet,Cavalier,24,36,1985
Volvo,960,20,33,1996
Acura,3.5RL,21,32,1996
Buick,Century,27,40,1996
Buick,Century,22,37,1996
Buick,Regal,22,37,1996
Cadillac,Eldorado,19,33,1996
Chevrolet,Lumina/Monte Carlo,22,37,1996
Chevrolet,Lumina/Monte Carlo,19,33,1996
Chrysler,Cirrus,22.2222,37,1996
Chrysler,Cirrus,22,36,1996
Chevrolet,Cavalier,28,41.0256,1985
Chrysler,Sebring Convertible,22.2222,37,1996
Chrysler,Sebring Convertible,22,36,1996
Nissan,Maxima,23,36,1996
Nissan,Maxima,24,35,1996
Dodge,Stratus,24,39.7436,1996
Dodge,Stratus,28,46,1996
Dodge,Stratus,22.2222,37,1996
Dodge,Stratus,21,36,1996
Dodge,Stratus,22,36,1996
Ford,Taurus,22,37,1996
Chevrolet,Cavalier,27,41.0256,1985
Ford,Taurus,22,37,1996
Ford,Taurus,21,34,1996
Ford,Taurus SHO,19,33,1996
Ford,Thunderbird,21,33,1996
Ford,Thunderbird,19,32,1996
Hyundai,Sonata,23,37,1996
Hyundai,Sonata,24,36,1996
Hyundai,Sonata,20,32,1996
Infiniti,I30,23,35.8974,1996
Infiniti,I30,23.3333,33.3333,1996
Chevrolet,Cavalier,20,30,1985
Infiniti,Q45,19,28.2051,1996
Jaguar,Vanden Plas,19,30,1996
Jaguar,XJ12,13,21,1996
Lexus,GS 300,20,30.7692,1996
Lexus,LS 400,21.1111,33,1996
Mercury,Cougar,21,33,1996
Mercury,Cougar,19,32,1996
Lincoln,Mark VIII,20,33,1996
Mercury,Sable,22,37,1996
Mercury,Sable,22,37,1996
Chevrolet,Cavalier,19,30,1985
Mazda,626,25,39.7436,1996
Mazda,626,29,43,1996
Mazda,626,22,33,1996
Mazda,626,23,33.3333,1996
Oldsmobile,Aurora,19,33,1996
Oldsmobile,Ciera SL,27,40,1996
Oldsmobile,Ciera SL,22,37,1996
Oldsmobile,Cutlass Supreme,22,37,1996
Oldsmobile,Cutlass Supreme,19,33,1996
Plymouth,Breeze,24,39.7436,1996
Nissan,Maxima,21,31,1985
Plymouth,Breeze,28,46.1538,1996
Plymouth,Breeze,22.2222,37,1996
Pontiac,Grand Prix,22,37,1996
Pontiac,Grand Prix,19,33,1996
Rolls-Royce,Brooklands and (LWB),13,21.7949,1996
Rolls-Royce,Turbo R/Turbo Rl,12,20,1996
Rolls-Royce,Silver Spur/Silver Dawn,13,21.7949,1996
Toyota,Camry,23,35,1996
Toyota,Camry,25,39.7436,1996
Toyota,Camry,22.2222,37,1996
Nissan,Stanza,27,35.8974,1985
Volkswagen,Passat,41,58,1996
Volkswagen,Passat,22,35,1996
Volkswagen,Passat,23,37,1996
Volkswagen,Passat,20,32,1996
Volkswagen,Passat,21,33,1996
Volvo,850,21,33,1996
Volvo,850,22,37,1996
Volvo,850,22,37,1996
BMW,740il,19,30.7692,1996
BMW,750il,16.6667,25,1996
Nissan,Stanza,30,42.3077,1985
Buick,Roadmaster,19,33,1996
Cadillac,DeVille,19,33,1996
Cadillac,Fleetwood,19,33,1996
Cadillac,Seville,19,33,1996
Chevrolet,Caprice/Impala,20,33,1996
Chevrolet,Caprice/Impala,19,33,1996
Chrysler,Concorde,21,34,1996
Chrysler,Concorde,20,33,1996
Chrysler,New Yorker/LHS,20,33,1996
Dodge,Intrepid,21,34,1996
Dodge,Omni,34.4444,51.2821,1985
Dodge,Intrepid,19,33.3333,1996
Dodge,Intrepid,20,33,1996
Eagle,Vision,21,34,1996
Eagle,Vision,19,33.3333,1996
Eagle,Vision,20,33,1996
Ford,Crown Victoria,19,32,1996
Ford,Crown Victoria CNG,19,33,1996
Ford,Crown Victoria Police,18.8889,30,1996
Lincoln,Continental,18.8889,32,1996
Mercury,Grand Marquis,19,32,1996
Dodge,Omni,24,33,1985
Lincoln,Town Car,19,32,1996
Mercedes-Benz,S320,19,31,1996
Mercedes-Benz,S320,19,31,1996
Mercedes-Benz,S420,17,28,1996
Mercedes-Benz,S500,16.6667,26.9231,1996
Mercedes-Benz,S600,14,24,1996
Pontiac,Bonneville,19,33,1996
Rolls-Royce,Limousine,12.2222,19,1996
Rolls-Royce,Silver Spur Limousine,12.2222,19,1996
Toyota,Avalon,22.2222,37,1996
Ford,Mustang,21,28,1985
Dodge,Omni,28,44,1985
Audi,A6 quattro Wagon,21,30.7692,1996
Audi,A6 Wagon,21,32,1996
Ford,Escort Wagon,28,41,1996
Ford,Escort Wagon,34,49,1996
Honda,Accord Wagon,23.3333,34,1996
Honda,Accord Wagon,25,37,1996
Honda,Accord Wagon,25,36,1996
Hyundai,Elantra Wagon,24,39.7436,1996
Hyundai,Elantra Wagon,26.6667,41,1996
Mercury,Tracer Wagon,28,41,1996
Dodge,Omni,23,37.1795,1985
Mercury,Tracer Wagon,34,49,1996
Saturn,SW,27,44,1996
Saturn,SW,30,46.1538,1996
Saturn,SW,28,45,1996
Saturn,SW,31,49,1996
Subaru,Impreza Wagon AWD,24.4444,37,1996
Subaru,Impreza Wagon AWD,24,37,1996
Toyota,Corolla Wagon,30,43,1996
Toyota,Corolla Wagon,32,44,1996
Volvo,960 Wagon,20,30,1996
Ford,Escort,30,45,1985
Volvo,960 Wagon,20,33,1996
Buick,Century Wagon,22,37,1996
Eagle,Summit Wagon,26,37,1996
Eagle,Summit Wagon,27,37.1795,1996
Eagle,Summit Wagon,22,33.3333,1996
Eagle,Summit Wagon,20,30,1996
Eagle,Summit Wagon,22.2222,31,1996
Eagle,Summit Wagon,24.4444,35,1996
Ford,Taurus Wagon,21,35,1996
Ford,Taurus Wagon,21,35.8974,1996
Ford,Escort,29,44,1985
Honda,Odyssey,22,31,1996
Isuzu,Oasis,22,31,1996
Mercury,Sable Wagon,21,35,1996
Mercury,Sable Wagon,21,35.8974,1996
Mitsubishi,Expo,22,33.3333,1996
Oldsmobile,Ciera SL Wagon,22,37,1996
Subaru,Legacy Wagon,26,41,1996
Subaru,Legacy Wagon AWD,24.4444,37,1996
Subaru,Legacy Wagon AWD,24,37,1996
Subaru,Legacy Wagon AWD,22,33,1996
Ford,Escort,31,46,1985
Toyota,Camry Wagon,23,35,1996
Toyota,Camry Wagon,22,36,1996
Volkswagen,Passat Wagon,41,58,1996
Volkswagen,Passat Wagon,20,32,1996
Volkswagen,Passat Wagon,21,33,1996
Volvo,850 Wagon,21,33,1996
Volvo,850 Wagon,22,37,1996
Volvo,850 Wagon,22,37,1996
Buick,Roadmaster Wagon,19,33,1996
Chevrolet,Caprice/Impala Wagon,19,33,1996
Ford,Escort,30,48,1985
Chevrolet,S10 Pickup 2WD,22.2222,35,1996
Chevrolet,S10 Pickup 2WD,25,38,1996
Chevrolet,S10 Pickup 2WD,22,31,1996
Chevrolet,S10 Pickup 2WD,20,32,1996
Nissan,Truck 2WD,21,29,1996
Nissan,Truck 2WD,23.3333,33,1996
GMC,Sonoma 2WD,22.2222,35,1996
GMC,Sonoma 2WD,25,38,1996
GMC,Sonoma 2WD,21,31,1996
GMC,Sonoma 2WD,20,32,1996
Ford,Tempo,27,37.1795,1985
Isuzu,Hombre Pickup 2WD,25,38,1996
Mitsubishi,Truck 2WD,21,28,1996
Mitsubishi,Truck 2WD,23,32,1996
Toyota,Tacoma 2WD,24,32,1996
Toyota,Tacoma 2WD,25,36,1996
Toyota,Tacoma 2WD,21,28.2051,1996
Toyota,Tacoma 2WD,21,29,1996
Chevrolet,C1500 Pickup 2WD,18.8889,28,1996
Chevrolet,C1500 Pickup 2WD,19,28.2051,1996
Chevrolet,C1500 Pickup 2WD,16.6667,24.359,1996
Ford,Tempo,27,42,1985
Chevrolet,C1500 Pickup 2WD,17,26,1996
Chevrolet,C1500 Pickup 2WD,16.6667,24,1996
Chevrolet,C1500 Pickup 2WD,16,25,1996
Chevrolet,C1500 Pickup 2WD,18,26.9231,1996
Chevrolet,Pickup 2500 2WD,16.6667,24,1996
Chevrolet,Pickup 2500 2WD,17,25,1996
Chevrolet,Pickup 2500 2WD,16,23.0769,1996
Chevrolet,Pickup 2500 2WD,14,21.7949,1996
Chevrolet,Pickup 2500 2WD,18,25,1996
Dodge,Dakota Pickup 2WD,23.3333,32,1996
Ford,Tempo,24,39,1985
Dodge,Dakota Pickup 2WD,17.7778,26,1996
Dodge,Dakota Pickup 2WD,18,28,1996
Dodge,Dakota Pickup 2WD,16,23.0769,1996
Dodge,Dakota Pickup 2WD,16,26,1996
Dodge,Ram 1500 Pickup 2WD,16,23,1996
Dodge,Ram 1500 Pickup 2WD,18,26,1996
Dodge,Ram 1500 Pickup 2WD,14.4444,22,1996
Dodge,Ram 1500 Pickup 2WD,16,24,1996
Dodge,Ram 1500 Pickup 2WD,13.3333,22,1996
Dodge,Ram 2500 Pickup 2WD,14.4444,22,1996
Ford,Thunderbird,21,33.3333,1985
Dodge,Ram 2500 Pickup 2WD,14,21,1996
Dodge,Ram 2500 Pickup 2WD,13.3333,22,1996
Dodge,Ram 2500 Pickup 2WD,13,20,1996
Ford,F150 Pickup 2WD,15,23.0769,1996
Ford,F150 Pickup 2WD,17,24.359,1996
Ford,F150 Pickup 2WD,15,23,1996
Ford,F150 Pickup 2WD,17,24,1996
Ford,F150 Pickup 2WD,14,22,1996
Ford,F250,14.4444,22,1996
Ford,F250,16,23,1996
Ford,EXP,28,45,1985
Ford,Mustang,18,31,1985
Ford,Thunderbird,20,28,1985
Ford,F250,15,23,1996
Ford,F250,16,23,1996
Ford,F250,14,21.7949,1996
Ford,Ranger Pickup 2WD,22,32,1996
Ford,Ranger Pickup 2WD,24,34,1996
Ford,Ranger Pickup 2WD,20,31,1996
Ford,Ranger Pickup 2WD,21,32,1996
Ford,Ranger Pickup 2WD,19,29,1996
Ford,Ranger Pickup 2WD,20,29,1996
GMC,Sierra 1500 2WD,18.8889,28,1996
Ford,Thunderbird,21,32,1985
GMC,Sierra 1500 2WD,19,28.2051,1996
GMC,Sierra 1500 2WD,16.6667,24,1996
GMC,Sierra 1500 2WD,17,26,1996
GMC,Sierra 1500 2WD,16.6667,24,1996
GMC,Sierra 1500 2WD,16,25,1996
GMC,Sierra 1500 2WD,18,26.9231,1996
GMC,Sierra 2500 2WD,16.6667,24,1996
GMC,Sierra 2500 2WD,17,26,1996
GMC,Sierra 2500 2WD,15,23,1996
GMC,Sierra 2500 2WD,14,21.7949,1996
Mercedes-Benz,500SEC,16,21,1985
GMC,Sierra 2500 2WD,18,25,1996
Mazda,B2300/B3000/B4000 Pickup 2WD,22,32,1996
Mazda,B2300/B3000/B4000 Pickup 2WD,24,34,1996
Mazda,B2300/B3000/B4000 Pickup 2WD,20,31,1996
Mazda,B2300/B3000/B4000 Pickup 2WD,21,32,1996
Mazda,B2300/B3000/B4000 Pickup 2WD,19,29,1996
Mazda,B2300/B3000/B4000 Pickup 2WD,20,29,1996
Toyota,T100 2WD,21,28.2051,1996
Toyota,T100 2WD,22,32.0513,1996
Mercury,Cougar,21,33.3333,1985
Toyota,T100 2WD,19,26,1996
Toyota,T100 2WD,19,27,1996
Chevrolet,K1500 Pickup 4WD,18,26,1996
Chevrolet,K1500 Pickup 4WD,17,26.9231,1996
Chevrolet,K1500 Pickup 4WD,16,23,1996
Chevrolet,K1500 Pickup 4WD,16,24,1996
Chevrolet,K1500 Pickup 4WD,14.4444,22,1996
Chevrolet,K1500 Pickup 4WD,14.4444,23,1996
Chevrolet,K1500 Pickup 4WD,17,24,1996
Chevrolet,S10 Pickup 4WD,18,27,1996
Mercury,Cougar,20,28,1985
Chevrolet,S10 Pickup 4WD,19,28,1996
Nissan,Truck 4WD,19,25,1996
Dodge,Dakota Pickup 4WD,16,23.0769,1996
Dodge,Dakota Pickup 4WD,16.6667,23.0769,1996
Dodge,Dakota Pickup 4WD,14.4444,21.7949,1996
Dodge,Dakota Pickup 4WD,14.4444,23,1996
Dodge,Ram 1500 Pickup 4WD,13,20,1996
Dodge,Ram 1500 Pickup 4WD,14.4444,22,1996
Dodge,Ram 1500 Pickup 4WD,12,19.2308,1996
Dodge,Ram 2500 Pickup 4WD,13,20,1996
Mercury,Lynx,30,45,1985
Dodge,Ram 2500 Pickup 4WD,13,19.2308,1996
Dodge,Ram 2500 Pickup 4WD,12,19.2308,1996
Dodge,Ram 2500 Pickup 4WD,13,19,1996
Ford,F150 Pickup 4WD,14.4444,22,1996
Ford,F150 Pickup 4WD,16,22,1996
Ford,F150 Pickup 4WD,14,22,1996
Ford,F150 Pickup 4WD,16,22,1996
Ford,F150 Pickup 4WD,13,21,1996
Ford,Ranger Pickup 4WD,22.2222,32,1996
Ford,Ranger Pickup 4WD,19,29,1996
Mercury,Lynx,31,46,1985
Ford,Ranger Pickup 4WD,20,31,1996
Ford,Ranger Pickup 4WD,18,27,1996
Ford,Ranger Pickup 4WD,19,27,1996
GMC,Sierra 1500 4WD,18,26,1996
GMC,Sierra 1500 4WD,17,26.9231,1996
GMC,Sierra 1500 4WD,16,23,1996
GMC,Sierra 1500 4WD,16,24,1996
GMC,Sierra 1500 4WD,14.4444,22,1996
GMC,Sierra 1500 4WD,14.4444,23,1996
GMC,Sierra 1500 4WD,17,24,1996
Mercury,Lynx,30,48,1985
GMC,Sonoma 4WD,18,27,1996
GMC,Sonoma 4WD,19,28,1996
Mazda,B2300/B3000/B4000 Pickup 4WD,22.2222,32,1996
Mazda,B2300/B3000/B4000 Pickup 4WD,19,29,1996
Mazda,B2300/B3000/B4000 Pickup 4WD,20,31,1996
Mazda,B2300/B3000/B4000 Pickup 4WD,18,27,1996
Mazda,B2300/B3000/B4000 Pickup 4WD,19,27,1996
Toyota,Tacoma 4WD,20,27,1996
Toyota,Tacoma 4WD,21,29,1996
Toyota,Tacoma 4WD,19,24,1996
Mercury,Lynx,41,56,1985
Toyota,Tacoma 4WD,18.8889,24.359,1996
Toyota,T100 4WD,18,23,1996
Toyota,T100 4WD,18.8889,24.359,1996
Chevrolet,Astro AWD (cargo),18,27,1996
Chevrolet,Astro 2WD (cargo),18.8889,28.2051,1996
Chevrolet,Van 1500/2500 2WD,17,24,1996
Chevrolet,Van 1500/2500 2WD,16,23.0769,1996
Chevrolet,Van 1500/2500 2WD,14.4444,22,1996
Dodge,B1500/B2500 Van 2WD,16.6667,22,1996
Dodge,B1500/B2500 Van 2WD,14,18,1996
Mercury,Topaz,27,37.1795,1985
Dodge,B1500/B2500 Van 2WD,14.4444,22,1996
Dodge,B1500/B2500 Van 2WD,13.3333,22,1996
Dodge,B3500 Van 2WD,14.4444,22,1996
Dodge,B3500 Van 2WD,13.3333,22,1996
Ford,Aerostar Van,20,31,1996
Ford,E150 Econoline 2WD,15,19,1996
Ford,E150 Econoline 2WD,14.4444,22,1996
Ford,E150 Econoline 2WD,15,23,1996
Ford,E150 Econoline 2WD,14,22,1996
Ford,E250 Econoline 2WD,13.3333,18,1996
Ford,Mustang,18,30.7692,1985
Mercury,Topaz,27,42,1985
Ford,E250 Econoline 2WD,13.3333,20,1996
Ford,E250 Econoline 2WD,14,22,1996
GMC,Savana 1500/2500 2WD (cargo),17,24,1996
GMC,Savana 1500/2500 2WD (cargo),16,23.0769,1996
GMC,Savana 1500/2500 2WD (cargo),14.4444,22,1996
GMC,Safari AWD (cargo),18,27,1996
GMC,Safari 2WD (cargo),18.8889,28.2051,1996
Chevrolet,Astro AWD (passenger),17,24,1996
Chevrolet,Astro 2WD (passenger),18,26,1996
Chevrolet,Express 1500/2500 2WD,16.6667,24,1996
Mercury,Topaz,24,39,1985
Chevrolet,Express 1500/2500 2WD,14,22,1996
Chevrolet,Express 1500/2500 2WD,14.4444,23.0769,1996
Dodge,B1500/B2500 Wagon 2WD,16.6667,22,1996
Dodge,B1500/B2500 Wagon 2WD,13,18,1996
Dodge,B1500/B2500 Wagon 2WD,14.4444,22,1996
Dodge,B1500/B2500 Wagon 2WD,13.3333,22,1996
Dodge,B3500 Wagon 2WD,14,22,1996
Dodge,B3500 Wagon 2WD,12,18,1996
Ford,Aerostar Wagon AWD,17,26,1996
Ford,Aerostar Wagon,18.8889,29,1996
Oldsmobile,Calais,21.1111,33.3333,1985
Ford,Aerostar Wagon,19,29,1996
Ford,E150 Club Wagon,13.3333,21,1996
Ford,E150 Club Wagon,14.4444,23.0769,1996
Ford,E150 Club Wagon,13,21.7949,1996
GMC,Savana 1500/2500 2WD (passenger),16.6667,24,1996
GMC,Savana 1500/2500 2WD (passenger),14,22,1996
GMC,Savana 1500/2500 2WD (passenger),14.4444,23.0769,1996
GMC,Safari AWD (passenger),17,24,1996
GMC,Safari 2WD (passenger),18,26,1996
Toyota,Previa,20,28,1996
Oldsmobile,Firenza,24,36,1985
Toyota,Previa All-Trac,19,26,1996
Chevrolet,Blazer 2WD,18.8889,28.2051,1996
Chevrolet,Blazer 2WD,20,31,1996
Chevrolet,Suburban 1500 2WD,14.4444,23,1996
Chevrolet,Tahoe 1500 2WD,15,22,1996
Chevrolet,Lumina Minivan 2WD,21,33,1996
Nissan,Pathfinder 2WD,18,26,1996
Nissan,Pathfinder 2WD,18.8889,25,1996
Nissan,Quest,19,29,1996
Chrysler,Town and Country 2WD,19,31,1996
Oldsmobile,Firenza,28,41,1985
Chrysler,Town and Country 2WD,19,30.7692,1996
Dodge,Caravan/Grand Caravan 2WD,22,33,1996
Dodge,Caravan/Grand Caravan 2WD,20,32,1996
Dodge,Caravan/Grand Caravan 2WD,21,32,1996
Dodge,Caravan/Grand Caravan 2WD,20,31,1996
Dodge,Caravan/Grand Caravan 2WD,19,30.7692,1996
Jeep,Cherokee 2WD,21.1111,29,1996
Jeep,Cherokee 2WD,17,27,1996
Jeep,Cherokee 2WD,20,29,1996
Jeep,Grand Cherokee 2WD,17,27,1996
Oldsmobile,Firenza,21,31,1985
Ford,Explorer 2WD,17.7778,27,1996
Ford,Explorer 2WD,20,29,1996
Ford,Explorer 2WD,15,23,1996
Ford,Windstar FWD Van,19,32.0513,1996
Ford,Windstar FWD Van,19,30,1996
Ford,Windstar FWD Wagon,19,32.0513,1996
Ford,Windstar FWD Wagon,19,30,1996
Kia,Sportage 2WD,21.1111,30,1996
Mercury,Villager FWD Van,19,29,1996
Mercury,Villager FWD Wagon,19,29,1996
Oldsmobile,Firenza,19,30,1985
Geo,Tracker Convertible 2WD,26,31,1996
Geo,Tracker Convertible 2WD,26.6667,33,1996
Geo,Tracker Van 2WD,24,32,1996
Geo,Tracker Van 2WD,26.6667,33,1996
GMC,Suburban 1500 2WD,14.4444,23,1996
GMC,Yukon 1500 2WD,15,22,1996
GMC,Jimmy 2WD,18.8889,28.2051,1996
GMC,Jimmy 2WD,20,31,1996
Isuzu,Rodeo 2WD,21.1111,28,1996
Isuzu,Rodeo 2WD,17,24,1996
Plymouth,Horizon,34.4444,51.2821,1985
Isuzu,Rodeo 2WD,18,24,1996
Honda,Passport 2WD,21.1111,28,1996
Honda,Passport 2WD,17,24,1996
Honda,Passport 2WD,18,24,1996
Mazda,MPV,18,28,1996
Pontiac,Trans Sport 2WD,21,33,1996
Plymouth,Voyager/Grand Voyager 2WD,22,33,1996
Plymouth,Voyager/Grand Voyager 2WD,20,32,1996
Plymouth,Voyager/Grand Voyager 2WD,21,32,1996
Plymouth,Voyager/Grand Voyager 2WD,20,31,1996
Plymouth,Horizon,24,33,1985
Suzuki,Sidekick 2Door 2WD,26,31,1996
Suzuki,Sidekick 2Door 2WD,26,33,1996
Suzuki,Sidekick 4Door 2WD,24,32,1996
Suzuki,Sidekick 4Door 2WD,26,33,1996
Oldsmobile,Silhouette 2WD,21,33,1996
Toyota,RAV4 2WD,26.6667,37,1996
Toyota,RAV4 2WD,27,38,1996
Toyota,4Runner 2WD,22.2222,31,1996
Toyota,4Runner 2WD,22,32.0513,1996
Toyota,4Runner 2WD,20,27,1996
Plymouth,Horizon,28,44,1985
Acura,SLX,16,23,1996
Acura,SLX,17,23,1996
Chevrolet,Blazer AWD,18,27,1996
Chevrolet,Blazer 4WD,18,27,1996
Chevrolet,Blazer 4WD,19,28,1996
Chevrolet,Suburban 1500 4WD,14,22,1996
Chevrolet,Tahoe 1500 4WD,14.4444,22,1996
Chevrolet,Tahoe 1500 4WD,16.6667,23,1996
Nissan,Pathfinder 4WD,17,24,1996
Nissan,Pathfinder 4WD,18,23,1996
Honda,Accord,27,39,1985
Pontiac,Grand Am,21.1111,33.3333,1985
Chrysler,Town and Country 4WD,17.7778,28.2051,1996
Dodge,Caravan/Grand Caravan 4WD,17.7778,28.2051,1996
Jeep,Cherokee 4WD,21,28,1996
Jeep,Cherokee 4WD,17,24.359,1996
Jeep,Cherokee 4WD,19,28,1996
Jeep,Grand Cherokee 4WD,17,26,1996
Jeep,Grand Cherokee 4WD,15,23.0769,1996
Ford,Bronco 4WD,14,22,1996
Ford,Bronco 4WD,16,22,1996
Ford,Bronco 4WD,13,21,1996
Pontiac,Sunbird,21.1111,32,1985
Ford,Explorer 4WD,17,26,1996
Ford,Explorer 4WD,18,26,1996
Ford,Explorer 4WD,15,23,1996
Kia,Sportage 4WD,20,27,1996
Kia,Sportage 4WD,20,28,1996
Lexus,LX 450,14.4444,19.2308,1996
Geo,Tracker Convertible 4x4,26,31,1996
Geo,Tracker Convertible 4x4,26.6667,33,1996
Geo,Tracker Van 4x4,24,32,1996
Geo,Tracker Van 4x4,26.6667,33,1996
Pontiac,Sunbird,24,38,1985
GMC,Jimmy AWD,18,27,1996
GMC,Jimmy 4WD,18,27,1996
GMC,Jimmy 4WD,19,28,1996
GMC,Suburban 1500 4WD,14,22,1996
GMC,Yukon 1500 4WD,14.4444,22,1996
GMC,Yukon 1500 4WD,16.6667,23.0769,1996
Isuzu,Rodeo 4WD,17,23.0769,1996
Isuzu,Rodeo 4WD,18,24,1996
Isuzu,Trooper,16,23,1996
Isuzu,Trooper,17.7778,23,1996
Pontiac,Sunbird,28,41.0256,1985
Honda,Passport 4WD,17,23.0769,1996
Honda,Passport 4WD,18,24,1996
Land Rover,Discovery,15,21,1996
Land Rover,Range Rover 4.0,14,21.7949,1996
Land Rover,Range Rover 4.6,13.3333,20,1996
Mitsubishi,Montero,17,23,1996
Mitsubishi,Montero,18,24,1996
Mitsubishi,Montero,17,23,1996
Mitsubishi,Montero,17.7778,23,1996
Mitsubishi,Montero,16,23,1996
Subaru,Sedan,29,37,1985
Mazda,MPV 4x4,16.6667,24,1996
Plymouth,Voyager/Grand Voyager 4WD,17.7778,28.2051,1996
Suzuki,Sidekick Sport 4WD,23.3333,31,1996
Suzuki,Sidekick Sport 4WD,25,32,1996
Suzuki,Sidekick 2Door 4WD,26,31,1996
Suzuki,Sidekick 2Door 4WD,26,33,1996
Suzuki,Sidekick 4Door 4WD,24,32,1996
Suzuki,Sidekick 4Door 4WD,26,33,1996
Oldsmobile,Bravada AWD,18,27,1996
Toyota,Land Cruiser Wagon 4WD,14.4444,19.2308,1996
Toyota,Corolla,31,41.0256,1985
Toyota,RAV4 4WD,24.4444,34,1996
Toyota,RAV4 4WD,24.4444,34,1996
Toyota,4Runner 4WD,21,28,1996
Toyota,4Runner 4WD,19,27,1996
Toyota,4Runner 4WD,19,24.359,1996
Toyota,4Runner 4WD,19,24.359,1996
Buick,Funeral Coach/Hearse,19,33,1996
BMW,Z3 Roadster,25,40,1997
BMW,Z3 Roadster,25,40,1997
Ferrari,Ferrari F355,11,19.2308,1997
Volvo,240 DL/GL/turbo,19,29,1985
Honda,Del Sol,31.1111,45,1997
Honda,Del Sol,31,44.8718,1997
Honda,Del Sol,36.6667,50,1997
Honda,Del Sol,29,38,1997
Honda,Del Sol,33,46,1997
Lamborghini,DB132/144 - Diablo,10,18,1997
Lotus,Esprit V8,17,29,1997
Mazda,MX-5 Miata,24.4444,35.8974,1997
Mazda,MX-5 Miata,25,37,1997
Mercedes-Benz,SL320,20,31,1997
Audi,5000S,19,26,1985
Mercedes-Benz,SL500,17,29,1997
Mercedes-Benz,SL600,14.4444,26,1997
Suzuki,X-90 2WD,26,35,1997
Suzuki,X-90 2WD,28,36,1997
Suzuki,X-90 4WD,26,35,1997
Suzuki,X-90 4WD,28,36,1997
Vector,Avtech SC / M12,10,16.6667,1997
Aston Martin,DB7 Coupe,16,26,1997
Aston Martin,DB7 Coupe,15,26.9231,1997
Aston Martin,DB7 Volante,16,26,1997
Buick,Century,20,33,1985
Aston Martin,DB7 Volante,15,26.9231,1997
Audi,Cabriolet,21,31,1997
BMW,318i Convertible,24,39.7436,1997
BMW,318i Convertible,25,40,1997
BMW,328ic,21,33.3333,1997
BMW,328ic,22,37,1997
Nissan,240SX,23.3333,34,1997
Nissan,240SX,24.4444,35.8974,1997
Mitsubishi,Eclipse Convertible,22,33.3333,1997
Mitsubishi,Eclipse Convertible,26,40,1997
Buick,Century,19,32,1985
Mitsubishi,Eclipse Convertible,22,35.8974,1997
Mitsubishi,Eclipse Convertible,24,38,1997
Porsche,911 Carrera 4/2,19,31,1997
Porsche,911 Carrera 4/2,19,32,1997
Porsche,911 Carrera 4/2,18,29,1997
Porsche,911 Turbo,14,24,1997
Toyota,Celica Convertible,24.4444,38,1997
Toyota,Celica Convertible,24,36,1997
Toyota,Paseo,30,41,1997
Toyota,Paseo,34,48,1997
Honda,Accord,30,42,1985
Buick,Century,30,45,1985
Toyota,Paseo Convertible,30,41,1997
Toyota,Paseo Convertible,32.2222,45,1997
Toyota,Supra,20,31,1997
Toyota,Supra,20,30,1997
Toyota,Supra,20,30,1997
Toyota,Supra,19,31,1997
Acura,Integra,28,40,1997
Acura,Integra,27,40,1997
Acura,Integra,28,40,1997
Acura,2.2CL/3.0CL,25,37,1997
Buick,Regal,20,30.7692,1985
Acura,2.2CL/3.0CL,28,39.7436,1997
Acura,2.2CL/3.0CL,22,35.8974,1997
BMW,M3,21,36,1997
BMW,M3,22,36,1997
BMW,318i/318is,24,39.7436,1997
BMW,318i/318is,25,40,1997
BMW,328i/328is,21,33.3333,1997
BMW,328i/328is,22,37,1997
BMW,840ci,16.6667,26,1997
BMW,850ci,15,26,1997
Buick,Regal,20,33,1985
Chevrolet,Camaro,21,37,1997
Chevrolet,Camaro,21,39,1997
Chevrolet,Camaro,19,32,1997
Chevrolet,Camaro,18,34,1997
Nissan,Sentra/200SX,30,46,1997
Nissan,Sentra/200SX,32.2222,50,1997
Nissan,Sentra/200SX,26,39,1997
Nissan,Sentra/200SX,26,40,1997
Eagle,Talon,22,34,1997
Eagle,Talon,23,39.7436,1997
Buick,Riviera,18,29,1985
Eagle,Talon,21,32,1997
Eagle,Talon,24.4444,42,1997
Eagle,Talon,26,40,1997
Eagle,Talon,23.3333,36,1997
Ferrari,Ferrari 456,10,19,1997
Ferrari,Ferrari 456,11,21,1997
Ford,Aspire,31,40,1997
Ford,Aspire,38,54,1997
Ford,Mustang,22,38,1997
Ford,Mustang,22,38,1997
Cadillac,Eldorado,18,29,1985
Ford,Mustang,19,31,1997
Ford,Mustang,20,33.3333,1997
Ford,Mustang,18.8889,33,1997
Ford,Probe,25,39.7436,1997
Ford,Probe,29,42,1997
Ford,Probe,22,33.3333,1997
Ford,Probe,23,34,1997
Geo,Metro,49,63,1997
Geo,Metro,33,44,1997
Geo,Metro,43,55,1997
Cadillac,Seville,18,29,1985
Geo,Prizm,28,37.1795,1997
Geo,Prizm,33.3333,44,1997
Geo,Prizm,30,44,1997
Geo,Prizm,32.2222,45,1997
Honda,Civic,38,49,1997
Honda,Civic,31,44.8718,1997
Honda,Civic,32,45,1997
Honda,Civic,41,56,1997
Honda,Civic,33,46,1997
Honda,Civic,36,49,1997
Chevrolet,Celebrity,21,33,1985
Hyundai,Tiburon (Coupe),25,40,1997
Hyundai,Tiburon (Coupe),24.4444,38,1997
Hyundai,Tiburon (Coupe),23,36,1997
Hyundai,Tiburon (Coupe),24,37.1795,1997
Infiniti,J30,20,30,1997
Lexus,SC 300/SC 400,20,31,1997
Lexus,SC 300/SC 400,21,31,1997
Lexus,SC 300/SC 400,20,29,1997
Mazda,MX-6,26,40,1997
Mazda,MX-6,29,44,1997
Chevrolet,Celebrity,29,44,1985
Mazda,MX-6,22,33,1997
Mazda,MX-6,23,33,1997
Mitsubishi,Eclipse,23,39.7436,1997
Mitsubishi,Eclipse,21,32,1997
Mitsubishi,Eclipse,22,34,1997
Mitsubishi,Eclipse,23.3333,36,1997
Mitsubishi,Eclipse,24.4444,42,1997
Mitsubishi,Eclipse,26,40,1997
Mitsubishi,3000 GT,20,30,1997
Mitsubishi,3000 GT,20,31,1997
Chevrolet,Citation II,21,33,1985
Mitsubishi,3000 GT,21,32,1997
Mitsubishi,3000 GT,21,31,1997
Mitsubishi,3000 GT,20,31,1997
Mitsubishi,3000 GT Spyder,21,30.7692,1997
Mitsubishi,3000 GT Spyder,19,32.0513,1997
Pontiac,Firebird/Formula,21,37,1997
Pontiac,Firebird/Formula,21,39,1997
Pontiac,Firebird/Formula,19,32,1997
Pontiac,Firebird/Formula,18,33,1997
Rolls-Royce,Azure,12,20,1997
Chevrolet,Citation II,19,30,1985
Rolls-Royce,Continental T,12,20,1997
Saab,900 Convertible,20,33,1997
Saab,900 Convertible,22,35,1997
Saab,900 Convertible,21,35,1997
Saab,900 Convertible,23,37,1997
Saab,900 Convertible,21,32,1997
Saturn,SC,27,43,1997
Saturn,SC,30,47,1997
Saturn,SC,30,47,1997
Saturn,SC,31,51.2821,1997
Honda,Accord,25,35,1985
Chevrolet,Monte Carlo,20,33,1985
Subaru,Impreza AWD,27,38,1997
Subaru,Impreza AWD,26,39,1997
Subaru,Impreza AWD,25,38,1997
Subaru,SVX AWD,19,31,1997
Suzuki,Esteem,30,43,1997
Suzuki,Esteem,34,48,1997
Suzuki,Swift,33.3333,44,1997
Suzuki,Swift,43,55,1997
Toyota,Celica,30,44,1997
Toyota,Celica,32.2222,44.8718,1997
Chevrolet,Monte Carlo,18,27,1985
Toyota,Celica,24,37,1997
Toyota,Celica,24,36,1997
Toyota,Corolla,28,37.1795,1997
Toyota,Corolla,34,44.8718,1997
Toyota,Corolla,30,44,1997
Toyota,Corolla,32.2222,44.8718,1997
Toyota,Tercel,32,43,1997
Toyota,Tercel,33,48,1997
Toyota,Tercel,36,50,1997
Volkswagen,Cabrio,24,37,1997
Chevrolet,Monte Carlo,18,30,1985
Volkswagen,Cabrio,26.6667,40,1997
Acura,2.5TL/3.2TL,22,32.0513,1997
Acura,2.5TL/3.2TL,21,30.7692,1997
Audi,A4,23,38,1997
Audi,A4,20,35.8974,1997
Audi,A4,21,35,1997
Audi,A4 quattro,22,37.1795,1997
Audi,A4 quattro,20,35,1997
Audi,A4 quattro,21,33.3333,1997
Audi,A6,21,32,1997
Chrysler,LeBaron,24.4444,33,1985
Audi,A6 quattro,21,30.7692,1997
BMW,318ti,25,40,1997
BMW,318ti,25,40,1997
BMW,528i,21,33.3333,1997
BMW,528i,22,37,1997
BMW,540i,20,31,1997
BMW,540i,17,30.7692,1997
Buick,Skylark,24,41.0256,1997
Buick,Skylark,22,37,1997
Chevrolet,Cavalier,27,40,1997
Chrysler,LeBaron,21.1111,30.7692,1985
Chevrolet,Cavalier,27.7778,43,1997
Chevrolet,Cavalier,27.7778,47,1997
Chevrolet,Cavalier,25,44,1997
Chevrolet,Cavalier,24,41,1997
Chevrolet,Cavalier,25,42,1997
Chrysler,Sebring,23,38,1997
Chrysler,Sebring,24,40,1997
Chrysler,Sebring,22,35,1997
Chrysler,Sebring Convertible,22,36,1997
Chrysler,Sebring Convertible,20,35.8974,1997
Chrysler,LeBaron,23,29,1985
Chrysler,Sebring Convertible,20,34,1997
Nissan,Altima / Stanza,23,37,1997
Nissan,Altima / Stanza,26.6667,39,1997
Dodge,Avenger,23,38,1997
Dodge,Avenger,24,41,1997
Dodge,Avenger,22,35,1997
Dodge,Neon,28,43,1997
Dodge,Neon,32,50,1997
Ford,Contour,25,41,1997
Ford,Contour,26.6667,42,1997
Chrysler,LeBaron GTS,21.1111,30.7692,1985
Ford,Contour,23,39,1997
Ford,Contour,22.2222,38,1997
Ford,Escort,29,44,1997
Ford,Escort,31,48,1997
Kia,Sephia,27,39.7436,1997
Kia,Sephia,31,44,1997
Kia,Sephia,26,38,1997
Kia,Sephia,27,41.0256,1997
Honda,Accord,26,39,1997
Honda,Accord,25,37,1997
Chrysler,LeBaron GTS,24.4444,32.0513,1985
Honda,Accord,28,41.0256,1997
Honda,Accord,28,39.7436,1997
Honda,Accord,21,32,1997
Hyundai,Accent (SOHC),30,46,1997
Hyundai,Accent (SOHC),31.1111,47,1997
Hyundai,Elantra,25,40,1997
Hyundai,Elantra,27,41,1997
Jaguar,XJ6,19,30,1997
Lexus,ES 300,21,33.3333,1997
Mercury,Mystique,25,41,1997
Chrysler,LeBaron GTS,24.4444,42,1985
Mercury,Mystique,26.6667,42,1997
Mercury,Mystique,23,39,1997
Mercury,Mystique,22,37,1997
Mercury,Tracer,29,44,1997
Mercury,Tracer,31,48,1997
Mazda,Millenia,22,35.8974,1997
Mazda,Millenia,22,34,1997
Mazda,Protege,28,42,1997
Mazda,Protege,33,47,1997
Mazda,Protege,25,38,1997
Chrysler,LeBaron GTS,25,42,1985
Mazda,Protege,29,41,1997
Mercedes-Benz,C230,25,39,1997
Mercedes-Benz,C280,22,34,1997
Mercedes-Benz,C36 AMG,20,31,1997
Mercedes-Benz,S500 Coupe,17,28,1997
Mercedes-Benz,S600 Coupe,14,25,1997
Mitsubishi,Galant,24,36,1997
Mitsubishi,Galant,26,39,1997
Mitsubishi,Galant,22,34,1997
Mitsubishi,Mirage,32,46,1997
Honda,Accord,26.6667,36,1985
Chrysler,New Yorker,21.1111,30.7692,1985
Mitsubishi,Mirage,37,51.2821,1997
Mitsubishi,Mirage,30,42.3077,1997
Mitsubishi,Mirage,32,47,1997
Oldsmobile,Achieva,24,41.0256,1997
Oldsmobile,Achieva,25,42,1997
Oldsmobile,Achieva,22.2222,37.1795,1997
Plymouth,Neon,28,43,1997
Plymouth,Neon,32,50,1997
Pontiac,Grand Am,24,41,1997
Pontiac,Grand Am,25,42,1997
Chrysler,New Yorker,23,29,1985
Pontiac,Grand Am,22,37.1795,1997
Pontiac,Sunfire,27,40,1997
Pontiac,Sunfire,27.7778,43,1997
Pontiac,Sunfire,27.7778,47,1997
Pontiac,Sunfire,25,44,1997
Pontiac,Sunfire,24,41,1997
Pontiac,Sunfire,25,42,1997
Rolls-Royce,Continental R,12,20,1997
Saturn,SL,27,43,1997
Saturn,SL,30,47,1997
Chrysler,Newport/Fifth Avenue,18,26,1985
Saturn,SL,30,47,1997
Saturn,SL,31,51.2821,1997
Subaru,Legacy,27,40,1997
Subaru,Legacy AWD,26,39,1997
Subaru,Legacy AWD,25,38,1997
Subaru,Legacy AWD,23,34,1997
Subaru,Legacy AWD,23,35,1997
Volkswagen,Golf/GTI,44,63,1997
Volkswagen,Golf/GTI,24,37,1997
Volkswagen,Golf/GTI,26.6667,40,1997
Dodge,Aries,23,32,1985
Volkswagen,GTI VR6,21,32.0513,1997
Volkswagen,Jetta,44,63,1997
Volkswagen,Jetta,24,37,1997
Volkswagen,Jetta,26.6667,40,1997
Volkswagen,Jetta GLX,20,31,1997
Volkswagen,Jetta GLX,21,32.0513,1997
Volvo,960/S90,20,33,1997
Acura,3.5RL,21,32,1997
Audi,A8,19,33,1997
Audi,A8,19,32,1997
Dodge,Aries,28,39,1985
Buick,Regal/Century,22,37,1997
Buick,Regal/Century,21.1111,38,1997
Buick,Riviera,21,36,1997
Buick,Riviera,20,34,1997
Cadillac,Catera,20,32,1997
Cadillac,Eldorado,19,33,1997
Cadillac,Seville,19,33,1997
Chevrolet,Lumina/Monte Carlo,22,37,1997
Chevrolet,Lumina/Monte Carlo,19,33,1997
Chevrolet,Malibu,22,37,1997
Dodge,Aries,27,44,1985
Chrysler,Cirrus,22.2222,39,1997
Chrysler,Cirrus,22,37,1997
Chrysler,Cirrus,22,37,1997
Nissan,Maxima,23,36,1997
Nissan,Maxima,24,34,1997
Dodge,Stratus,24,41,1997
Dodge,Stratus,29,48,1997
Dodge,Stratus,22.2222,39,1997
Dodge,Stratus,22,37,1997
Dodge,Stratus,22,37,1997
Dodge,Aries,28,44,1985
Ford,Taurus,21,36,1997
Ford,Taurus,22,36,1997
Ford,Taurus SHO,19,33,1997
Ford,Thunderbird,20,33,1997
Ford,Thunderbird,19,32,1997
Hyundai,Sonata,22,35,1997
Hyundai,Sonata,23.3333,35.8974,1997
Hyundai,Sonata,20,31,1997
Infiniti,I30,23,35.8974,1997
Infiniti,I30,23.3333,33.3333,1997
Dodge,Aries,24.4444,33,1985
Infiniti,Q45,20,30.7692,1997
Lexus,GS 300,20,30.7692,1997
Lexus,LS 400,21,32,1997
Mercury,Cougar,20,33,1997
Mercury,Cougar,19,32,1997
Lincoln,Mark VIII,20,33.3333,1997
Mercury,Sable,21,36,1997
Mercury,Sable,22,36,1997
Mazda,626,26,40,1997
Mazda,626,29,44,1997
Dodge,Aries,23,29,1985
Mazda,626,22,33,1997
Mazda,626,23,33,1997
Mercedes-Benz,E300 Diesel,29,42.3077,1997
Mercedes-Benz,E320,22.2222,35,1997
Mercedes-Benz,E420,20,32,1997
Oldsmobile,Aurora,19,33,1997
Oldsmobile,Cutlass,22,37,1997
Oldsmobile,Cutlass Supreme,22,37,1997
Oldsmobile,Cutlass Supreme,19,33,1997
Mitsubishi,Diamante,20,33,1997
Dodge,Diplomat,18,26,1985
Plymouth,Breeze,24,41,1997
Plymouth,Breeze,29,48,1997
Pontiac,Grand Prix,22,37,1997
Pontiac,Grand Prix,20,36,1997
Pontiac,Grand Prix,21.1111,38,1997
Rolls-Royce,Brooklands,12,20,1997
Rolls-Royce,Brooklands,13,21.7949,1997
Rolls-Royce,Turbo R,12,20,1997
Rolls-Royce,Silver Dawn,13,21.7949,1997
Rolls-Royce,Silver Spur,12,20,1997
Honda,Civic,42.2222,54,1985
Dodge,Lancer,21.1111,30.7692,1985
Saab,900,20,33,1997
Saab,900,22,35,1997
Saab,900,21,35,1997
Saab,900,23,37,1997
Saab,900,21,32,1997
Toyota,Camry,25,39,1997
Toyota,Camry,25,40,1997
Toyota,Camry,21,33.3333,1997
Toyota,Camry,22,36,1997
Volkswagen,Passat,42,60,1997
Dodge,Lancer,24.4444,32.0513,1985
Volkswagen,Passat,20,32,1997
Volkswagen,Passat,21,33,1997
Volvo,850,21,33,1997
Volvo,850,22,37,1997
Volvo,850,22,34,1997
Volvo,850,22,37,1997
BMW,740il,19,30.7692,1997
BMW,750il,16.6667,25,1997
Buick,LeSabre,21.1111,38,1997
Buick,Park Avenue,21,36,1997
Dodge,Lancer,24.4444,42.3077,1985
Buick,Park Avenue,20,34,1997
Cadillac,DeVille,19,33,1997
Chrysler,Concorde,21,35,1997
Chrysler,Concorde,19,33.3333,1997
Chrysler,New Yorker/LHS,19,33.3333,1997
Dodge,Intrepid,21,35,1997
Dodge,Intrepid,19,33.3333,1997
Dodge,Intrepid,19,33.3333,1997
Eagle,Vision,21,35,1997
Eagle,Vision,19,33.3333,1997
Dodge,Lancer,25,42.3077,1985
Eagle,Vision,19,33.3333,1997
Ford,Crown Victoria CNG,19,32.0513,1997
Ford,Crown Victoria,19,32,1997
Lincoln,Continental,19,32,1997
Mercury,Grand Marquis,19,32,1997
Lincoln,Town Car,19,32,1997
Mercedes-Benz,S320,19,31,1997
Mercedes-Benz,S320,19,31,1997
Mercedes-Benz,S420,17.7778,28,1997
Mercedes-Benz,S500,16.6667,26.9231,1997
Dodge,600,21.1111,30.7692,1985
Mercedes-Benz,S600,14,24,1997
Oldsmobile,Eighty-Eight/Regency,20,34,1997
Oldsmobile,Eighty-Eight/Regency,21,37,1997
Pontiac,Bonneville,20,36,1997
Pontiac,Bonneville,21,36,1997
Rolls-Royce,Limousine,12.2222,19,1997
Rolls-Royce,Park Ward,12,17.9487,1997
Rolls-Royce,Silver Spur Limousine,12.2222,19,1997
Saab,9000,19,33,1997
Saab,9000,19,33,1997
Dodge,600,24.4444,32.0513,1985
Saab,9000,22,37,1997
Saab,9000,22,37,1997
Saab,9000,20,33,1997
Toyota,Avalon,23,39.7436,1997
Audi,A6 quattro Wagon,21,30.7692,1997
Audi,A6 Wagon,21,32,1997
Ford,Escort Wagon,29,44,1997
Ford,Escort Wagon,31,48,1997
Honda,Accord Wagon,23,33.3333,1997
Honda,Accord Wagon,25,37,1997
Dodge,600,23,29,1985
Honda,Accord Wagon,25,36,1997
Hyundai,Elantra Wagon,24,39.7436,1997
Hyundai,Elantra Wagon,26.6667,41.0256,1997
Mercury,Tracer Wagon,29,44,1997
Mercury,Tracer Wagon,31,48,1997
Saturn,SW,27,43,1997
Saturn,SW,30,44,1997
Saturn,SW,30,47,1997
Saturn,SW,31,48,1997
Subaru,Impreza Wagon AWD,26,39,1997
Ford,LTD,23,31,1985
Subaru,Impreza Wagon AWD,25,38,1997
Volvo,960 Wagon/V90,20,33,1997
Ford,Taurus Wagon,20,33.3333,1997
Ford,Taurus Wagon,21,34,1997
Honda,Odyssey,23,33.3333,1997
Isuzu,Oasis,23,33.3333,1997
Mercury,Sable Wagon,20,33.3333,1997
Mercury,Sable Wagon,21,34,1997
Subaru,Legacy Wagon,27,40,1997
Subaru,Legacy Wagon AWD,25,38,1997
Ford,LTD,20,28,1985
Subaru,Legacy Wagon AWD,25,38,1997
Subaru,Legacy Wagon AWD,23,34,1997
Subaru,Legacy Wagon AWD,23,35,1997
Volkswagen,Passat Wagon,42,60,1997
Volkswagen,Passat Wagon,20,32,1997
Volkswagen,Passat Wagon,21,33,1997
Volvo,850 Wagon,21,33,1997
Volvo,850 Wagon,22,34,1997
Volvo,850 Wagon,22,37,1997
Volvo,850 Wagon,22,37,1997
Mercedes-Benz,500SE,16,21,1985
Chevrolet,S10 Pickup 2WD,22,35,1997
Chevrolet,S10 Pickup 2WD,25,38,1997
Chevrolet,S10 Pickup 2WD,19,29,1997
Chevrolet,S10 Pickup 2WD,20,32,1997
Nissan,Truck 2WD,21,29,1997
Nissan,Truck 2WD,23.3333,32,1997
GMC,Sonoma 2WD,22,35,1997
GMC,Sonoma 2WD,25,38,1997
GMC,Sonoma 2WD,19,29,1997
GMC,Sonoma 2WD,20,32,1997
Honda,Civic,29,36,1985
Mercedes-Benz,500SEL,16,21,1985
Isuzu,Hombre Pickup 2WD,25,38,1997
Toyota,Tacoma 2WD,24,32.0513,1997
Toyota,Tacoma 2WD,25,37,1997
Toyota,Tacoma 2WD,20,26.9231,1997
Toyota,Tacoma 2WD,21,29,1997
Chevrolet,C1500 Pickup 2WD,18,27,1997
Chevrolet,C1500 Pickup 2WD,19,28,1997
Chevrolet,C1500 Pickup 2WD,17,26.9231,1997
Chevrolet,C1500 Pickup 2WD,16.6667,26,1997
Chevrolet,C1500 Pickup 2WD,16.6667,24,1997
Mercury,Marquis,23,31,1985
Chevrolet,C1500 Pickup 2WD,16,24.359,1997
Chevrolet,Pickup 2500 2WD,17,24.359,1997
Chevrolet,Pickup 2500 2WD,16.6667,26,1997
Chevrolet,Pickup 2500 2WD,16.6667,24,1997
Chevrolet,Pickup 2500 2WD,16,24.359,1997
Chevrolet,Pickup 2500 2WD,16.6667,23,1997
Dodge,Dakota Pickup 2WD,22,32,1997
Dodge,Dakota Pickup 2WD,18,26.9231,1997
Dodge,Dakota Pickup 2WD,18.8889,28,1997
Dodge,Dakota Pickup 2WD,15,23,1997
Mercury,Marquis,20,28,1985
Dodge,Dakota Pickup 2WD,16,26,1997
Dodge,Ram 1500 Pickup 2WD,16.6667,24.359,1997
Dodge,Ram 1500 Pickup 2WD,17,27,1997
Dodge,Ram 1500 Pickup 2WD,14.4444,23,1997
Dodge,Ram 1500 Pickup 2WD,15,24,1997
Dodge,Ram 1500 Pickup 2WD,14,22,1997
Ford,F150 Pickup 2WD,19,28,1997
Ford,F150 Pickup 2WD,19,28,1997
Ford,F150 Pickup 2WD,17.7778,27,1997
Ford,F150 Pickup 2WD,17.7778,27,1997
Oldsmobile,Cutlass Ciera,20,33,1985
Ford,F150 Pickup 2WD,15,23,1997
Ford,F250 Pickup 2WD,16.6667,25,1997
Ford,F250 Pickup 2WD,15,24,1997
Ford,F250 Pickup 2WD,15,23,1997
Ford,Ranger Pickup 2WD,23,32.0513,1997
Ford,Ranger Pickup 2WD,26,34,1997
Ford,Ranger Pickup 2WD,19,30,1997
Ford,Ranger Pickup 2WD,20,31,1997
Ford,Ranger Pickup 2WD,18,28,1997
Ford,Ranger Pickup 2WD,20,30,1997
Oldsmobile,Cutlass Ciera,19,32,1985
GMC,Sierra 1500 2WD,18,27,1997
GMC,Sierra 1500 2WD,19,29,1997
GMC,Sierra 1500 2WD,17,26.9231,1997
GMC,Sierra 1500 2WD,16.6667,26,1997
GMC,Sierra 1500 2WD,16.6667,24,1997
GMC,Sierra 1500 2WD,16,25,1997
GMC,Sierra 2500 2WD,16.6667,23.0769,1997
GMC,Sierra 2500 2WD,16.6667,26,1997
GMC,Sierra 2500 2WD,16.6667,24,1997
GMC,Sierra 2500 2WD,16,24.359,1997
Oldsmobile,Cutlass Supreme,20,30.7692,1985
GMC,Sierra 2500 2WD,16.6667,23,1997
Mazda,B2300/B3000/B4000 Pickup 2WD,20,31,1997
Mazda,B2300/B3000/B4000 Pickup 2WD,23,32.0513,1997
Mazda,B2300/B3000/B4000 Pickup 2WD,26,34,1997
Mazda,B2300/B3000/B4000 Pickup 2WD,19,30,1997
Mazda,B2300/B3000/B4000 Pickup 2WD,18,28,1997
Mazda,B2300/B3000/B4000 Pickup 2WD,20,30,1997
Toyota,T100 2WD,21.1111,29,1997
Toyota,T100 2WD,21,30,1997
Toyota,T100 2WD,18.8889,25,1997
Oldsmobile,Cutlass Supreme,19,30,1985
Toyota,T100 2WD,18,26,1997
Chevrolet,K1500 Pickup 4WD,17,24.359,1997
Chevrolet,K1500 Pickup 4WD,17,26,1997
Chevrolet,K1500 Pickup 4WD,16,23,1997
Chevrolet,K1500 Pickup 4WD,14,23.0769,1997
Chevrolet,K1500 Pickup 4WD,14.4444,22,1997
Chevrolet,K1500 Pickup 4WD,14,23,1997
Chevrolet,K1500 Pickup 4WD,16.6667,23,1997
Chevrolet,S10 Pickup 4WD,18,27,1997
Chevrolet,S10 Pickup 4WD,18.8889,28,1997
Oldsmobile,Toronado,18,29,1985
Nissan,Truck 4WD,19,24.359,1997
Dodge,Dakota Pickup 4WD,16.6667,23.0769,1997
Dodge,Dakota Pickup 4WD,17,24,1997
Dodge,Dakota Pickup 4WD,14.4444,21.7949,1997
Dodge,Dakota Pickup 4WD,14.4444,23,1997
Dodge,Ram 1500 Pickup 4WD,14,22,1997
Dodge,Ram 1500 Pickup 4WD,14.4444,23,1997
Dodge,Ram 1500 Pickup 4WD,13,21,1997
Ford,F150 Pickup 4WD,17,24,1997
Ford,F150 Pickup 4WD,18,25,1997
Plymouth,Caravelle,24.4444,32.0513,1985
Ford,F150 Pickup 4WD,16,23,1997
Ford,F150 Pickup 4WD,16.6667,23,1997
Ford,F150 Pickup 4WD,14.4444,22,1997
Ford,F250 Pickup 4WD,15,23,1997
Ford,F250 Pickup 4WD,15,23,1997
Ford,F250 Pickup 4WD,14,21.7949,1997
Ford,Ranger Pickup 4WD,17.7778,26,1997
Ford,Ranger Pickup 4WD,19,28,1997
Ford,Ranger Pickup 4WD,17.7778,26,1997
Ford,Ranger Pickup 4WD,18,26,1997
Plymouth,Caravelle,21.1111,30.7692,1985
GMC,Sierra 1500 4WD,17,25,1997
GMC,Sierra 1500 4WD,17,26.9231,1997
GMC,Sierra 1500 4WD,16,23,1997
GMC,Sierra 1500 4WD,14,23.0769,1997
GMC,Sierra 1500 4WD,14.4444,22,1997
GMC,Sierra 1500 4WD,14,23,1997
GMC,Sierra 1500 4WD,16.6667,23,1997
GMC,Sonoma 4WD,18,27,1997
GMC,Sonoma 4WD,18.8889,28,1997
Mazda,B2300/B3000/B4000 Pickup 4WD,17.7778,26,1997
Honda,Civic,33.3333,44,1985
Plymouth,Caravelle,23,29,1985
Mazda,B2300/B3000/B4000 Pickup 4WD,19,28,1997
Mazda,B2300/B3000/B4000 Pickup 4WD,17.7778,26,1997
Mazda,B2300/B3000/B4000 Pickup 4WD,18,26,1997
Toyota,Tacoma 4WD,20,27,1997
Toyota,Tacoma 4WD,20,28,1997
Toyota,Tacoma 4WD,18,24.359,1997
Toyota,Tacoma 4WD,18.8889,24.359,1997
Toyota,T100 4WD,17.7778,22,1997
Toyota,T100 4WD,18,24,1997
Chevrolet,Astro AWD (cargo),18,27,1997
Plymouth,Gran Fury,18,26,1985
Chevrolet,Astro 2WD (cargo),19,29,1997
Chevrolet,Van 1500/2500 2WD,17,24,1997
Chevrolet,Van 1500/2500 2WD,16,23,1997
Chevrolet,Van 1500/2500 2WD,16,23.0769,1997
Dodge,B1500/B2500 Van 2WD,17,22,1997
Dodge,B1500/B2500 Van 2WD,14,19,1997
Dodge,B1500/B2500 Van 2WD,15,23,1997
Dodge,B1500/B2500 Van 2WD,14,22,1997
Dodge,B3500 Van 2WD,15,23,1997
Dodge,B3500 Van 2WD,14,22,1997
Plymouth,Reliant,23,32,1985
Ford,Aerostar Van,19,30,1997
Ford,E150 Econoline 2WD,17,25,1997
Ford,E150 Econoline 2WD,16.6667,25,1997
Ford,E150 Econoline 2WD,14,23.0769,1997
Ford,E250 Econoline 2WD,15,23,1997
Ford,E250 Econoline 2WD,14,22,1997
GMC,Savana 1500/2500 2WD (cargo),17,24,1997
GMC,Savana 1500/2500 2WD (cargo),16,23,1997
GMC,Savana 1500/2500 2WD (cargo),16,23.0769,1997
GMC,Safari AWD (cargo),18,27,1997
Plymouth,Reliant,28,39,1985
GMC,Safari 2WD (cargo),19,29,1997
Chevrolet,Astro AWD (passenger),17,24,1997
Chevrolet,Astro 2WD (passenger),18,27,1997
Chevrolet,Express 1500/2500 2WD,16.6667,24,1997
Chevrolet,Express 1500/2500 2WD,16,23,1997
Chevrolet,Express 1500/2500 2WD,14.4444,23.0769,1997
Dodge,B1500/B2500 Wagon 2WD,17,22,1997
Dodge,B1500/B2500 Wagon 2WD,14.4444,23,1997
Dodge,B1500/B2500 Wagon 2WD,14,22,1997
Dodge,B3500 Wagon 2WD,13,19.2308,1997
Plymouth,Reliant,27,44,1985
Dodge,B3500 Wagon 2WD,12,19,1997
Ford,Aerostar Wagon AWD,16,24,1997
Ford,Aerostar Wagon,18,30,1997
Ford,Aerostar Wagon,18,28,1997
Ford,E150 Club Wagon,15,23,1997
Ford,E150 Club Wagon,15,23,1997
Ford,E150 Club Wagon,13.3333,22,1997
GMC,Savana 1500/2500 2WD (passenger),16.6667,24,1997
GMC,Savana 1500/2500 2WD (passenger),16,23,1997
GMC,Savana 1500/2500 2WD (passenger),14.4444,23.0769,1997
Plymouth,Reliant,28,44,1985
GMC,Safari AWD (passenger),17,24,1997
GMC,Safari 2WD (passenger),18,27,1997
Toyota,Previa,20,28,1997
Toyota,Previa All-Trac,19,26,1997
Volkswagen,Eurovan Camper,16,23,1997
Chevrolet,Blazer 2WD,19,29,1997
Chevrolet,Blazer 2WD,20,32,1997
Chevrolet,Suburban 1500 2WD,14.4444,23.0769,1997
Chevrolet,Tahoe 1500 2WD,16.6667,24,1997
Chevrolet,Venture 2WD,20,32.0513,1997
Plymouth,Reliant,24.4444,33,1985
Nissan,Pathfinder 2WD,18,25,1997
Nissan,Pathfinder 2WD,19,25,1997
Nissan,Quest,19,30,1997
Chrysler,Town and Country 2WD,19,31,1997
Chrysler,Town and Country 2WD,19,30.7692,1997
Dodge,Caravan/Grand Caravan 2WD,22,32,1997
Dodge,Caravan/Grand Caravan 2WD,20,32,1997
Dodge,Caravan/Grand Caravan 2WD,21,31,1997
Dodge,Caravan/Grand Caravan 2WD,20,31,1997
Dodge,Caravan/Grand Caravan 2WD,19,30.7692,1997
Plymouth,Reliant,23,29,1985
Jeep,Grand Cherokee 2WD,17.7778,27,1997
Jeep,Grand Cherokee 2WD,15,23,1997
Ford,Expedition 2WD,16.6667,25,1997
Ford,Expedition 2WD,15,23,1997
Ford,Explorer 2WD,17,26,1997
Ford,Explorer 2WD,16.6667,24.359,1997
Ford,Explorer 2WD,20,30,1997
Ford,Explorer 2WD,15,23.0769,1997
Ford,Windstar FWD Van,19,32.0513,1997
Ford,Windstar FWD Van,19,29,1997
Pontiac,Bonneville,20,30.7692,1985
Ford,Windstar FWD Wagon,19,32.0513,1997
Ford,Windstar FWD Wagon,19,29,1997
Kia,Sportage 2WD,21,27,1997
Kia,Sportage 2WD,21,28,1997
Mercury,Mountaineer 2WD,15,23.0769,1997
Mercury,Villager FWD Van,19,29,1997
Mercury,Villager FWD Wagon,19,29,1997
Geo,Tracker Convertible 2WD,26,31,1997
Geo,Tracker Convertible 2WD,26.6667,33,1997
Geo,Tracker Van 2WD,24,32,1997
Pontiac,Bonneville,18,27,1985
Geo,Tracker Van 2WD,26.6667,33,1997
GMC,Suburban 1500 2WD,14.4444,23.0769,1997
GMC,Yukon 1500 2WD,16.6667,24,1997
GMC,Jimmy 2WD,19,29,1997
GMC,Jimmy 2WD,20,32,1997
Isuzu,Rodeo 2WD,21.1111,28,1997
Isuzu,Rodeo 2WD,17,24,1997
Isuzu,Rodeo 2WD,18,24,1997
Honda,Passport 2WD,21.1111,28,1997
Honda,Passport 2WD,17,24,1997
Honda,Prelude,26,38,1985
Pontiac,Grand Prix,20,30.7692,1985
Honda,Passport 2WD,18,24,1997
Mazda,MPV,18,27,1997
Pontiac,Trans Sport 2WD,20,32.0513,1997
Plymouth,Voyager/Grand Voyager 2WD,22,32,1997
Plymouth,Voyager/Grand Voyager 2WD,20,32,1997
Plymouth,Voyager/Grand Voyager 2WD,21,31,1997
Plymouth,Voyager/Grand Voyager 2WD,20,31,1997
Suzuki,Sidekick Sport 2WD,23.3333,31,1997
Suzuki,Sidekick Sport 2WD,24.4444,32,1997
Suzuki,Sidekick 2Door 2WD,26,31,1997
Pontiac,Grand Prix,18,27,1985
Suzuki,Sidekick 2Door 2WD,26,33,1997
Suzuki,Sidekick 4Door 2WD,24,32,1997
Suzuki,Sidekick 4Door 2WD,26,33,1997
Oldsmobile,Silhouette 2WD,20,32.0513,1997
Toyota,RAV4 2WD,26,36,1997
Toyota,RAV4 2WD,26.6667,36,1997
Toyota,4Runner 2WD,22,31,1997
Toyota,4Runner 2WD,21,30,1997
Toyota,4Runner 2WD,19,26.9231,1997
Acura,SLX,16,23,1997
Pontiac,Grand Prix,18,30.7692,1985
Acura,SLX,17,23,1997
Chevrolet,Blazer AWD,18,27,1997
Chevrolet,Blazer 4WD,18,27,1997
Chevrolet,Blazer 4WD,18.8889,28,1997
Chevrolet,Suburban 1500 4WD,13.3333,20,1997
Chevrolet,Tahoe 1500 4WD,14.4444,22,1997
Chevrolet,Tahoe 1500 4WD,16.6667,23,1997
Nissan,Pathfinder 4WD,17,24,1997
Nissan,Pathfinder 4WD,18,23,1997
Chrysler,Town and Country 4WD,17,28,1997
Pontiac,6000,21,32.0513,1985
Dodge,Caravan/Grand Caravan 4WD,17,28,1997
Jeep,Grand Cherokee 4WD,17,25,1997
Jeep,Grand Cherokee 4WD,15,22,1997
Ford,Expedition 4WD,15,23,1997
Ford,Expedition 4WD,14,21.7949,1997
Ford,Explorer 4WD,17,24.359,1997
Ford,Explorer 4WD,16,24,1997
Ford,Explorer 4WD,18,26,1997
Ford,Explorer 4WD,15,23,1997
Kia,Sportage 4WD,21,28,1997
Pontiac,6000,29,44,1985
Kia,Sportage 4WD,21,29,1997
Mercury,Mountaineer 4WD,15,23,1997
Infiniti,QX4 4WD,17,24,1997
Lexus,LX 450,14.4444,19.2308,1997
Geo,Tracker Convertible 4x4,26,31,1997
Geo,Tracker Convertible 4x4,26.6667,33,1997
Geo,Tracker Van 4x4,24,32,1997
Geo,Tracker Van 4x4,26.6667,33,1997
GMC,Jimmy AWD,18,27,1997
GMC,Jimmy 4WD,18,27,1997
Buick,Electra/Park Avenue,19,32,1985
GMC,Jimmy 4WD,18.8889,28,1997
GMC,Suburban 1500 4WD,13.3333,20,1997
GMC,Yukon 1500 4WD,14.4444,22,1997
GMC,Yukon 1500 4WD,16.6667,23,1997
Isuzu,Rodeo 4WD,17,23.0769,1997
Isuzu,Rodeo 4WD,18,24,1997
Isuzu,Trooper,16,23,1997
Isuzu,Trooper,17.7778,23,1997
Honda,Passport 4WD,17,23.0769,1997
Honda,Passport 4WD,18,24,1997
Buick,Electra/Park Avenue,24,41,1985
Land Rover,Defender 90,15,19,1997
Land Rover,Discovery,15,22,1997
Land Rover,Discovery,14,22,1997
Land Rover,Range Rover,14,22,1997
Land Rover,Range Rover,13,20,1997
Mitsubishi,Montero,17.7778,24,1997
Mitsubishi,Montero,17,23,1997
Mitsubishi,Montero,18,24.359,1997
Mitsubishi,Montero,17.7778,24,1997
Mazda,MPV 4x4,16.6667,24,1997
Buick,LeSabre,19,27,1985
Suzuki,Sidekick Sport 4WD,23.3333,31,1997
Suzuki,Sidekick Sport 4WD,24.4444,32,1997
Suzuki,Sidekick 2Door 4WD,26,31,1997
Suzuki,Sidekick 2Door 4WD,26,33,1997
Suzuki,Sidekick 4Door 4WD,24,32,1997
Suzuki,Sidekick 4Door 4WD,26,33,1997
Oldsmobile,Bravada AWD,18,27,1997
Toyota,Land Cruiser Wagon 4WD,14.4444,19.2308,1997
Toyota,RAV4 4WD,24.4444,33.3333,1997
Toyota,RAV4 4WD,24,33.3333,1997
Buick,LeSabre,19,30,1985
Toyota,4Runner 4WD,20,28,1997
Toyota,4Runner 4WD,18,27,1997
Toyota,4Runner 4WD,18,24.359,1997
Toyota,4Runner 4WD,18,24,1997
Acura,NSX,19.8733,30.3612,1998
Acura,NSX,19.4,30.1295,1998
Aston Martin,DB7 Coupe,15.6,26.2,1998
Aston Martin,DB7 Coupe,15,26.3,1998
Aston Martin,DB7 Volante,15.6,26.2,1998
Aston Martin,DB7 Volante,15,26.3,1998
Cadillac,Fleetwood/DeVille (FWD),19,30,1985
BMW,M Roadster,22.2,36,1998
BMW,Z3 Roadster,24.966,39.1636,1998
BMW,Z3 Roadster,25.7315,41.0884,1998
BMW,Z3 Roadster,20.1,31.2,1998
BMW,Z3 Roadster,20.6,33.2,1998
Chevrolet,Corvette,18.6,31.7776,1998
Chevrolet,Corvette,19.8564,34.8859,1998
Dodge,Viper Convertible,12.9514,27.0565,1998
Dodge,Viper Coupe,12.9514,27.0565,1998
Ferrari,Ferrari 550 Maranello,10.1,18.9,1998
Ford,EXP,25,43,1985
Honda,Prelude,27.7778,40,1985
Cadillac,Fleetwood/DeVille (FWD),24,41,1985
Ferrari,Ferrari F355/355 F1,10.9991,17.9728,1998
Ferrari,Ferrari F355/355 F1,11.1,19.6,1998
Lamborghini,DB132/144 Diablo,10.9,17.3,1998
Lotus,98 Esprit V8,17.2,29.5,1998
Mercedes-Benz,SL500,17.4,29.4,1998
Mercedes-Benz,SL600,15,25.3,1998
Porsche,Boxster,18.3899,30.623,1998
Porsche,Boxster,21.2,33.9499,1998
Suzuki,X-90 4WD,25.8657,34.874,1998
Suzuki,X-90 4WD,27.5634,35.8814,1998
Chevrolet,Impala/Caprice,19,30,1985
Suzuki,X-90 RWD,25.8641,34.8807,1998
Suzuki,X-90 RWD,27.6179,35.9288,1998
Audi,Cabriolet,21,30.7,1998
BMW,323i Convertible,20.8956,34.6788,1998
BMW,323i Convertible,22.4856,38.3202,1998
BMW,328i Convertible,20.4924,33.4147,1998
BMW,328i Convertible,21.821,36.5059,1998
BMW,M3 Convertible,19.2,32.1,1998
BMW,M3 Convertible,22.2,36,1998
Jaguar,XK8 Convertible,18.8157,30.6253,1998
Chevrolet,Impala/Caprice,19,32,1985
Mitsubishi,Eclipse Convertible,22.3,33.3333,1998
Mitsubishi,Eclipse Convertible,25.5,40.1,1998
Mitsubishi,Eclipse Convertible,22.7922,36.0357,1998
Mitsubishi,Eclipse Convertible,24.375,38.0046,1998
Nissan,240SX,23.7006,34.0476,1998
Nissan,240SX,24.7,35.4,1998
Porsche,911 Carrera 4/2,18.4462,30.3344,1998
Porsche,911 Carrera 4/2,18.5499,31.9,1998
Porsche,911 Carrera 4/2,17.8157,29.1335,1998
Toyota,Celica Convertible,25.4839,38.3624,1998
Chevrolet,Impala/Caprice,18,30.7692,1985
Toyota,Celica Convertible,24.342,35.6032,1998
Toyota,Paseo,29.7476,40.7848,1998
Toyota,Paseo,32.3167,44.9583,1998
Toyota,Paseo Convertible,29.7476,40.7848,1998
Toyota,Paseo Convertible,31.9,44.2,1998
Toyota,Supra,20.8995,31.2,1998
Toyota,Supra,20.1,29.5,1998
Toyota,Supra,18.5337,30.8528,1998
Acura,2.3CL/3.0CL,24.5,37.9,1998
Acura,2.3CL/3.0CL,27.1,40.2,1998
Oldsmobile,Delta 88 Royale,19,27,1985
Acura,2.3CL/3.0CL,21.7329,35.8658,1998
Acura,Integra,26.7776,40.2978,1998
Acura,Integra,27.8144,40.1853,1998
Acura,Integra,28.1393,39.1155,1998
Bentley,Azure,12.3,20,1998
Bentley,Continental SC,12.3,20,1998
Bentley,Continental T,12.3846,20.3127,1998
BMW,318i/318is,24.3,39.7,1998
BMW,318i/318is,25.7315,41.0884,1998
BMW,323is,20.8956,34.6788,1998
Oldsmobile,Delta 88 Royale,19,30,1985
BMW,323is,22.4856,38.3202,1998
BMW,328i/328is,20.4924,33.4147,1998
BMW,328i/328is,21.821,36.5059,1998
BMW,M3,20.9,36.1,1998
BMW,M3,22.2,36,1998
Chevrolet,Camaro,21.0253,36.917,1998
Chevrolet,Camaro,21.3884,38.8496,1998
Chevrolet,Camaro,18.7041,31.6751,1998
Chevrolet,Camaro,19.7868,34.7615,1998
Chevrolet,Cavalier,25.8,37.5,1998
Oldsmobile,Ninety-Eight Regency,19,32,1985
Chevrolet,Cavalier,25.7028,39.7888,1998
Chevrolet,Cavalier,26.6,43.6,1998
Chevrolet,Cavalier,24.6254,41.5008,1998
Chevrolet,Cavalier,25.1,42.5,1998
Chevrolet,Metro,48.9244,63.1646,1998
Chevrolet,Metro,33.4745,44.0837,1998
Chevrolet,Metro,43.2225,54.9276,1998
Eagle,Talon,23.0639,38.9952,1998
Eagle,Talon,22.5,34.2,1998
Eagle,Talon,21.3,31.8,1998
Oldsmobile,Ninety-Eight Regency,24,41,1985
Eagle,Talon,23.0864,39.0532,1998
Eagle,Talon,22.5,34.2,1998
Eagle,Talon,21.3,31.8,1998
Eagle,Talon,25.2823,42.7594,1998
Eagle,Talon,25.7,40.2,1998
Eagle,Talon,23.7,35.6,1998
Eagle,Talon,25.0045,42.1509,1998
Eagle,Talon,25.7,40.2,1998
Eagle,Talon,23.7,35.6,1998
Ferrari,Ferrari 456 GT/GTA,10.6991,19.1,1998
Pontiac,Parisienne,19,30,1985
Ferrari,Ferrari 456 GT/GTA,10.9,20.6,1998
Ford,Escort ZX2,27.9229,42.5144,1998
Ford,Escort ZX2,28.5139,42.3518,1998
Ford,Mustang,21.1338,35.9473,1998
Ford,Mustang,22.5829,37.4137,1998
Ford,Mustang,18.9355,30.8113,1998
Ford,Mustang,19.317,33.2959,1998
Ford,Mustang,18.7317,32.4813,1998
Honda,Civic,31.9365,45.9531,1998
Honda,Civic CNG,30.8,43.8,1998
Pontiac,Parisienne,19,32,1985
Honda,Civic,30.6,44.6,1998
Honda,Civic,35.5383,47.7721,1998
Honda,Civic,32.8,45,1998
Honda,Civic HX,38.0242,49.4123,1998
Honda,Civic HX,39.6472,55.8537,1998
Honda,Prelude,23.7794,34.8465,1998
Honda,Prelude,25.0392,34.1086,1998
Hyundai,Tiburon,24.8,37.6483,1998
Hyundai,Tiburon,24.6751,39.4556,1998
Jaguar,XK8,19.3979,31.6987,1998
Honda,Prelude,24,33.3333,1985
Pontiac,Parisienne,18,30.7692,1985
Lexus,SC 300/SC 400,20.8228,30.3997,1998
Lexus,SC 300/SC 400,20.6326,31.896,1998
Mercedes-Benz,CLK320,23.3,37.5,1998
Mitsubishi,3000 GT,20.4,29.6499,1998
Mitsubishi,3000 GT,19.9,30.8,1998
Mitsubishi,3000 GT,20.9,31.1,1998
Mitsubishi,3000 GT,21.2,31.7,1998
Mitsubishi,3000 GT,19.6,31.2,1998
Mitsubishi,3000 GT Spyder,19.7468,30.0433,1998
Mitsubishi,3000 GT Spyder,18.9,31.4499,1998
Buick,Skyhawk Wagon,24,36,1985
Mitsubishi,Eclipse,23.0246,38.9003,1998
Mitsubishi,Eclipse,21.3,31.8,1998
Mitsubishi,Eclipse,22.5,34.2,1998
Mitsubishi,Eclipse,25.0045,42.1509,1998
Mitsubishi,Eclipse,25.7,40.2,1998
Mitsubishi,Eclipse,23.7,35.6,1998
Mitsubishi,Mirage,31.638,45.6975,1998
Mitsubishi,Mirage,36.7923,51.4087,1998
Mitsubishi,Mirage,28.8911,42.1686,1998
Mitsubishi,Mirage,31.6779,46.7048,1998
Buick,Skyhawk Wagon,28,41,1985
Nissan,Sentra/200SX,29.7,46.1387,1998
Nissan,Sentra/200SX,32.5205,49.4613,1998
Nissan,Sentra/200SX,25.5499,37.9,1998
Nissan,Sentra/200SX,25.2532,39.1535,1998
Pontiac,Firebird/Formula,21.0196,36.9132,1998
Pontiac,Firebird/Formula,21.3803,38.8143,1998
Pontiac,Firebird/Formula,19.4585,30.9828,1998
Pontiac,Firebird/Formula,19.2652,33.8297,1998
Pontiac,Sunfire,25.8,37.5,1998
Pontiac,Sunfire,25.7028,39.7888,1998
Chevrolet,Cavalier Wagon,24,36,1985
Pontiac,Sunfire,26.6,43.6,1998
Pontiac,Sunfire,24.5052,41.5,1998
Pontiac,Sunfire,25.1,42.5,1998
Saab,900SE Convertible,20.8,31.3,1998
Saab,900S Convertible,24.6,35.7,1998
Saab,900SE Convertible,22.4,35.1,1998
Saab,900S Convertible,22.4,33.6,1998
Saturn,SC,27.1548,43.2237,1998
Saturn,SC,29.9659,47.4712,1998
Saturn,SC,28.6986,46.0497,1998
Chevrolet,Cavalier Wagon,28,41,1985
Saturn,SC,31.1987,50.3379,1998
Subaru,Impreza AWD,25.823,37.8344,1998
Subaru,Impreza AWD,25.0748,37.8826,1998
Subaru,Impreza AWD,23.9,35.285,1998
Subaru,Impreza AWD,23.9,35.8,1998
Suzuki,Esteem,30.2,43.4,1998
Suzuki,Esteem,33.6,47.1,1998
Suzuki,Swift,33.4745,44.0837,1998
Suzuki,Swift,43.2225,54.9276,1998
Toyota,Celica,24.3524,36.5175,1998
Chevrolet,Cavalier Wagon,27,41.0256,1985
Toyota,Celica,24.342,35.6032,1998
Toyota,Tercel,32.7,42.2,1998
Toyota,Tercel,32.9,47.7,1998
Toyota,Tercel,34.6841,49.3858,1998
Volkswagen,Cabrio,24.1323,36.5449,1998
Volkswagen,Cabrio,26.121,39.7864,1998
Volkswagen,New Beetle,38.1,55.9,1998
Volkswagen,New Beetle,45.4,62,1998
Volkswagen,New Beetle,23.9,34.1,1998
Volkswagen,New Beetle,25.8,37.7,1998
Chevrolet,Cavalier Wagon,21,32,1985
Volvo,C70 Convertible,20.1633,32.5155,1998
Volvo,C70 Convertible,20.5468,32.7487,1998
Volvo,C70 Convertible,20.7429,32.73,1998
Acura,2.5TL/3.2TL,21.8,32.1,1998
Acura,2.5TL/3.2TL,20.7,30.3,1998
Audi,A4,22.9593,40.0868,1998
Audi,A4,25.5,40.7,1998
Audi,A4,20.1794,37.4496,1998
Audi,A4,22.4,37.4,1998
Audi,A4 quattro,21.5471,35.1984,1998
Chevrolet,Cavalier Wagon,19,30,1985
Audi,A4 quattro,23.7,37.4,1998
Audi,A4 quattro,19.4283,34.9482,1998
Audi,A4 quattro,21.3655,34.2658,1998
Bentley,Continental R,12.3846,20.3127,1998
BMW,318ti,24.966,39.1636,1998
BMW,318ti,25.7315,41.0884,1998
BMW,528i,20.4924,33.4147,1998
BMW,528i,21.821,36.5059,1998
BMW,540i,19.4928,30.8929,1998
BMW,540i,16.9,30.1499,1998
Nissan,Sentra Wagon,28.8889,38,1985
Buick,Skylark,24.5344,41.5002,1998
Buick,Skylark,21.9571,37.2393,1998
Chevrolet,Prizm,30.957,41.9033,1998
Chevrolet,Prizm,31.6209,45.6812,1998
Chevrolet,Prizm,34.2666,47.9643,1998
Chrysler,Sebring,23.2987,37.9467,1998
Chrysler,Sebring,23.2987,37.9467,1998
Chrysler,Sebring,24.0996,40.191,1998
Chrysler,Sebring,24.0996,40.191,1998
Chrysler,Sebring,21.1111,35.4121,1998
Nissan,Sentra Wagon,28.8889,38,1985
Chrysler,Sebring,21.1111,35.4121,1998
Chrysler,JX/JXI/Limited Convertible,23.0969,38.8536,1998
Chrysler,JX/JXI/Limited Convertible,21.5,36.7,1998
Chrysler,JX/JXI/Limited Convertible,21.1628,35.47,1998
Daewoo,Lanos,26.5,47.4359,1998
Daewoo,Lanos,29.1,45.8,1998
Daewoo,Lanos,25.5556,43.6821,1998
Daewoo,Lanos,28.8889,46,1998
Daewoo,Nubira,27.7778,43.6821,1998
Daewoo,Nubira,25.9,41.0256,1998
Honda,Prelude,26,35,1985
Nissan,Sentra Wagon,33.3333,48,1985
Daewoo,Nubira,24.4,38.4615,1998
Daewoo,Nubira,24.8,39.7436,1998
Dodge,Avenger,23.2987,37.9467,1998
Dodge,Avenger,23.2987,37.9467,1998
Dodge,Avenger,24.1794,40.6742,1998
Dodge,Avenger,24.1794,40.6742,1998
Dodge,Avenger,21.1111,35.4121,1998
Dodge,Avenger,21.1111,35.4121,1998
Dodge,Neon,26.2258,41.7589,1998
Dodge,Neon,32,52.6,1998
Nissan,Sentra Wagon,34.4444,50,1985
Ford,Contour,26.2546,41.641,1998
Ford,Contour,27.1605,44.5067,1998
Ford,Contour,23.0177,38.5302,1998
Ford,Contour,21.7296,37.0177,1998
Ford,Escort,28.1428,43.4723,1998
Ford,Escort,31.3083,48.2378,1998
Hyundai,Accent,29.5376,44.4938,1998
Hyundai,Accent,31.5503,46.6253,1998
Hyundai,Elantra,24.7491,37.8499,1998
Hyundai,Elantra,27.0554,40.5668,1998
Dodge,Colt Vista,25,32,1985
Jaguar,XJ8,19.3,30.4,1998
Jaguar,XJR,18.0739,27.5541,1998
Kia,Sephia,25.4,40.1,1998
Kia,Sephia,27.2,39.3,1998
Lexus,ES 300,21.2959,34.2188,1998
Mercury,Mystique,26.2546,41.641,1998
Mercury,Mystique,27.1605,44.5067,1998
Mercury,Mystique,23.0177,38.5302,1998
Mercury,Mystique,21.3654,36.1133,1998
Mercury,Tracer,28.1428,43.4723,1998
Dodge,Colt Vista,26,39,1985
Mercury,Tracer,31.3083,48.2378,1998
Mazda,Millenia,21.7,35.3,1998
Mazda,Millenia,21.7,34,1998
Mazda,Protege,28.0958,41.5706,1998
Mazda,Protege,33.1876,46.828,1998
Mazda,Protege,25.3,38.4,1998
Mazda,Protege,29.2,41.2,1998
Mercedes-Benz,C230,25.8,39,1998
Mercedes-Benz,C280,22.9,34.4,1998
Mercedes-Benz,C43,19.3,28.7,1998
Ford,Escort Wagon,29,44,1985
Mercedes-Benz,CL500,16.8,28.2,1998
Mercedes-Benz,CL600,14.1,24.7,1998
Mitsubishi,Galant,24.0368,35.7072,1998
Mitsubishi,Galant,25.2683,38.2788,1998
Nissan,Altima,24.8138,38.892,1998
Nissan,Altima,26.9,39.4,1998
Oldsmobile,Achieva,24.5,41.5,1998
Oldsmobile,Achieva,25.1,42.5,1998
Oldsmobile,Achieva,22.6,37.8,1998
Plymouth,Neon,26.2258,41.7589,1998
Ford,Escort Wagon,31,46,1985
Plymouth,Neon,32,52.6,1998
Pontiac,Grand Am,24.5181,41.5001,1998
Pontiac,Grand Am,25.1,42.5,1998
Pontiac,Grand Am,22.2099,37.4617,1998
Saturn,SL,27.1548,43.2237,1998
Saturn,SL,29.9659,47.4712,1998
Saturn,SL,28.6986,46.0497,1998
Saturn,SL,31.1987,50.3379,1998
Subaru,Legacy,26.9,40.0998,1998
Subaru,Legacy AWD,25.823,37.8344,1998
Ford,Escort Wagon,30,48,1985
Subaru,Legacy AWD,25.0748,37.8826,1998
Subaru,Legacy AWD,22.9259,33.0954,1998
Subaru,Legacy AWD,23.4373,34.3452,1998
Toyota,Corolla,30.9,42,1998
Toyota,Corolla,31.6054,46.1779,1998
Toyota,Corolla,34.3556,48.3532,1998
Volkswagen,Golf/GTI,24.1323,36.5449,1998
Volkswagen,Golf/GTI,26.1933,39.8287,1998
Volkswagen,GTI VR6,21.1843,33.1419,1998
Volkswagen,Jetta,44.1,62.8,1998
Ford,Escort Wagon,40,56,1985
Volkswagen,Jetta,24.1323,36.5449,1998
Volkswagen,Jetta,26.121,39.7864,1998
Volkswagen,Jetta GLX,20.3,31.9,1998
Volkswagen,Jetta GLX,21.1843,33.1419,1998
Volvo,C70,20.1882,32.2058,1998
Volvo,C70,20.8241,32.1872,1998
Volvo,C70,21.563,34.0651,1998
Volvo,S90,19.8597,31.7848,1998
Acura,3.5RL,20.7,31.6,1998
Audi,A6,19.4129,35.3482,1998
Honda,Civic Wagon,32,41.0256,1985
Audi,A6 quattro,18.8202,33.0997,1998
Audi,A8,18.8467,33.1493,1998
Audi,A8,18.6466,31.8922,1998
Bentley,Brooklands R,12.3498,20.3499,1998
Bentley,Turbo RT,12.3846,20.3127,1998
BMW,740i,18.8,30.2,1998
Buick,Century,21.7901,37.0911,1998
Buick,Regal,21.6,37.9,1998
Buick,Regal,19.4357,34.8843,1998
Buick,Riviera,20,34.2,1998
Honda,Civic Wagon,35,47,1985
Cadillac,Catera,20,31.232,1998
Cadillac,Eldorado,18.8,33.3,1998
Cadillac,Seville,18.8,33.3,1998
Chevrolet,Lumina/Monte Carlo,21.7901,37.0911,1998
Chevrolet,Lumina/Monte Carlo,21.6,37.9,1998
Chevrolet,Lumina/Monte Carlo,20.1,34.5,1998
Chevrolet,Malibu,25.5388,41.5061,1998
Chevrolet,Malibu,21.7901,37.0911,1998
Chrysler,Cirrus,23.0969,38.8536,1998
Chrysler,Cirrus,21.1628,35.47,1998
Isuzu,I-Mark,26.6667,32,1985
Mercury,Lynx Wagon,31,46,1985
Daewoo,Leganza,21.8,35.2,1998
Daewoo,Leganza,22.5,37.1795,1998
Daewoo,Leganza,22.1,35.7,1998
Daewoo,Leganza,22.7,37.5,1998
Dodge,Stratus,30,46.9,1998
Dodge,Stratus,23.0969,38.8536,1998
Dodge,Stratus,21.5,36.7,1998
Dodge,Stratus,21,35.8974,1998
Ford,Taurus,20.5,34.3,1998
Ford,Taurus,20.9,32.5,1998
Mercury,Lynx Wagon,30,48,1985
Ford,Taurus,21.2,33.4,1998
Ford,Taurus,21.1,36.2,1998
Ford,Taurus SHO,18.3422,32.1566,1998
Honda,Accord,24.3,37.5201,1998
Honda,Accord,25.425,38.3814,1998
Honda,Accord,26.9,39.5538,1998
Honda,Accord,27.6499,39.8997,1998
Honda,Accord,22.718,35.8,1998
Hyundai,Sonata,22.3743,34.5898,1998
Hyundai,Sonata,23.5673,35.4614,1998
Oldsmobile,Firenza Cruiser Wagon,24,36,1985
Hyundai,Sonata,19.0995,30.9883,1998
Infiniti,I30,22.871,35.471,1998
Infiniti,I30,23.8,33.9,1998
Infiniti,Q45,19.5979,29.8996,1998
Jaguar,Vanden Plas,18.9244,30.1493,1998
Jaguar,XJ8L,18.9244,30.1493,1998
Lexus,GS 300/GS 400,21.8033,31.5191,1998
Lexus,GS 300/GS 400,19.0735,29.6965,1998
Lexus,LS 400,20.6326,31.896,1998
Lincoln,Mark VIII,19.038,33.2927,1998
Oldsmobile,Firenza Cruiser Wagon,28,41,1985
Mercury,Sable,20.5,34.3,1998
Mercury,Sable,21.1,36.2,1998
Mazda,626,24.21,36.7078,1998
Mazda,626,29.4109,42.553,1998
Mazda,626,22.4,33.9,1998
Mazda,626,23.8,34.6,1998
Mercedes-Benz,E300 Turbodiesel,29.4,44,1998
Mercedes-Benz,E320 Sedan,22.1,33.4,1998
Mercedes-Benz,E320 Sedan,23.2,36.6,1998
Mitsubishi,Diamante,19.7,31.4,1998
Oldsmobile,Firenza Cruiser Wagon,21,33,1985
Nissan,Maxima,23.2239,36.4958,1998
Nissan,Maxima,24,34.1,1998
Oldsmobile,Aurora,19.2488,32.7493,1998
Oldsmobile,Cutlass,25.5388,41.5061,1998
Oldsmobile,Cutlass,21.7901,37.0911,1998
Oldsmobile,Intrigue,21.6,37.9,1998
Plymouth,Breeze,25.1327,41.7,1998
Plymouth,Breeze,30,46.9,1998
Plymouth,Breeze,23.0969,38.8536,1998
Pontiac,Grand Prix,21.7901,37.0911,1998
Oldsmobile,Firenza Cruiser Wagon,19,30,1985
Pontiac,Grand Prix,21.6,37.9,1998
Pontiac,Grand Prix,19.5457,35.2029,1998
Rolls-Royce,Silver Spur,12.3498,20.3499,1998
Saab,900SE,20.8,31.3,1998
Saab,900S,20.8,32.2,1998
Saab,900S,24.6,35.7,1998
Saab,900S,22.8,33.9,1998
Saab,900SE,22.4,35.1,1998
Saab,900S,22.4,33.6,1998
Toyota,Camry,25.6946,38.7075,1998
Plymouth,Colt Vista,25,32.0513,1985
Toyota,Camry,26.0235,40.5701,1998
Toyota,Camry,21.2959,34.2188,1998
Toyota,Camry,22.3,36.1,1998
Volkswagen,Passat,22.9787,39.5937,1998
Volkswagen,Passat,25.9,40.7,1998
Volkswagen,Passat,34.6746,55.823,1998
Volkswagen,Passat,42.8354,64.2498,1998
Volkswagen,Passat,19.5587,36.9976,1998
Volkswagen,Passat,22.2,37,1998
Volkswagen,Passat Syncro,19.1123,33.6481,1998
Plymouth,Colt Vista,26,39,1985
Volvo,S70,20.1882,33.3333,1998
Volvo,S70,20.8241,32.1872,1998
Volvo,S70,22.1047,35.7321,1998
Volvo,S70,21.563,34.0651,1998
Volvo,S70,21.8733,37.1005,1998
Bentley,Brooklands R Limo,11.3498,18.5,1998
BMW,740il,18.8,30.2,1998
BMW,750il,16.1498,25.4,1998
Buick,LeSabre,21.6,37.9,1998
Buick,Park Avenue,20.7382,35.6238,1998
Pontiac,Sunbird Wagon,28,41,1985
Buick,Park Avenue,20,34.2,1998
Cadillac,DeVille,18.8,33.3,1998
Cadillac,Funeral Coach/Hearse,15.6209,26.0895,1998
Cadillac,Limousine,15.6209,26.0895,1998
Chrysler,Concorde,22.998,38.6932,1998
Chrysler,Concorde,20.9,36.6,1998
Dodge,Intrepid,22.998,38.6932,1998
Dodge,Intrepid,20.8499,36.6,1998
Ford,Crown Victoria,18.8322,30.7274,1998
Lincoln,Continental,18.7429,31.1689,1998
Subaru,Wagon,27.7778,36,1985
Mercury,Grand Marquis,18.8322,30.7274,1998
Lincoln,Town Car,18.8322,30.7274,1998
Mercedes-Benz,S320,19.2,30,1998
Mercedes-Benz,S320,19.1,30.7,1998
Mercedes-Benz,S320,19.1,30.7,1998
Mercedes-Benz,S320,19.2,30,1998
Mercedes-Benz,S420,17.2,27.6,1998
Mercedes-Benz,S500,16.5,27,1998
Mercedes-Benz,S600,13.9,24,1998
Oldsmobile,Eighty-Eight/Regency/LSS,21.5035,37.6403,1998
Isuzu,I-Mark,27,37,1985
Toyota,Tercel Wagon 2WD,32,39,1985
Oldsmobile,Eighty-Eight/Regency/LSS,20,34.2,1998
Pontiac,Bonneville,20.7382,35.6238,1998
Pontiac,Bonneville,19.4357,34.8843,1998
Rolls-Royce,Silver Spur Park Ward,11.3498,18.5,1998
Saab,9000,19.5488,33,1998
Saab,9000,22.9,34.3,1998
Toyota,Avalon,23.4243,38.2473,1998
Audi,A4 Avant,20.1794,37.4496,1998
Audi,A4 Avant quattro,19.4211,34.5499,1998
Audi,A4 Avant quattro,21.3655,34.2658,1998
Toyota,Tercel Wagon 2WD,33,49,1985
Audi,A6 Wagon quattro,20.5642,30.3,1998
Daewoo,Nubira Wagon,27.7778,43.6821,1998
Daewoo,Nubira Wagon,25.9,41.0256,1998
Daewoo,Nubira Wagon,24.4,38.4615,1998
Daewoo,Nubira Wagon,24.8,39.7436,1998
Ford,Escort Wagon,28.1428,43.4723,1998
Ford,Escort Wagon,31.3083,48.2378,1998
Hyundai,Elantra Wagon,24.4963,38.1646,1998
Hyundai,Elantra Wagon,26.7,39.6,1998
Mercury,Tracer Wagon,28.1428,43.4723,1998
Toyota,Tercel Wagon 4WD,27.7778,34,1985
Mercury,Tracer Wagon,31.3083,48.2378,1998
Saturn,SW,27.1548,43.2237,1998
Saturn,SW,29.5,44,1998
Saturn,SW,28.6986,46.0497,1998
Saturn,SW,30.2338,47.9811,1998
Subaru,Impreza Wagon AWD,25.823,37.8344,1998
Subaru,Impreza Wagon AWD,25.0748,37.8826,1998
Suzuki,Esteem Wagon,29,42.1,1998
Suzuki,Esteem Wagon,32.9,46.7,1998
Volvo,V90,19.8597,31.7848,1998
Buick,Century Wagon,18,28,1985
Ford,Taurus Wagon,20.2552,33.8294,1998
Ford,Taurus Wagon,19.6778,32.4,1998
Honda,Odyssey,23.5935,33.5732,1998
Isuzu,Oasis,23.5935,33.5732,1998
Mercury,Sable Wagon,20.2552,33.8294,1998
Mercury,Sable Wagon,19.6778,32.4,1998
Mercedes-Benz,E320 Wagon,21.7,32.8,1998
Mercedes-Benz,E320 Wagon,22.2,34.3,1998
Subaru,Legacy Wagon,26.9,40.0998,1998
Subaru,Legacy Wagon AWD,25.4005,37.9888,1998
Buick,Century Wagon,19,32,1985
Subaru,Legacy Wagon AWD,25.0748,37.8826,1998
Subaru,Legacy Wagon AWD,22.9259,33.0954,1998
Subaru,Legacy Wagon AWD,23.4373,34.3452,1998
Volkswagen,Passat Wagon,22.9787,39.5937,1998
Volkswagen,Passat Wagon,25.9,40.7,1998
Volkswagen,Passat Wagon,34.6746,55.823,1998
Volkswagen,Passat Wagon,42.8354,64.2498,1998
Volkswagen,Passat Wagon Syncro,19.1123,33.6481,1998
Volvo,V70 FWD,20.1882,32.2058,1998
Volvo,V70 FWD,20.8241,32.1872,1998
Buick,Century Wagon,20,32.0513,1985
Volvo,V70 FWD,22.1047,35.7321,1998
Volvo,V70 FWD,21.563,34.0651,1998
Volvo,V70 FWD,21.8733,37.1005,1998
Volvo,V70 AWD,20.2,32.1,1998
Volvo,V70 AWD,20.2499,31.1341,1998
Chevrolet,S10 Pickup 2WD,21.2,33,1998
Chevrolet,S10 Pickup 2WD,24.9,36.1,1998
Chevrolet,S10 Pickup 2WD,18.4132,27.8274,1998
Chevrolet,S10 Pickup 2WD,19.423,29.7231,1998
GMC,Sonoma 2WD,21.2,33,1998
Buick,Century Wagon,29,44,1985
GMC,Sonoma 2WD,24.9,36.1,1998
GMC,Sonoma 2WD,18.3947,27.8086,1998
GMC,Sonoma 2WD,19.423,29.7231,1998
Isuzu,Hombre Pickup 2WD,21.2,33,1998
Isuzu,Hombre Pickup 2WD,24.9,36.1,1998
Isuzu,Hombre Pickup 2WD,18.4519,27.8665,1998
Isuzu,Hombre Pickup 2WD,19.416,29.716,1998
Toyota,Tacoma 2WD,23.6598,31.129,1998
Toyota,Tacoma 2WD,24.3774,34.2946,1998
Toyota,Tacoma 2WD,21.8568,30.2426,1998
Chevrolet,Celebrity Wagon,20,32,1985
Toyota,Tacoma 2WD,20.7,30.0945,1998
Toyota,Tacoma 2WD,20.4569,29.4201,1998
Toyota,Tacoma 2WD,21.3868,29.9789,1998
Chevrolet,C1500 Pickup 2WD,17.5121,25.6846,1998
Chevrolet,C1500 Pickup 2WD,19.2977,29.1827,1998
Chevrolet,C1500 Pickup 2WD,16.7171,25.4669,1998
Chevrolet,C1500 Pickup 2WD,16.3727,25.4465,1998
Chevrolet,C1500 Pickup 2WD,15.6326,23.7482,1998
Chevrolet,C1500 Pickup 2WD,15.0622,24.6472,1998
Chevrolet,Pickup 2500 2WD,16.6786,25.3433,1998
Chevrolet,Celebrity Wagon,29,44,1985
Chevrolet,Pickup 2500 2WD,15.6932,24.1297,1998
Chevrolet,Pickup 2500 2WD,15.4954,23.643,1998
Chevrolet,Pickup 2500 2WD,15.1486,24.7125,1998
Chevrolet,Pickup 2500 2WD,16.4481,23.053,1998
Dodge,Dakota Pickup 2WD,22.5556,31.9392,1998
Dodge,Dakota Pickup 2WD,17.9266,26.6042,1998
Dodge,Dakota Pickup 2WD,17.8,28.3,1998
Dodge,Dakota Pickup 2WD,15.4994,23.6474,1998
Dodge,Dakota Pickup 2WD,14.3,22.8956,1998
Dodge,Dakota Pickup 2WD,15.3,24.1,1998
Chrysler,Town and Country Wagon,21.1111,30.7692,1985
Dodge,Ram 1500 Pickup 2WD,17.1,25.3,1998
Dodge,Ram 1500 Pickup 2WD,16.8,27.1,1998
Dodge,Ram 1500 Pickup 2WD,16.8,27.1,1998
Dodge,Ram 1500 Pickup 2WD,14.758,23.6577,1998
Dodge,Ram 1500 Pickup 2WD,13.7677,22.5909,1998
Dodge,Ram 1500 Pickup 2WD,14.9222,23.3224,1998
Ford,F150 Pickup 2WD,18.0852,26.5288,1998
Ford,F150 Pickup 2WD,16.7768,25.4079,1998
Ford,F150 Pickup 2WD,16.7195,25.4224,1998
Ford,F150 Pickup 2WD,16.5498,23.8474,1998
Isuzu,Impulse,24,32,1985
Chrysler,Town and Country Wagon,23,29,1985
Ford,F150 Pickup 2WD,15.4878,22.9591,1998
Ford,F250 Pickup 2WD,15.6558,24.709,1998
Ford,F250 Pickup 2WD,16.1116,23.2519,1998
Ford,F250 Pickup 2WD,14.3352,22.5112,1998
Ford,F250 Pickup 2WD CNG,12,19,1998
Ford,Ranger Pickup 2WD,22.5049,31.8253,1998
Ford,Ranger Pickup 2WD,24.3917,34.1366,1998
Ford,Ranger Pickup 2WD,18.5626,28.7879,1998
Ford,Ranger Pickup 2WD,18.815,28.854,1998
Ford,Ranger Pickup 2WD,18.2,27.192,1998
Dodge,Aries Wagon,23,31,1985
Ford,Ranger Pickup 2WD,18.7504,27.521,1998
GMC,Sierra 1500 2WD,17.5112,25.6801,1998
GMC,Sierra 1500 2WD,19.3168,29.2781,1998
GMC,Sierra 1500 2WD,16.7417,25.5462,1998
GMC,Sierra 1500 2WD,16.3725,25.4461,1998
GMC,Sierra 1500 2WD,15.6148,23.7346,1998
GMC,Sierra 1500 2WD,15.0037,24.6028,1998
GMC,Sierra 2500 2WD,16.6571,25.2746,1998
GMC,Sierra 2500 2WD,15.6846,24.1133,1998
GMC,Sierra 2500 2WD,15.5071,23.652,1998
Dodge,Aries Wagon,28,39,1985
GMC,Sierra 2500 2WD,15.1611,24.7219,1998
GMC,Sierra 2500 2WD,16.488,23.1808,1998
Mazda,B2500/B3000/B4000 2WD,22.5049,31.8253,1998
Mazda,B2500/B3000/B4000 2WD,24.3917,34.1366,1998
Mazda,B2500/B3000/B4000 2WD,18.5626,28.7879,1998
Mazda,B2500/B3000/B4000 2WD,18.815,28.854,1998
Mazda,B2500/B3000/B4000 2WD,18.2,27.1124,1998
Mazda,B2500/B3000/B4000 2WD,18.8896,27.5322,1998
Nissan,Frontier 2WD,21.8214,30.4539,1998
Nissan,Frontier 2WD,24.8989,33.9599,1998
Dodge,Aries Wagon,27,44,1985
Toyota,T100 2WD,21.8,29.6,1998
Toyota,T100 2WD,21.44,30.3165,1998
Toyota,T100 2WD,19.2989,25.5979,1998
Toyota,T100 2WD,18.8428,25.7725,1998
Chevrolet,K1500 Pickup 4WD,17.181,25.0618,1998
Chevrolet,K1500 Pickup 4WD,17.4317,26.0009,1998
Chevrolet,K1500 Pickup 4WD,15.3101,22.8145,1998
Chevrolet,K1500 Pickup 4WD,14.8218,23.4449,1998
Chevrolet,K1500 Pickup 4WD,14.5905,21.4909,1998
Chevrolet,K1500 Pickup 4WD,13.793,21.7932,1998
Dodge,Aries Wagon,28,44,1985
Chevrolet,K1500 Pickup 4WD,16.1374,24.0823,1998
Chevrolet,S10 Pickup 4WD,17.8298,26.4303,1998
Chevrolet,S10 Pickup 4WD,18.7,28.2,1998
Dodge,Dakota Pickup 4WD,16.4536,23.3297,1998
Dodge,Dakota Pickup 4WD,17.1316,24.8469,1998
Dodge,Dakota Pickup 4WD,14.8181,21.6703,1998
Dodge,Dakota Pickup 4WD,14.6173,22.1685,1998
Dodge,Ram 1500 Pickup 4WD,13.8047,21.0925,1998
Dodge,Ram 1500 Pickup 4WD,13.1626,21.249,1998
Dodge,Ram 1500 Pickup 4WD,14.5732,22.3612,1998
Dodge,Aries Wagon,24.4444,32.0513,1985
Ford,F150 Pickup 4WD,16.8821,23.7339,1998
Ford,F150 Pickup 4WD,16.5732,23.5327,1998
Ford,F150 Pickup 4WD,15.1956,22.7667,1998
Ford,F150 Pickup 4WD,15.9173,22.5015,1998
Ford,F150 Pickup 4WD,13.7019,21.0316,1998
Ford,F250 Pickup 4WD,14.7595,22.5098,1998
Ford,F250 Pickup 4WD,15.407,22.1959,1998
Ford,F250 Pickup 4WD,13.563,20.9426,1998
Ford,Ranger Pickup 4WD,17.1897,25.8991,1998
Ford,Ranger Pickup 4WD,18.87,28.0399,1998
Dodge,Aries Wagon,23,29,1985
Ford,Ranger Pickup 4WD,17.6262,25.4802,1998
Ford,Ranger Pickup 4WD,17.8148,25.7352,1998
GMC,Sierra 1500 4WD,17.2268,25.4489,1998
GMC,Sierra 1500 4WD,17.3988,25.9725,1998
GMC,Sierra 1500 4WD,15.3099,22.8142,1998
GMC,Sierra 1500 4WD,14.819,23.4437,1998
GMC,Sierra 1500 4WD,14.5905,21.4909,1998
GMC,Sierra 1500 4WD,13.7939,21.7947,1998
GMC,Sierra 1500 4WD,16.1374,24.0823,1998
GMC,Sonoma 4WD,17.8298,26.4303,1998
Ford,LTD Wagon,20,28,1985
GMC,Sonoma 4WD,18.7,28.2,1998
Isuzu,Hombre Pickup 4WD,17.8298,26.4303,1998
Isuzu,Hombre Pickup 4WD,18.7,28.2,1998
Mazda,B2500/B3000/B4000 4WD,17.1474,25.8271,1998
Mazda,B2500/B3000/B4000 4WD,18.8439,27.9877,1998
Mazda,B2500/B3000/B4000 4WD,17.6262,25.4802,1998
Mazda,B2500/B3000/B4000 4WD,17.8148,25.7352,1998
Nissan,Frontier 4WD,19.5269,26.9298,1998
Toyota,T100 4WD,17.6254,22.1534,1998
Toyota,T100 4WD,18.1259,24.2461,1998
Mercury,Marquis Wagon,20,28,1985
Toyota,Tacoma 4WD,20.1123,27.1947,1998
Toyota,Tacoma 4WD,19.3421,27.0124,1998
Toyota,Tacoma 4WD,18.6,25,1998
Toyota,Tacoma 4WD,18.1259,24.2461,1998
Chevrolet,Astro 2WD (cargo),17.8,27.2,1998
Chevrolet,Astro AWD (cargo),17.2626,25.7585,1998
Chevrolet,Van 1500/2500 2WD,16.5971,24.198,1998
Chevrolet,Van 1500/2500 2WD,16.5814,25.0368,1998
Chevrolet,Van 1500/2500 2WD,15.4779,23.6271,1998
Dodge,B1500 Van 2WD,16.5295,21.5941,1998
Oldsmobile,Cutlass Cruiser Wagon,18,28,1985
Dodge,B1500 Van 2WD,15.088,23.7953,1998
Dodge,B1500 Van 2WD,14.2252,23.2009,1998
Dodge,B2500 Van 2WD,14.6,23.6,1998
Dodge,B2500 Van 2WD,13.7,22.5,1998
Ford,E150 Econoline 2WD,16.5675,24.9686,1998
Ford,E150 Econoline 2WD,15.5,24.6,1998
Ford,E150 Econoline 2WD,14.3352,22.5112,1998
Ford,E250 Econoline 2WD,15.8505,23.9755,1998
Ford,E250 Econoline 2WD,14.2909,21.9718,1998
Ford,E250 Econoline 2WD CNG,12.2222,18,1998
Isuzu,Impulse,24,36,1985
Oldsmobile,Cutlass Cruiser Wagon,19,32,1985
GMC,Savana 1500/2500 2WD (cargo),16.5968,24.1978,1998
GMC,Savana 1500/2500 2WD (cargo),16.5813,25.0365,1998
GMC,Savana 1500/2500 2WD (cargo),15.4732,23.6216,1998
GMC,Safari 2WD (cargo),17.8,27.2,1998
GMC,Safari AWD (cargo),17.2626,25.7585,1998
Chevrolet,Astro 2WD (passenger),17.4094,25.1729,1998
Chevrolet,Astro AWD (passenger),17.1712,24.9797,1998
Chevrolet,Express 1500/2500 2WD,16.1932,23.9223,1998
Chevrolet,Express 1500/2500 2WD,15.5444,22.4766,1998
Chevrolet,Express 1500/2500 2WD,15.0918,23.1742,1998
Oldsmobile,Cutlass Cruiser Wagon,20,32.0513,1985
Dodge,B1500 Wagon 2WD,16.5295,21.5941,1998
Dodge,B1500 Wagon 2WD,14.6,23.6,1998
Dodge,B2500 Wagon 2WD,14.3,23.3,1998
Dodge,B2500 Wagon 2WD,13.7,22.5,1998
Ford,E150 Club Wagon,15.0807,22.9011,1998
Ford,E150 Club Wagon,15.4069,23.8416,1998
Ford,E150 Club Wagon,13.8,22.1,1998
GMC,Savana 1500/2500 2WD (passenger),16.1932,23.9223,1998
GMC,Savana 1500/2500 2WD (passenger),15.5444,22.4766,1998
GMC,Savana 1500/2500 2WD (passenger),15.0918,23.1742,1998
Oldsmobile,Cutlass Cruiser Wagon,29,44,1985
GMC,Safari 2WD (passenger),17.4094,25.1729,1998
GMC,Safari AWD (passenger),17.1569,24.8615,1998
Chevrolet,Blazer 2WD,17.8,27.2,1998
Chevrolet,Blazer 2WD,19.4,29.7,1998
Chevrolet,Suburban 1500 2WD,15.0918,23.1742,1998
Chevrolet,Tahoe 1500 2WD,15.4847,23.6347,1998
Chevrolet,Tahoe 1500 2WD,14.9,22.3,1998
Chevrolet,Tracker 2WD Convertible,25.6,31.4,1998
Chevrolet,Tracker 2WD Convertible,26.3,33,1998
Chevrolet,Tracker 2WD Hardtop,24.2806,33.122,1998
Plymouth,Reliant Wagon,23,31,1985
Chevrolet,Tracker 2WD Hardtop,25.6073,33.3695,1998
Chevrolet,Venture FWD,20.4,31.5,1998
Chrysler,Town and Country 2WD,19.5349,30.8697,1998
Chrysler,Town and Country 2WD,19.5496,30.899,1998
Chrysler,Town and Country 2WD,18.8995,30.3499,1998
Dodge,Caravan/Grand Caravan 2WD,22.2,33.9,1998
Dodge,Caravan/Grand Caravan 2WD,20.6,30.7,1998
Dodge,Caravan/Grand Caravan 2WD,20.6,33.2,1998
Dodge,Caravan/Grand Caravan 2WD,19.7,31.2,1998
Dodge,Caravan/Grand Caravan 2WD,19.7,31.2,1998
Plymouth,Reliant Wagon,28,39,1985
Dodge,Caravan/Grand Caravan 2WD,18.8995,30.3499,1998
Ford,Expedition 2WD,15.5,24.6,1998
Ford,Expedition 2WD,14.3352,22.5112,1998
Ford,Explorer 2WD,17.0937,25.9573,1998
Ford,Explorer 2WD,17.1,25.2,1998
Ford,Explorer 2WD,18.6717,27.4938,1998
Ford,Explorer 2WD,15.3,24.1,1998
Ford,Windstar FWD Van,20.245,31.5721,1998
Ford,Windstar FWD Van,19.3058,30.4246,1998
Ford,Windstar FWD Wagon,20.245,31.5721,1998
Plymouth,Reliant Wagon,27,44,1985
Ford,Windstar FWD Wagon,19.3058,30.4246,1998
GMC,Suburban 1500 2WD,15.0918,23.1742,1998
GMC,Yukon 1500 2WD,15.4837,23.6339,1998
GMC,Yukon 1500 2WD,14.9,22.3,1998
GMC,Jimmy 2WD,17.8,27.2,1998
GMC,Jimmy 2WD,19.4,29.7,1998
Honda,CR-V 2WD,24.4,32.3,1998
Honda,Passport 2WD,18.2,26.1192,1998
Honda,Passport 2WD,19.6787,26.2787,1998
Isuzu,Amigo 2WD,22.8787,31.0068,1998
Plymouth,Reliant Wagon,28,44,1985
Isuzu,Rodeo 2WD,22.8545,30.9177,1998
Isuzu,Rodeo 2WD,18.1982,26.1202,1998
Isuzu,Rodeo 2WD,19.6772,26.2766,1998
Jeep,Cherokee 2WD,19.9,27.6,1998
Jeep,Cherokee 2WD,23.2,32.1,1998
Jeep,Cherokee 2WD,17.2343,26.8986,1998
Jeep,Cherokee 2WD,19.7,28.5986,1998
Jeep,Grand Cherokee 2WD,17.3777,27.0342,1998
Jeep,Grand Cherokee 2WD,15.4994,23.6474,1998
Kia,Sportage 2WD,21.4499,29.2969,1998
Plymouth,Reliant Wagon,24.4444,32.0513,1985
Kia,Sportage 2WD,21.6,29,1998
Lincoln,Navigator 2WD,14.2909,21.9718,1998
Mazda,MPV,18.1957,27.5224,1998
Mercury,Mountaineer 2WD,17.1,25.2,1998
Mercury,Mountaineer 2WD,15.3,24.1,1998
Mercury,Villager FWD Van,19.2536,29.991,1998
Mercury,Villager FWD Wagon,19.2536,29.991,1998
Mitsubishi,Montero Sport 2WD,24.6811,31.7941,1998
Mitsubishi,Montero Sport 2WD,21.202,27.8706,1998
Mitsubishi,Nativa 2WD,24.6809,31.7928,1998
Plymouth,Reliant Wagon,23,29,1985
Mitsubishi,Nativa 2WD,21.202,27.8706,1998
Nissan,Pathfinder 2WD,17.4,25.4,1998
Nissan,Pathfinder 2WD,18.5,24.7,1998
Nissan,Quest,19.2861,29.8354,1998
Oldsmobile,Silhouette 2WD,20.4,31.5,1998
Plymouth,Voyager/Grand Voyager 2WD,22.2,33.9,1998
Plymouth,Voyager/Grand Voyager 2WD,20.6,30.7,1998
Plymouth,Voyager/Grand Voyager 2WD,20.6,33.2,1998
Plymouth,Voyager/Grand Voyager 2WD,19.7,31.2,1998
Plymouth,Voyager/Grand Voyager 2WD,19.7,31.2,1998
Pontiac,6000 Wagon,20,32,1985
Pontiac,Trans Sport 2WD,20.4,31.5,1998
Suzuki,Sidekick 2Door RWD,25.6,31.4,1998
Suzuki,Sidekick 2Door RWD,26.3,33,1998
Suzuki,Sidekick 4Door RWD,24.2806,33.122,1998
Suzuki,Sidekick 4Door RWD,25.6073,33.3695,1998
Suzuki,Sidekick Sport RWD,23.7714,31.1762,1998
Suzuki,Sidekick Sport RWD,25.1,31.8,1998
Toyota,4Runner 2WD,22,30.8,1998
Toyota,4Runner 2WD,21.44,30.3165,1998
Toyota,4Runner 2WD,19.3,26.5,1998
Isuzu,Impulse,22,33,1985
Pontiac,6000 Wagon,29,44,1985
Toyota,RAV4 2WD,26.3054,36.781,1998
Toyota,RAV4 2WD,26.848,37.229,1998
Toyota,RAV4 Soft Top 2WD,26.3054,36.781,1998
Toyota,RAV4 Soft Top 2WD,26.848,37.229,1998
Toyota,Sienna 2WD,20.4576,31.3277,1998
Acura,SLX,16.5333,24.481,1998
Chevrolet,Blazer 4WD,17.345,25.8567,1998
Chevrolet,Blazer 4WD,17.9,26.4,1998
Chevrolet,Blazer AWD,17.2626,25.7585,1998
Chevrolet,Tahoe 1500 4WD,14.2893,20.8544,1998
Volvo,240 DL/GL/turbo Wagon,19,29,1985
Chevrolet,Tahoe 1500 4WD,16.1374,24.0823,1998
Chevrolet,Tracker 4WD Convertible,25.6,31.4,1998
Chevrolet,Tracker 4WD Convertible,26.3,33,1998
Chevrolet,Tracker 4WD Hardtop,24.2785,33.12,1998
Chevrolet,Tracker 4WD Hardtop,25.6042,33.3655,1998
Chrysler,Town and Country AWD,17.6,29.9,1998
Dodge,Caravan/Grand Caravan AWD,17.6,29.9,1998
Dodge,Durango 4WD,14.4666,21.4045,1998
Dodge,Durango 4WD,13.6,21.7,1998
Ford,Expedition 4WD,14.6978,22.4727,1998
Buick,LeSabre/Electra Wagon,18,28,1985
Ford,Expedition 4WD,13.563,20.9426,1998
Ford,Explorer 4WD,16.5205,24.7789,1998
Ford,Explorer 4WD,16.8405,24.5965,1998
Ford,Explorer 4WD,17.6249,25.3805,1998
Ford,Explorer 4WD,15.2486,23.6815,1998
GMC,Jimmy 4WD,17.3644,25.8797,1998
GMC,Jimmy 4WD,17.9,26.4,1998
GMC,Jimmy AWD,17.2626,25.7585,1998
GMC,Yukon 1500 4WD,14.2869,20.8493,1998
GMC,Yukon 1500 4WD,16.1374,24.0823,1998
Chevrolet,Caprice Wagon,17,26.9231,1985
Honda,CR-V 4WD,23.9203,31.4414,1998
Honda,CR-V 2WD,24.011,31.5508,1998
Honda,Passport 4WD,18.2,26.1196,1998
Honda,Passport 4WD,19.6805,26.2806,1998
Infiniti,QX4 4WD,16.6,23.9294,1998
Isuzu,Amigo 4WD,22.0022,29.6008,1998
Isuzu,Amigo 4WD,19.7,26.3338,1998
Isuzu,Rodeo 4WD,18.2,26.1228,1998
Isuzu,Rodeo 4WD,19.6745,26.2745,1998
Isuzu,Trooper,16.5328,24.4799,1998
Oldsmobile,Custom Cruiser Wagon,18,28,1985
Isuzu,Trooper,17.3605,24.3474,1998
Jeep,Cherokee 4WD,19.7499,25.1475,1998
Jeep,Cherokee 4WD,16.7558,26.9231,1998
Jeep,Cherokee 4WD,18.5065,25.9478,1998
Jeep,Grand Cherokee 4WD,16.7413,26.9231,1998
Jeep,Grand Cherokee 4WD,15.1,22.8,1998
Jeep,Grand Cherokee 4WD,13.9484,22.0982,1998
Jeep,Wrangler 4WD,18.3327,23.9334,1998
Jeep,Wrangler 4WD,19.7499,25.1475,1998
Jeep,Wrangler 4WD,16.2486,22.2888,1998
Pontiac,Parisienne Wagon,17,26.9231,1985
Jeep,Wrangler 4WD,18.5065,25.9478,1998
Kia,Sportage 4WD,21.4499,29.2969,1998
Kia,Sportage 4WD,21.6,29,1998
Land Rover,Discovery,15.3,21.8,1998
Land Rover,Discovery,14.3,21.3,1998
Land Rover,Range Rover,14.0993,21.2489,1998
Land Rover,Range Rover,13.7993,20.5995,1998
Lexus,LX 470,14.9,20.9,1998
Lincoln,Navigator 4WD,13.3373,20.7922,1998
Mazda,MPV 4x4,16.4,24.1,1998
Chevrolet,S10 Pickup 2WD,33,42.3077,1985
Mercedes-Benz,ML320,18.5,27.3,1998
Mercury,Mountaineer 4WD,16.8405,24.5965,1998
Mercury,Mountaineer 4WD,15.2486,23.6815,1998
Mitsubishi,Montero,18.3814,25.4421,1998
Mitsubishi,Montero,17.3,23.2,1998
Mitsubishi,Montero,17.444,24.8678,1998
Mitsubishi,Montero Sport 4WD,20.2052,26.4596,1998
Mitsubishi,Montero Sport 4WD,18.959,25.6941,1998
Mitsubishi,Nativa 4WD,20.3472,26.7049,1998
Mitsubishi,Nativa 4WD,18.959,25.6941,1998
Chevrolet,S10 Pickup 2WD,32,42.3077,1985
Nissan,Pathfinder 4WD,16.7,23.7674,1998
Nissan,Pathfinder 4WD,17.9,22.5,1998
Oldsmobile,Bravada AWD,17.2626,25.7585,1998
Subaru,Forester AWD,22.9259,33.0954,1998
Subaru,Forester AWD,23.4373,34.3452,1998
Suzuki,Sidekick 2Door 4WD,25.6,31.4,1998
Suzuki,Sidekick 2Door 4WD,26.3,33,1998
Suzuki,Sidekick 4Door 4WD,24.2785,33.12,1998
Suzuki,Sidekick 4Door 4WD,25.6042,33.3655,1998
Suzuki,Sidekick Sport 4WD,23.7684,31.1723,1998
Chevrolet,S10 Pickup 2WD,21,32,1985
Suzuki,Sidekick Sport 4WD,25.1,31.8,1998
Toyota,4Runner 4WD,20.6699,27.7348,1998
Toyota,4Runner 4WD,19.0649,27.1321,1998
Toyota,4Runner 4WD,18.6,25,1998
Toyota,4Runner 4WD,18.1259,24.2461,1998
Toyota,Land Cruiser Wagon 4WD,15.2,21,1998
Toyota,RAV4 4WD,24.2698,33.7984,1998
Toyota,RAV4 4WD,24.8459,33.2456,1998
Toyota,RAV4 Soft Top 4WD,25.1,33.4,1998
Toyota,RAV4 Soft Top 4WD,24.9,33.4,1998
Chevrolet,S10 Pickup 2WD,21.1111,32,1985
Acura,NSX,19.7874,30.3,1999
Acura,NSX,19.4,30.1291,1999
BMW,M Coupe,21.3353,33.7663,1999
BMW,M Roadster,21.3353,33.7663,1999
BMW,Z3 Coupe,20.9,33.6,1999
BMW,Z3 Coupe,21.0458,32.9812,1999
BMW,Z3 Roadster,20.9,33.2,1999
BMW,Z3 Roadster,21.9,34.4,1999
BMW,Z3 Roadster,21,33,1999
Chevrolet,Corvette,18.5,31.5,1999
Isuzu,Impulse,22,32.0513,1985
Chevrolet,S10 Pickup 2WD,20,32.0513,1985
Chevrolet,Corvette,20.5112,36.0095,1999
Ferrari,550 Maranello,10,18,1999
Ferrari,F355/355 F1,10.9991,17.9728,1999
Ferrari,F355/355 F1,11.1,19.6,1999
Lamborghini,DB132/144 Diablo,10.9,17.3,1999
Mazda,MX-5 Miata,25.3,36.3,1999
Mazda,MX-5 Miata,28.0538,37.6,1999
Mercedes-Benz,SL500,17.9305,29.2617,1999
Mercedes-Benz,SL600,14.3679,24.0999,1999
Mercedes-Benz,SLK230 Kompressor,24.0384,38.0319,1999
Nissan,Truck 2WD,23,29,1985
Mercedes-Benz,SLK230 Kompressor,23.5502,39.0054,1999
Plymouth,Prowler,19,29.5,1999
Porsche,Boxster,18.3899,30.623,1999
Porsche,Boxster,21.2,33.9499,1999
BMW,323i Convertible,21.2,34.6465,1999
BMW,323i Convertible,22.9,39.3,1999
BMW,328i Convertible,22,34.7,1999
BMW,328i Convertible,22.3,37.2,1999
BMW,M3 Convertible,19.2,32.1,1999
BMW,M3 Convertible,21.3353,33.7663,1999
Nissan,Truck 2WD,23,32,1985
Jaguar,XK8 Convertible,18.4316,30.708,1999
Mercedes-Benz,CLK320 Cabriolet,21.6242,35.2966,1999
Mitsubishi,Eclipse Convertible,22.3,34,1999
Mitsubishi,Eclipse Convertible,25.5,40.1,1999
Mitsubishi,Eclipse Convertible,22.7982,36.0809,1999
Mitsubishi,Eclipse Convertible,24.3428,37.9345,1999
Porsche,911 Carrera,18.2213,32.3493,1999
Porsche,911 Carrera,18.9,32.1,1999
Toyota,Celica Convertible,25.4895,38.1593,1999
Toyota,Celica Convertible,24.3276,35.9048,1999
Nissan,Truck 2WD,31,40,1985
Toyota,Paseo,30.2,41.099,1999
Toyota,Paseo,36.2725,52.2473,1999
Toyota,Paseo Convertible,30.2,41.099,1999
Toyota,Paseo Convertible,36.2725,52.2473,1999
Acura,2.3CL/3.0CL,24.7,38,1999
Acura,2.3CL/3.0CL,27,40.3,1999
Acura,2.3CL/3.0CL,21.7454,35.8907,1999
Acura,Integra,27.1786,40.5673,1999
Acura,Integra,27.9,40.4,1999
Acura,Integra,28.1634,39.1409,1999
Ford,Ranger Pickup 2WD,23.3333,32.0513,1985
Bentley,Azure,12.3,20,1999
Bentley,Continental SC,12.3,20,1999
Bentley,Continental T,12.3988,20.2547,1999
BMW,323is,21.2,34.6465,1999
BMW,323is,22.9,39.3,1999
BMW,328is,22,34.7,1999
BMW,328is,22.3,37.2,1999
BMW,M3,21.3353,33.7663,1999
Chevrolet,Camaro,21.0452,36.9304,1999
Chevrolet,Camaro,21.3817,38.8202,1999
Ford,Ranger Pickup 2WD,28,37,1985
Chevrolet,Camaro,18.6808,31.4018,1999
Chevrolet,Camaro,20.556,36.0856,1999
Chevrolet,Cavalier,25.1,36.9,1999
Chevrolet,Cavalier,25.7476,39.799,1999
Chevrolet,Cavalier,26.6,43.6,1999
Chevrolet,Cavalier,24.5,39.1,1999
Chevrolet,Cavalier,25.1,42.5,1999
Chevrolet,Metro,45.3,59.7,1999
Chevrolet,Metro,33.4381,44.0944,1999
Chevrolet,Metro,43.2429,54.9375,1999
Ford,Ranger Pickup 2WD,19,28.2051,1985
Ferrari,456 MGT/MGA,10.6991,19.1,1999
Ferrari,456 MGT/MGA,10.9,20.6,1999
Ford,Escort ZX2,27.814,41.7259,1999
Ford,Escort ZX2,28.2217,42.4845,1999
Ford,Mustang,21.8347,34.8985,1999
Ford,Mustang,21.9,37.1,1999
Ford,Mustang,19.1969,29.9694,1999
Ford,Mustang,18.7035,31.0806,1999
Honda,Civic,31.1163,45.0923,1999
Honda,Civic,30.7,44.3,1999
Ford,Ranger Pickup 2WD,20,30,1985
Honda,Civic,35.231,47.5594,1999
Honda,Civic,32.3,45,1999
Honda,Civic,28.6,40.1,1999
Honda,Civic HX,37.4625,48.7866,1999
Honda,Civic HX,38.6058,54.742,1999
Honda,Prelude,23.2931,33.9482,1999
Honda,Prelude,24.6271,34.104,1999
Hyundai,Accent,29.0814,46.1538,1999
Hyundai,Accent,31.2239,47.8394,1999
Hyundai,Tiburon,24.5879,37.7285,1999
GMC,S15 Pickup 2WD,33,42.3077,1985
Hyundai,Tiburon,24.9114,39.8146,1999
Jaguar,XK8,18.7984,31.6499,1999
Lexus,SC,20.8499,30.5453,1999
Lexus,SC,20.398,31.8972,1999
Mercedes-Benz,CLK320,22.8411,36.7347,1999
Mercedes-Benz,CLK430,20.3499,31.5972,1999
Mitsubishi,3000 GT,20.4,29.6499,1999
Mitsubishi,3000 GT,19.9,30.8,1999
Mitsubishi,3000 GT,20.9,31.1,1999
Mitsubishi,3000 GT,21.2,31.7,1999
GMC,S15 Pickup 2WD,32,42.3077,1985
Mitsubishi,3000 GT,19.6,31.2,1999
Mitsubishi,Eclipse,22.5,34.2,1999
Mitsubishi,Eclipse,21.3,31.8,1999
Mitsubishi,Eclipse,22.9,38.6,1999
Mitsubishi,Eclipse,24.7996,42.3077,1999
Mitsubishi,Eclipse,23.7,35.6,1999
Mitsubishi,Eclipse,25.7,40.2,1999
Mitsubishi,Mirage,31.5509,45.5484,1999
Mitsubishi,Mirage,36.5185,51.1662,1999
Mitsubishi,Mirage,28.8605,42.1353,1999
Isuzu,750C/I-Mark,36.6667,44.8718,1985
GMC,S15 Pickup 2WD,21,32,1985
Mitsubishi,Mirage,31.5375,46.5584,1999
Nissan,Sentra/200SX,29.7,46.0876,1999
Nissan,Sentra/200SX,32.5365,49.5091,1999
Nissan,Sentra/200SX,25.5499,37.9,1999
Nissan,Sentra/200SX,25.2202,39.1205,1999
Pontiac,Firebird/Trans Am,21.1292,36.9865,1999
Pontiac,Firebird/Trans Am,21.3901,38.8567,1999
Pontiac,Firebird/Trans Am,19.9,30.8,1999
Pontiac,Firebird/Trans Am,20.8,36.5,1999
Pontiac,Sunfire,25.1,36.9,1999
GMC,S15 Pickup 2WD,21.1111,32,1985
Pontiac,Sunfire,25.7476,39.799,1999
Pontiac,Sunfire,26.6,43.6,1999
Pontiac,Sunfire,24.5,39.1,1999
Pontiac,Sunfire,25.1,42.5,1999
Saab,9-3 Convertible,20.8995,31.7436,1999
Saab,9-3 Convertible,22.5982,34.4896,1999
Saab,9-3 Convertible,21.6,34.5,1999
Saturn,SC,29.5407,46.824,1999
Saturn,SC,27.9828,44.8799,1999
Saturn,SC,29.8,48.2,1999
GMC,S15 Pickup 2WD,20,32.0513,1985
Saturn,SC,32.2,51.1,1999
Subaru,Impreza AWD,25.1002,37.3344,1999
Subaru,Impreza AWD,24.8393,37.5238,1999
Subaru,Impreza AWD,24.7567,35.8985,1999
Subaru,Impreza AWD,24.2792,36.6349,1999
Suzuki,Esteem,30.2,43.4,1999
Suzuki,Esteem,33.6,47.1,1999
Suzuki,Esteem,31.4,44.4,1999
Suzuki,SW,33.4381,44.0944,1999
Suzuki,SW,43.2429,54.9375,1999
Isuzu,Pickup 2WD,23,28.2051,1985
Toyota,Celica,24.8471,35.7803,1999
Toyota,Celica,24.3276,35.9048,1999
Toyota,Tercel,32.7,42.2,1999
Toyota,Tercel,32.9,47.7,1999
Toyota,Tercel,35.8932,51.5664,1999
Volkswagen,Cabrio,23.9411,36.1524,1999
Volkswagen,Cabrio,26.3178,39.8986,1999
Volkswagen,New Beetle,37.8885,57.2229,1999
Volkswagen,New Beetle,46.4177,62.875,1999
Volkswagen,New Beetle,24.6475,35.6478,1999
Isuzu,Pickup 2WD,26,36,1985
Volkswagen,New Beetle,26.7404,39.2508,1999
Volvo,C70 Convertible,21.5681,33.8032,1999
Volvo,C70 Convertible,21.9669,34.3669,1999
Volvo,C70 Convertible,21.1135,34.204,1999
Audi,A4,22.9787,39.5937,1999
Audi,A4,25.9,40.7,1999
Audi,A4,19.982,37.2494,1999
Audi,A4,22,37,1999
Audi,A4 quattro,20.4074,34.8041,1999
Audi,A4 quattro,23.5426,36.9427,1999
Isuzu,Pickup 2WD,24.4444,35,1985
Audi,A4 quattro,19.4283,34.9482,1999
Audi,A4 quattro,21.3477,34.248,1999
Bentley,Continental R,12.3988,20.2547,1999
BMW,318ti,25.3,40,1999
BMW,318ti,25.7,41.5,1999
BMW,323i,21.3,35.6,1999
BMW,323i,22.7,36.8,1999
BMW,328i,21.1709,35.2,1999
BMW,328i,22.7407,36.9877,1999
BMW,528i,20.168,33.0806,1999
Isuzu,Pickup 2WD,34.4444,43,1985
BMW,528i,22.7407,36.9877,1999
BMW,540i,19.9885,30.8908,1999
BMW,540i,17.2,26.8967,1999
BMW,540i,17.1994,29.1499,1999
Chevrolet,Prizm,30.9776,41.8686,1999
Chevrolet,Prizm,31.638,45.7891,1999
Chevrolet,Prizm,34.2398,47.8579,1999
Chrysler,Sebring,23.2961,37.942,1999
Chrysler,Sebring,24.0996,40.191,1999
Chrysler,Sebring,21.5198,35.2072,1999
Mitsubishi,Truck 2WD,31,38,1985
Chrysler,Sebring Convertible,23.1593,38.9851,1999
Chrysler,Sebring Convertible,20.925,34.6806,1999
Chrysler,Sebring Convertible,20.864,34.8486,1999
Daewoo,Lanos,26.5,46.8,1999
Daewoo,Lanos,29.1,45.8,1999
Daewoo,Lanos,25.5,43,1999
Daewoo,Lanos,28.7,46.3,1999
Daewoo,Nubira,24.4,38.4615,1999
Daewoo,Nubira,24.8,39.7436,1999
Dodge,Avenger,23.2961,37.942,1999
Toyota,Truck 2WD,24,30,1985
Dodge,Avenger,24.1722,40.63,1999
Dodge,Avenger,21.5198,35.2072,1999
Dodge,Neon,26.1,40.5,1999
Dodge,Neon,31.2,50.4,1999
Ford,Contour,25.1162,39.3359,1999
Ford,Contour,27.1622,43.2109,1999
Ford,Contour,22.3337,37.0215,1999
Ford,Contour,21.7867,36.4067,1999
Ford,Escort,28.1401,43.3684,1999
Ford,Escort,31.2086,47.4546,1999
Toyota,Truck 2WD,28,37,1985
Hyundai,Elantra,24.224,39.1358,1999
Hyundai,Elantra,26.6472,42.5185,1999
Infiniti,G20,24.0166,36.5166,1999
Infiniti,G20,25.3,39.4,1999
Jaguar,XJ8,18.6,30.6493,1999
Jaguar,XJR,18.0433,27.6802,1999
Kia,Sephia,25.4,40.1,1999
Kia,Sephia,27.2,39.3,1999
Lexus,ES 300,20.9,32.9,1999
Mercury,Cougar,25.1162,39.3359,1999
Honda,Civic CRX,31,40,1985
Isuzu,750C/I-Mark,42,55,1985
Toyota,Truck 2WD,24,33,1985
Mercury,Cougar,27.1622,43.2109,1999
Mercury,Cougar,22.3337,37.0215,1999
Mercury,Cougar,21.3879,35.6299,1999
Mercury,Mystique,25.1162,39.3359,1999
Mercury,Mystique,27.1622,43.2109,1999
Mercury,Mystique,22.3337,37.0215,1999
Mercury,Mystique,21.3879,35.6299,1999
Mercury,Tracer,28.1401,43.3684,1999
Mercury,Tracer,31.2086,47.4546,1999
Mazda,Millenia,21.7,35.3,1999
Toyota,Truck 2WD,33,38,1985
Mazda,Millenia,21.7,34,1999
Mazda,Protege,29.1146,41.9292,1999
Mazda,Protege,31.7598,43.777,1999
Mazda,Protege,26.2844,37.2,1999
Mazda,Protege,28.5,38.8,1999
Mercedes-Benz,C230 Kompressor,23.8491,36.5956,1999
Mercedes-Benz,C280,23.273,34.6991,1999
Mercedes-Benz,C43 AMG,19.8983,28.8599,1999
Mercedes-Benz,CL500,16.8,28.2,1999
Mercedes-Benz,CL600,14.1,24.7,1999
Dodge,Power Ram 50 Pickup 4WD,28,33,1985
Nissan,Altima,24.6695,38.7302,1999
Nissan,Altima,26.9,39.4,1999
Oldsmobile,Alero,24.5,39.1,1999
Oldsmobile,Alero,22.1,35.6,1999
Plymouth,Neon,26.1,40.5,1999
Plymouth,Neon,31.2,50.4,1999
Pontiac,Grand Am,24.5,39.1,1999
Pontiac,Grand Am,22.1,35.6,1999
Saturn,SL,29.5407,46.824,1999
Saturn,SL,27.9828,44.8799,1999
Ford,Ranger Pickup 4WD,26.6667,35,1985
Saturn,SL,29.8,48.2,1999
Saturn,SL,32.2,51.1,1999
Subaru,Legacy AWD,24.9539,36.9091,1999
Subaru,Legacy AWD,24.8393,37.5238,1999
Subaru,Legacy AWD,22.9881,33.6176,1999
Subaru,Legacy AWD,22.7988,34.1213,1999
Toyota,Camry Solara,25.6104,38.6197,1999
Toyota,Camry Solara,26,40.5465,1999
Toyota,Camry Solara,21.9449,35.4,1999
Toyota,Camry Solara,23.1312,36.5,1999
Ford,Ranger Pickup 4WD,18,27,1985
Toyota,Corolla,30.9,42,1999
Toyota,Corolla,31.6305,46.1021,1999
Toyota,Corolla,34.3709,48.4227,1999
Volkswagen,Golf,23.9411,36.1524,1999
Volkswagen,Golf,26.3178,39.8986,1999
Volkswagen,GTI,23.9411,36.1524,1999
Volkswagen,GTI,27.215,40.4108,1999
Volkswagen,GTI,21.1456,33.0956,1999
Volkswagen,Jetta,44.1,62.8,1999
Volkswagen,Jetta,23.9411,36.1524,1999
Ford,Ranger Pickup 4WD,20,28.2051,1985
Volkswagen,Jetta,26.3178,39.8986,1999
Volkswagen,Jetta,20.3,31.9,1999
Volkswagen,Jetta,21.1456,33.0956,1999
Volkswagen,New Golf,37.8885,57.2229,1999
Volkswagen,New Golf,46.4177,62.875,1999
Volkswagen,New Golf,24.6475,35.6478,1999
Volkswagen,New Golf,26.7404,39.2508,1999
Volkswagen,New GTI,24.6475,35.6478,1999
Volkswagen,New GTI,26.7404,39.2508,1999
Volkswagen,New GTI,22.3,36.5,1999
Isuzu,Pickup 4WD,23,28,1985
Volkswagen,New Jetta,37.8885,57.2229,1999
Volkswagen,New Jetta,46.4177,62.875,1999
Volkswagen,New Jetta,24.6475,35.6478,1999
Volkswagen,New Jetta,26.7404,39.2508,1999
Volkswagen,New Jetta,20.7,32.8,1999
Volkswagen,New Jetta,21.6,36,1999
Volvo,C70,21.9742,35.1875,1999
Volvo,C70,22.1467,35.3936,1999
Volvo,C70,22.0261,34.2598,1999
Acura,3.2TL,20.8549,34.4618,1999
Jeep,Scrambler,20,24,1985
Acura,3.5RL,19.8,30.6,1999
Audi,A6,19.3582,35.1482,1999
Audi,A6 quattro,18.7677,32.9815,1999
Audi,A8,18.8467,33.1493,1999
Audi,A8 quattro,18.6466,31.8922,1999
Bentley,Arnage,13.7745,20.1,1999
Bentley,Turbo RT,12.3988,20.2547,1999
BMW,740i,18.9,30,1999
BMW,740i,16.8,26.8,1999
Buick,Century,21.949,36.9989,1999
Jeep,Scrambler,20,24.359,1985
Buick,Regal,21.6,37.9,1999
Buick,Regal,19.4678,34.977,1999
Buick,Riviera,20,35,1999
Cadillac,Catera,19.9,31.3499,1999
Cadillac,Eldorado,18.8,33.3,1999
Cadillac,Seville,18.8,33.3,1999
Chevrolet,Lumina/Monte Carlo,21.949,36.9989,1999
Chevrolet,Lumina/Monte Carlo,21.6,37.9,1999
Chevrolet,Malibu,24.5,39.1,1999
Chevrolet,Malibu,21.949,36.9989,1999
Jeep,Scrambler,18.8889,23,1985
Chrysler,Cirrus,20.925,34.6806,1999
Chrysler,Cirrus,20.864,34.8486,1999
Daewoo,Leganza,22.1,35.7,1999
Daewoo,Leganza,22.7,37.5,1999
Dodge,Stratus,29.4,47.2,1999
Dodge,Stratus,23.1593,38.9851,1999
Dodge,Stratus,20.925,34.6806,1999
Dodge,Stratus,20.864,34.8486,1999
Ford,Taurus,21.7,36,1999
Ford,Taurus,19.8,33.3,1999
Jaguar,XJS,14,22,1985
Jeep,Scrambler,19,26.9231,1985
Ford,Taurus,21.4,34.3,1999
Ford,Taurus SHO,18.1874,32.6137,1999
Honda,Accord,24.5928,37.6031,1999
Honda,Accord,25.4478,38.537,1999
Honda,Accord,27.2238,39.5907,1999
Honda,Accord,27.8,39.9,1999
Honda,Accord,22.707,35.8079,1999
Hyundai,Sonata,23.0319,36.0585,1999
Hyundai,Sonata,23.7356,38.3059,1999
Hyundai,Sonata,22.3,35.6,1999
Mitsubishi,Truck 4WD,28,33,1985
Hyundai,Sonata,22.7,36.6,1999
Infiniti,I30,22.8683,35.3108,1999
Infiniti,I30,23.8,33.8,1999
Infiniti,Q45,19.3624,30.179,1999
Jaguar,Vanden Plas,18.5234,30.4915,1999
Jaguar,Vanden Plas S.C.,17.7499,28.0492,1999
Jaguar,XJ8L,18.6,30.6493,1999
Lexus,GS 300/GS 400,22.0546,32.2296,1999
Lexus,GS 300/GS 400,19.3693,30.8507,1999
Lexus,LS 400,20.398,31.8972,1999
Chevrolet,C10 Pickup 2WD,18,24.359,1985
Mercury,Sable,21.7,36,1999
Mercury,Sable,19.8,33.3,1999
Mazda,626,24.2006,36.6876,1999
Mazda,626,29.4018,42.5281,1999
Mazda,626,22.4,33.9,1999
Mazda,626,23.8,34.6,1999
Mercedes-Benz,E300 Turbodiesel,29.2398,45.5856,1999
Mercedes-Benz,E320 Sedan,22.9297,37.8552,1999
Mercedes-Benz,E320 Sedan 4Matic,22.4674,35.2836,1999
Mercedes-Benz,E430,20.5618,32.9664,1999
Chevrolet,C10 Pickup 2WD,18,24,1985
Mitsubishi,Diamante,19.6918,30.7692,1999
Mitsubishi,Galant,23.4547,35.572,1999
Mitsubishi,Galant,25.5427,39.6563,1999
Mitsubishi,Galant,21.7282,35.207,1999
Nissan,Maxima,22.9782,35.7783,1999
Nissan,Maxima,23.9,34.2,1999
Oldsmobile,Aurora,19.2488,32.7493,1999
Oldsmobile,Cutlass,24.5,39.1,1999
Oldsmobile,Cutlass,21.949,36.9989,1999
Oldsmobile,Intrigue,20.6,34.5,1999
Chevrolet,C10 Pickup 2WD,18,25,1985
Oldsmobile,Intrigue,21.6,37.9,1999
Plymouth,Breeze,24.4,39.3,1999
Plymouth,Breeze,29.4,47.2,1999
Plymouth,Breeze,23.1593,38.9851,1999
Pontiac,Grand Prix,21.949,36.9989,1999
Pontiac,Grand Prix,21.6,37.9,1999
Pontiac,Grand Prix,19.5676,35.2664,1999
Rolls-Royce,Silver Seraph,13.7971,20.7,1999
Rolls-Royce,Silver Spur,12.3498,20.3499,1999
Saab,3-Sep,20.8995,31.7436,1999
Chevrolet,C10 Pickup 2WD,16,23,1985
Saab,3-Sep,22.5982,34.4896,1999
Saab,3-Sep,21.6,34.5,1999
Saab,5-Sep,20.6,33,1999
Saab,5-Sep,23.3969,38.5999,1999
Saab,5-Sep,20.0536,33.2294,1999
Toyota,Camry,25.6104,38.6197,1999
Toyota,Camry,26,40.5465,1999
Toyota,Camry,21.9449,35.4,1999
Toyota,Camry,23.1312,36.5,1999
Volkswagen,Passat,22.9787,39.5937,1999
Chevrolet,C10 Pickup 2WD,22,30,1985
Volkswagen,Passat,25.9,40.7,1999
Volkswagen,Passat,19.5587,36.9976,1999
Volkswagen,Passat,22.127,36.9274,1999
Volkswagen,Passat Syncro,19.0553,33.5849,1999
Volvo,S70,21.9742,35.1875,1999
Volvo,S70,22.1467,35.3936,1999
Volvo,S70,22.0261,34.2598,1999
Volvo,S70,22.5331,36.0528,1999
Volvo,S70,23.545,36.5917,1999
Volvo,S70 AWD,20.2041,31.5968,1999
Chevrolet,C20 Pickup 2WD,13.3333,21,1985
Volvo,S70 AWD,20.5195,31.4852,1999
Volvo,S80,20.5148,34.99,1999
Volvo,S80,21.3991,34.5128,1999
Bentley,Brooklands R Limo,11.4,18.6,1999
BMW,740il,18.9,30,1999
BMW,750il,14.7,25.4,1999
Buick,LeSabre,21.6,37.9,1999
Buick,Park Avenue,20,35,1999
Buick,Park Avenue,20.9085,35.5062,1999
Cadillac,DeVille,18.8,33.3,1999
Chevrolet,C20 Pickup 2WD,19,28,1985
Cadillac,Funeral Coach/Hearse,18.8,33.3,1999
Cadillac,Limousine,18.8,33.3,1999
Chrysler,300 M,20.1897,34.0868,1999
Chrysler,Concorde,23.1,38.5,1999
Chrysler,Concorde,20.9,36.6,1999
Chrysler,LHS,20.1,34,1999
Dodge,Intrepid,23.1,38.5,1999
Dodge,Intrepid,20.2,35.4,1999
Ford,Crown Victoria CNG,15.9,26.1,1999
Ford,Crown Victoria,18.7236,30.3385,1999
Chevrolet,El Camino Pickup 2WD,18.8889,26,1985
Lincoln,Continental,19.0961,32.0324,1999
Mercury,Grand Marquis,18.7236,30.3385,1999
Lincoln,Town Car,18.7236,30.3385,1999
Mercedes-Benz,S320,19.1,30.7,1999
Mercedes-Benz,S320,19.1,30.7,1999
Mercedes-Benz,S420,17.2,27.6,1999
Mercedes-Benz,S500,16.5,27,1999
Mercedes-Benz,S600,13.9,24,1999
Oldsmobile,Eighty-Eight/Regency,20,35,1999
Oldsmobile,Eighty-Eight/Regency,21.3977,37.1835,1999
Jaguar,XJ,17,24,1985
Chevrolet,El Camino Pickup 2WD,19,30,1985
Pontiac,Bonneville,20.9085,35.5062,1999
Pontiac,Bonneville,19.4678,34.977,1999
Rolls-Royce,Silver Spur Park Ward,11.4,18.6,1999
Toyota,Avalon,23.2766,37.4883,1999
Audi,A4 Avant quattro,20.4074,34.8041,1999
Audi,A4 Avant quattro,23.5426,36.9427,1999
Audi,A4 Avant quattro,19.4211,34.5499,1999
Audi,A4 Avant quattro,21.3477,34.248,1999
BMW,528i Touring,20.168,33.0806,1999
BMW,528i Touring,20.3,33.4,1999
Chevrolet,El Camino Pickup 2WD,18,27,1985
BMW,540i Touring,17.2,26.8967,1999
Daewoo,Nubira Station Wagon,24.4,38.4615,1999
Daewoo,Nubira Station Wagon,24.8,39.7436,1999
Ford,Escort Wagon,28.1401,43.3684,1999
Ford,Escort Wagon,31.2086,47.4546,1999
Hyundai,Elantra Wagon,23.5818,38.0428,1999
Hyundai,Elantra Wagon,26.1,41.2643,1999
Mercury,Tracer Wagon,28.1401,43.3684,1999
Mercury,Tracer Wagon,31.2086,47.4546,1999
Saturn,SW,29.2986,44.3964,1999
Dodge,D100/D150 Pickup 2WD,16,21,1985
Saturn,SW,27.9828,44.8799,1999
Saturn,SW,29.8,48.2,1999
Saturn,SW,30.6882,48.52,1999
Subaru,Impreza Wagon AWD,25.1002,37.3344,1999
Subaru,Impreza Wagon AWD,24.8393,37.5238,1999
Suzuki,Esteem Wagon,29,42.1,1999
Suzuki,Esteem Wagon,32.9,46.7,1999
Audi,A6 Avant quattro,18.7677,32.9815,1999
Ford,Taurus Wagon,19.8423,33.0861,1999
Ford,Taurus Wagon,20.5179,34.4083,1999
Dodge,D100/D150 Pickup 2WD,16,24.359,1985
Isuzu,Oasis,23.3,33,1999
Lexus,RX 300,21.1,30.3,1999
Lexus,RX 300 4WD,20.6,28.1,1999
Mercury,Sable Wagon,19.8423,33.0861,1999
Mercury,Sable Wagon,20.9928,35.0519,1999
Mercedes-Benz,E320 Wagon,22.4437,35.2898,1999
Mercedes-Benz,E320 Wagon 4Matic,21.7666,33.4603,1999
Subaru,Legacy Wagon AWD,24.8015,37.1795,1999
Subaru,Legacy Wagon AWD,24.7407,37.6368,1999
Subaru,Legacy Wagon AWD,22.9881,33.6176,1999
Dodge,D250 Pickup 2WD,14.4444,19,1985
Subaru,Legacy Wagon AWD,22.7988,34.1213,1999
Volkswagen,Passat Wagon,22.9787,39.5937,1999
Volkswagen,Passat Wagon,25.9,40.7,1999
Volkswagen,Passat Wagon,19.5587,36.9976,1999
Volkswagen,Passat Wagon,22.127,36.9274,1999
Volkswagen,Passat Wagon Syncro,19.0553,33.5849,1999
Volvo,V70 FWD,21.9742,35.1875,1999
Volvo,V70 FWD,22.1467,35.3936,1999
Volvo,V70 FWD,22.0261,34.2598,1999
Volvo,V70 FWD,22.5331,36.0528,1999
Ford,F150 Pickup 2WD,17.7778,25,1985
Volvo,V70 FWD,23.545,36.5917,1999
Volvo,V70 AWD,20.2041,31.5968,1999
Volvo,V70 AWD,20.5195,31.4852,1999
Chevrolet,S10 Pickup 2WD,21.2,33,1999
Chevrolet,S10 Pickup 2WD,25.5,36.7,1999
Chevrolet,S10 Pickup 2WD,18.3351,27.7077,1999
Chevrolet,S10 Pickup 2WD,18.9849,29.6,1999
GMC,Sonoma 2WD,21.2,33,1999
GMC,Sonoma 2WD,25.5,36.7,1999
GMC,Sonoma 2WD,18.3365,27.7102,1999
Ford,F150 Pickup 2WD,19,23,1985
GMC,Sonoma 2WD,18.9765,29.6,1999
Isuzu,Hombre Pickup 2WD,21.2,33,1999
Isuzu,Hombre Pickup 2WD,25.5,36.7,1999
Isuzu,Hombre Pickup 2WD,17.9111,26.9107,1999
Isuzu,Hombre Pickup 2WD,18.9,29.6,1999
Chevrolet,C1500 Pickup 2WD,16.1202,23.7965,1999
Chevrolet,C1500 Pickup 2WD,15.5,23.7,1999
Chevrolet,Silverado 1500 2WD,17.9007,25.5897,1999
Chevrolet,Silverado 1500 2WD,18.7377,28.9588,1999
Chevrolet,Silverado 1500 2WD,17.8757,26.4699,1999
Ford,F150 Pickup 2WD,19,28,1985
Chevrolet,Silverado 1500 2WD,17.227,26.1427,1999
Chevrolet,Silverado 1500 2WD,17.2844,25.6645,1999
Chevrolet,Silverado 2500 2WD,16.9,24.8,1999
Chevrolet,Silverado 2500 2WD,13.3366,20.3299,1999
Dodge,Dakota Pickup 2WD,21.9372,31.0881,1999
Dodge,Dakota Pickup 2WD,17.6,26.7,1999
Dodge,Dakota Pickup 2WD,17.9,27.9,1999
Dodge,Dakota Pickup 2WD,15.1,22.8,1999
Dodge,Dakota Pickup 2WD,14.7,22.6,1999
Dodge,Dakota Pickup 2WD,13.8511,21.3154,1999
Ford,F150 Pickup 2WD,13.3333,15,1985
Dodge,Ram 1500 Pickup 2WD,16.4,25.1419,1999
Dodge,Ram 1500 Pickup 2WD,16.7,27.1,1999
Dodge,Ram 1500 Pickup 2WD,14.9357,24.2828,1999
Dodge,Ram 1500 Pickup 2WD,14.873,23.5188,1999
Dodge,Ram 1500 Pickup 2WD,13.9304,22.005,1999
Ford,F150 Pickup 2WD,17.3743,25.184,1999
Ford,F150 Pickup 2WD,18.1778,27.1032,1999
Ford,F150 Pickup 2WD,16.1905,24.6207,1999
Ford,F150 Pickup 2WD,15.588,23.9759,1999
Ford,F150 Pickup 2WD,14.9658,22.3595,1999
Ford,F250 Pickup 2WD,16,20,1985
Ford,F250 Pickup 2WD,15.0113,23.2551,1999
Ford,F250 Pickup 2WD,15.5619,23.9236,1999
Ford,F250 Pickup 2WD,14.9487,22.329,1999
Ford,F250 Pickup 2WD CNG,12.5,19,1999
Ford,Ranger 2WD FFV,18.4,28.003,1999
Ford,Ranger 2WD FFV,19.5924,29.4337,1999
Ford,Ranger Pickup 2WD,22.2316,31.491,1999
Ford,Ranger Pickup 2WD,23.8915,34.1048,1999
Ford,Ranger Pickup 2WD,17.7899,26.9894,1999
Ford,Ranger Pickup 2WD,19.274,28.4188,1999
Mercury,Capri,23.3333,32,1985
Ford,F250 Pickup 2WD,19,23,1985
GMC,Sierra 1500 2WD,17.901,25.6162,1999
GMC,Sierra 1500 2WD,18.8105,29.2441,1999
GMC,Sierra 1500 2WD,17.8794,26.4745,1999
GMC,Sierra 1500 2WD,17.2335,26.1556,1999
GMC,Sierra 1500 2WD,16.1129,23.7782,1999
GMC,Sierra 1500 2WD,17.2878,25.6721,1999
GMC,Sierra 1500 2WD,15.5,23.7,1999
GMC,Sierra 2500 2WD,16.9,24.8,1999
GMC,Sierra 2500 2WD,13.3165,20.3089,1999
Mazda,B2500,22.2316,31.491,1999
Ford,F250 Pickup 2WD,13.3333,19,1985
Mazda,B2500,23.8915,34.1048,1999
Mazda,B3000 FFV 2WD,18.4678,27.9343,1999
Mazda,B3000 FFV 2WD,19.5924,29.4337,1999
Mazda,B4000,18.2791,27.6011,1999
Mazda,B4000,19.2744,28.4194,1999
Nissan,Frontier 2WD,21.7564,30.2633,1999
Nissan,Frontier 2WD,24.7723,33.484,1999
Toyota,Tacoma 2WD,23.735,30.6778,1999
Toyota,Tacoma 2WD,24.3755,34.2564,1999
Toyota,Tacoma 2WD,21.1,27.5,1999
Ford,F250 Pickup 2WD,15,23.0769,1985
Toyota,Tacoma 2WD,20.7169,29.7317,1999
Toyota,Tacoma 2WD,21.3958,30.7317,1999
Chevrolet,K1500 Pickup 4WD,15.6,22.8,1999
Chevrolet,K1500 Pickup 4WD,14.9,21.8,1999
Chevrolet,Silverado 1500 4WD,17.8,25.7,1999
Chevrolet,Silverado 1500 4WD,16.2,22.5,1999
Chevrolet,Silverado 1500 4WD,16.8089,23.1632,1999
Chevrolet,Silverado 1500 4WD,16.6,24.2,1999
Chevrolet,Silverado 1500 4WD,16.3553,22.6555,1999
Chevrolet,S10 Pickup 4WD,17.9,26.7,1999
Ford,F250 Pickup 2WD,13.3333,15,1985
Chevrolet,S10 Pickup 4WD,18.3964,27.4924,1999
Dodge,Dakota Pickup 4WD,15.9891,23.2771,1999
Dodge,Dakota Pickup 4WD,16.8924,24.592,1999
Dodge,Dakota Pickup 4WD,14.5576,21.0437,1999
Dodge,Dakota Pickup 4WD,14.9,22.5,1999
Dodge,Ram 1500 Pickup 4WD,13.7885,21.1193,1999
Dodge,Ram 1500 Pickup 4WD,14.275,21.6904,1999
Dodge,Ram 1500 Pickup 4WD,13.0466,20.5152,1999
Ford,F150 Pickup 4WD,16.3889,22.7436,1999
Ford,F150 Pickup 4WD,16.2,23,1999
GMC,Caballero Pickup 2WD,18.8889,26,1985
Ford,F150 Pickup 4WD,15.0301,21.4275,1999
Ford,F150 Pickup 4WD,15,22,1999
Ford,F150 Pickup 4WD,14.0389,20.4207,1999
Ford,F250 Pickup 4WD,14.8137,20.9709,1999
Ford,F250 Pickup 4WD,14.5609,21.4769,1999
Ford,F250 Pickup 4WD,13.4227,19.5996,1999
Ford,Ranger 4WD FFV,16.6719,24.639,1999
Ford,Ranger 4WD FFV,19.5,27.4,1999
Ford,Ranger Pickup 4WD,17.7567,25.4353,1999
Ford,Ranger Pickup 4WD,18.3762,26.1816,1999
GMC,Caballero Pickup 2WD,19,30,1985
GMC,Sierra 1500 4WD,17.8,25.7,1999
GMC,Sierra 1500 4WD,16.2,22.5,1999
GMC,Sierra 1500 4WD,16.7738,23.1106,1999
GMC,Sierra 1500 4WD,16.6,24.2,1999
GMC,Sierra 1500 4WD,15.6,22.8,1999
GMC,Sierra 1500 4WD,16.3377,22.6378,1999
GMC,Sierra 1500 4WD,14.9,21.8,1999
GMC,Sonoma 4WD,17.9,26.7,1999
GMC,Sonoma 4WD,18.3964,27.4924,1999
Isuzu,Hombre Pickup 4WD,17.9,26.7,1999
GMC,Caballero Pickup 2WD,18,27,1985
Isuzu,Hombre Pickup 4WD,18.3964,27.4924,1999
Mazda,B3000 FFV 4WD,16.6719,24.639,1999
Mazda,B3000 FFV 4WD,19.5,27.4,1999
Mazda,B4000,17.7567,25.4353,1999
Mazda,B4000,18.3759,26.1814,1999
Nissan,Frontier 4WD,19.7941,26.7823,1999
Nissan,Frontier V6 4WD,17.0738,23.9739,1999
Nissan,Frontier V6 4WD,18.074,23.8609,1999
Toyota,Tacoma 4WD,20.0218,26.682,1999
Toyota,Tacoma 4WD,19.3231,26.9865,1999
GMC,C15 Pickup 2WD,18,24.359,1985
Toyota,Tacoma 4WD,19.0635,25.1512,1999
Toyota,Tacoma 4WD,18.6,24.9359,1999
Chevrolet,Astro 2WD (cargo),17.9111,26.9107,1999
Chevrolet,Astro AWD (cargo),17.8,25.7,1999
Chevrolet,Van 1500/2500 2WD,16.5996,24.2001,1999
Chevrolet,Van 1500/2500 2WD,15.9966,23.4911,1999
Chevrolet,Van 1500/2500 2WD,15.1033,22.6657,1999
Dodge,B1500 Van 2WD,16.9,21.6,1999
Dodge,B1500 Van 2WD,14.9178,24.3727,1999
Dodge,B1500 Van 2WD,14,22.1,1999
GMC,C15 Pickup 2WD,18,24,1985
Dodge,B2500 Van 2WD,14.9,24.4,1999
Dodge,B2500 Van 2WD,14,22.1,1999
Ford,E150 Econoline 2WD,15.5837,23.3377,1999
Ford,E150 Econoline 2WD,14.831,23.0418,1999
Ford,E150 Econoline 2WD,14.9487,22.329,1999
Ford,E250 Econoline 2WD,15.2278,22.8475,1999
Ford,E250 Econoline 2WD,13.9714,22.6481,1999
Ford,E250 Econoline 2WD CNG,12.6,19.1,1999
GMC,Savana 1500/2500 2WD (cargo),16.5707,24.2096,1999
GMC,Savana 1500/2500 2WD (cargo),15.993,23.4813,1999
GMC,C15 Pickup 2WD,18,25,1985
GMC,Savana 1500/2500 2WD (cargo),15.1031,22.6835,1999
GMC,Safari 2WD (cargo),17.9111,26.9107,1999
GMC,Safari AWD (cargo),17.8,25.7,1999
Chevrolet,Astro 2WD (passenger),17.9,25.5,1999
Chevrolet,Astro AWD (passenger),17.1,24.4,1999
Chevrolet,Express 1500/2500 2WD,16.3,24.3,1999
Chevrolet,Express 1500/2500 2WD,15.5,22.2,1999
Chevrolet,Express 1500/2500 2WD,15.0971,23.1883,1999
Dodge,B1500 Wagon 2WD,16.1498,20.8,1999
Dodge,B1500 Wagon 2WD,14.9,24.4,1999
Mercury,Capri,26,37.1795,1985
GMC,C15 Pickup 2WD,16,23,1985
Dodge,B2500 Wagon 2WD,14.6,23.6,1999
Dodge,B2500 Wagon 2WD,13.4,22.2,1999
Ford,E150 Club Wagon,15.1351,22.7195,1999
Ford,E150 Club Wagon,14.8,22.4,1999
Ford,E150 Club Wagon,13.5,21.4,1999
GMC,Savana 1500/2500 2WD (passenger),16.3,24.3,1999
GMC,Savana 1500/2500 2WD (passenger),15.5,22.2,1999
GMC,Savana 1500/2500 2WD (passenger),15.0971,23.1883,1999
GMC,Safari 2WD (passenger),17.9,25.5,1999
GMC,Safari AWD (passenger),17.1,24.4,1999
GMC,C15 Pickup 2WD,22,30,1985
Volkswagen,Eurovan Camper,15.6,24.1,1999
Subaru,Forester AWD,23.1438,32.8585,1999
Subaru,Forester AWD,23.7384,35.0421,1999
Chevrolet,Venture FWD,19.6,31.9,1999
Chrysler,Town and Country 2WD,19.599,30.9971,1999
Chrysler,Town and Country 2WD,19.6,31,1999
Chrysler,Town and Country 2WD,18.8553,30.1489,1999
Dodge,Caravan/Grand Caravan 2WD,22,33.2,1999
Dodge,Caravan/Grand Caravan 2WD,20.7,33,1999
Dodge,Caravan/Grand Caravan 2WD,19.5949,30.9857,1999
GMC,C25 Pickup 2WD,13.3333,21,1985
Dodge,Caravan/Grand Caravan 2WD,19.6,31,1999
Dodge,Caravan/Grand Caravan 2WD,18.8602,30.1711,1999
Dodge,Caravan/Grand Caravan 2WD,18.5,30,1999
Ford,Windstar FWD Van,18.6488,29.7987,1999
Ford,Windstar FWD Van,19.7,29,1999
Ford,Windstar FWD Wagon,18.6488,29.7987,1999
Ford,Windstar FWD Wagon,18.72,29.1617,1999
Honda,Odyssey,19.8635,32.7144,1999
Mercury,Villager FWD Wagon,18.873,30.8408,1999
Nissan,Quest,19.0278,31.2816,1999
GMC,C25 Pickup 2WD,19,28,1985
Oldsmobile,Silhouette 2WD,19.6,31.9,1999
Plymouth,Voyager/Grand Voyager 2WD,22,33.2,1999
Plymouth,Voyager/Grand Voyager 2WD,20.7,33,1999
Plymouth,Voyager/Grand Voyager 2WD,19.5948,30.9855,1999
Plymouth,Voyager/Grand Voyager 2WD,19.6,31,1999
Plymouth,Voyager/Grand Voyager 2WD,18.8995,30.3499,1999
Pontiac,Trans Sport/Montana 2WD,19.6,31.9,1999
Toyota,Sienna 2WD,20.2792,31.1504,1999
Volkswagen,Eurovan,16.5462,25.1276,1999
Chrysler,Town and Country AWD,17.7487,29.597,1999
Chevrolet,K10 Pickup 4WD,17,23,1985
Dodge,Caravan/Grand Caravan AWD,17.3,29.2,1999
Dodge,Caravan/Grand Caravan AWD,17.7487,29.597,1999
Chevrolet,Blazer 2WD,17.9111,26.9107,1999
Chevrolet,Blazer 2WD,18.9,29.6,1999
Chevrolet,Suburban 1500 2WD,15.0971,23.1883,1999
Chevrolet,Tahoe 1500 2WD,15.1033,22.6654,1999
Chevrolet,Tracker 2WD Convertible,28.0389,35.7429,1999
Chevrolet,Tracker 2WD Convertible,25.8822,32.6451,1999
Chevrolet,Tracker 2WD Convertible,25.3389,32.5686,1999
Chevrolet,Tracker 2WD Hardtop,26.1777,33.2548,1999
Chevrolet,K10 Pickup 4WD,15,19.2308,1985
Chevrolet,Tracker 2WD Hardtop,25.2775,32.631,1999
Dodge,Durango 2WD,16.4,25.1419,1999
Dodge,Durango 2WD,15.1,24.1,1999
Dodge,Durango 2WD,13.8,21.5288,1999
Ford,Expedition 2WD,14.831,23.0418,1999
Ford,Expedition 2WD,13.9714,22.6481,1999
Ford,Explorer 2WD,17.5654,26.7068,1999
Ford,Explorer 2WD,17.4,26.2,1999
Ford,Explorer 2WD,19.7,29,1999
Ford,Explorer 2WD,15.6,24.4,1999
Chevrolet,K10 Pickup 4WD,13,21,1985
GMC,Suburban 1500 2WD,15.0971,23.1883,1999
GMC,Yukon 1500 2WD,15.1033,22.6654,1999
GMC,Jimmy 2WD,17.9111,26.9107,1999
GMC,Jimmy 2WD,18.9,29.6,1999
Honda,Passport 2WD,18.2018,26.1263,1999
Honda,Passport 2WD,19.6936,26.2936,1999
Isuzu,Amigo 2WD,22.927,31.1824,1999
Isuzu,Amigo 2WD,18.5802,26.4,1999
Isuzu,Rodeo 2WD,22.8268,30.8543,1999
Isuzu,Rodeo 2WD,18.1982,26.1101,1999
Chevrolet,T10 (S10) Pickup 4WD,19,29,1985
Isuzu,Rodeo 2WD,19.6843,26.285,1999
Jeep,Cherokee 2WD,19.4928,27.6986,1999
Jeep,Cherokee 2WD,23.0567,32.1755,1999
Jeep,Cherokee 2WD,17.7247,28.1103,1999
Jeep,Cherokee 2WD,19.8,30.8,1999
Jeep,Grand Cherokee 2WD,17.7994,26.6966,1999
Kia,Sportage 2WD,21.4499,29.2969,1999
Kia,Sportage 2WD,21.6,29,1999
Lincoln,Navigator 2WD,13.9714,22.6481,1999
Lincoln,Navigator 2WD,14.4,22.1,1999
Chevrolet,T10 (S10) Pickup 4WD,19,27,1985
Mercury,Mountaineer 2WD,17,25.8,1999
Mercury,Mountaineer 2WD,15.6,24.4,1999
Mitsubishi,Montero Sport 2WD,24.1229,30.801,1999
Mitsubishi,Montero Sport 2WD,20.3058,27.2419,1999
Mitsubishi,Montero Sport 2WD,18.5842,26.1855,1999
Mitsubishi,Nativa 2WD,20.7,30.6,1999
Mitsubishi,Nativa 2WD,24.1228,30.8047,1999
Mitsubishi,Nativa 2WD,20.3058,27.2419,1999
Nissan,Pathfinder 2WD,17.4,25.4,1999
Nissan,Pathfinder 2WD,18.5,24.7,1999
Chevrolet,T10 (S10) Pickup 4WD,19,30,1985
Suzuki,Grand Vitara 4Door 2WD,20.947,26.7477,1999
Suzuki,Grand Vitara 4Door 2WD,21.3,28.3,1999
Suzuki,Vitara 2Door 2WD,27.3,34.9,1999
Suzuki,Vitara 2Door 2WD,28.0151,35.8388,1999
Suzuki,Vitara 2Door 2WD,25.3,31.7,1999
Suzuki,Vitara 2Door 2WD,24.6,31.2,1999
Suzuki,Vitara 4Door 2WD,25.1,31.8,1999
Suzuki,Vitara 4Door 2WD,24.5,31.6,1999
Toyota,4Runner 2WD,22.1,30.9,1999
Toyota,4Runner 2WD,20.4,29.8,1999
Mercury,Capri,21,28.2051,1985
Nissan,Truck 4WD,20,27,1985
Toyota,4Runner 2WD,19.3,26.7,1999
Toyota,RAV4 2WD,26.6,37,1999
Toyota,RAV4 2WD,27.1,37.3,1999
Toyota,RAV4 Soft Top 2WD,26.6,37,1999
Toyota,RAV4 Soft Top 2WD,27.1,37.3,1999
Acura,SLX,16.5303,24.5203,1999
Cadillac,Escalade 4WD,13.7,20.8,1999
Chevrolet,Blazer 4WD,17.8,25.7,1999
Chevrolet,Blazer 4WD,16.2,22.5,1999
Chevrolet,Tahoe 1500 4WD,13.7205,20.7702,1999
Ford,F150 Pickup 4WD,14,18,1985
Chevrolet,Tahoe 1500 4WD,16.1123,23.8999,1999
Chevrolet,Tracker 4WD Convertible,27.8217,34.8636,1999
Chevrolet,Tracker 4WD Convertible,25.3224,31.7548,1999
Chevrolet,Tracker 4WD Convertible,24.9544,31.6693,1999
Chevrolet,Tracker 4WD Hardtop,25.2006,31.8931,1999
Chevrolet,Tracker 4WD Hardtop,24.6,31.9694,1999
Dodge,Durango 4WD,15.9641,23.2271,1999
Dodge,Durango 4WD,14.4,21.3,1999
Dodge,Durango 4WD,13.1,21.1,1999
Ford,Expedition 4WD,13.7,20.6813,1999
Ford,F150 Pickup 4WD,16.6667,23,1985
Ford,Expedition 4WD,13,20.4,1999
Ford,Explorer 4WD,16.6005,24.7257,1999
Ford,Explorer 4WD,16.8933,24.824,1999
Ford,Explorer 4WD,17.9494,25.8541,1999
Ford,Explorer 4WD,15.3974,23.7849,1999
GMC,Jimmy 4WD,17.8,25.7,1999
GMC,Jimmy 4WD,16.2,22.5,1999
GMC,Yukon 1500 4WD,13.7141,20.7963,1999
GMC,Yukon 1500 4WD,16.1123,23.8999,1999
Honda,Passport 4WD,18.2,26.1289,1999
Ford,F150 Pickup 4WD,16,19.2308,1985
Honda,Passport 4WD,19.6818,26.2818,1999
Infiniti,QX4 4WD,16.6,23.9443,1999
Isuzu,Amigo 4WD,22,29.5972,1999
Isuzu,Amigo 4WD,18.5694,26.4,1999
Isuzu,Amigo 4WD,19.7,26.3299,1999
Isuzu,Rodeo 4WD,18.2,26.1318,1999
Isuzu,Rodeo 4WD,19.6687,26.2687,1999
Isuzu,Trooper,16.5282,24.5119,1999
Isuzu,Trooper,17.8,24.4,1999
Jeep,Cherokee 4WD,19.8,25.3,1999
Ford,F150 Pickup 4WD,14.4444,21,1985
Jeep,Cherokee 4WD,17.4265,26.6378,1999
Jeep,Cherokee 4WD,19,28,1999
Jeep,Grand Cherokee 4WD,17.4351,26.6392,1999
Jeep,Grand Cherokee 4WD,16.2,23.8962,1999
Jeep,Wrangler 4WD,17.7746,23.1,1999
Jeep,Wrangler 4WD,19.8,25.3,1999
Jeep,Wrangler 4WD,16.6,22.8,1999
Jeep,Wrangler 4WD,17.5972,24.7574,1999
Kia,Sportage 4WD,21.4499,29.2969,1999
Kia,Sportage 4WD,21.6,29,1999
Ford,F150 Pickup 4WD,12,14.1026,1985
Land Rover,Discovery,15.3,21.8,1999
Land Rover,Discovery Series II,14.4104,20.7014,1999
Land Rover,Range Rover,14.4104,20.7014,1999
Land Rover,Range Rover,13.9999,20.5746,1999
Lexus,LX 470,14.9,20.9,1999
Lincoln,Navigator 4WD,13,20.4,1999
Lincoln,Navigator 4WD,13.4846,21.0537,1999
Mercedes-Benz,ML320,18.5526,26.3166,1999
Mercedes-Benz,ML430,16.7,23.7,1999
Mercury,Mountaineer 4WD,16.8823,24.824,1999
Ford,F250 Pickup 4WD,14,18,1985
Mercury,Mountaineer 4WD,15.3974,23.7849,1999
Mitsubishi,Montero,18.1855,25.3455,1999
Mitsubishi,Montero,17.3,23.2,1999
Mitsubishi,Montero,17.3798,24.6885,1999
Mitsubishi,Montero Sport 4WD,19.7589,26.6844,1999
Mitsubishi,Montero Sport 4WD,19.2438,26.3015,1999
Mitsubishi,Montero Sport 4WD,18.0784,25.2348,1999
Mitsubishi,Nativa 4WD,19.8022,26.9633,1999
Mitsubishi,Nativa 4WD,19.2438,26.3015,1999
Nissan,Pathfinder 4WD,16.7,23.7475,1999
Ford,F250 Pickup 4WD,16,19.2308,1985
Nissan,Pathfinder 4WD,17.9,22.5,1999
Oldsmobile,Bravada AWD,17.8,25.7,1999
Suzuki,Grand Vitara 4Door 4WD,20.5,26,1999
Suzuki,Grand Vitara 4Door 4WD,20.9,27.4,1999
Suzuki,Vitara 2Door 4WD,26.6,34.1,1999
Suzuki,Vitara 2Door 4WD,27.8669,34.9999,1999
Suzuki,Vitara 2Door 4WD,25.3,31.7,1999
Suzuki,Vitara 2Door 4WD,24.6,31.2,1999
Suzuki,Vitara 4Door 4WD,25.1,31.8,1999
Suzuki,Vitara 4Door 4WD,24.5,31.6,1999
Ford,F250 Pickup 4WD,14,20,1985
Toyota,4Runner 4WD,19.9863,26.411,1999
Toyota,4Runner 4WD,18.9472,26.948,1999
Toyota,4Runner 4WD,18.6968,25.0143,1999
Toyota,4Runner 4WD,18.6,24.9359,1999
Toyota,Land Cruiser Wagon 4WD,14.9,20.9,1999
Toyota,RAV4 4WD,24.2899,33.9325,1999
Toyota,RAV4 4WD,24.1536,32.1723,1999
Toyota,RAV4 Soft Top 4WD,24.973,33.8132,1999
Toyota,RAV4 Soft Top 4WD,24.9,33.4,1999
Acura,NSX,19.2343,30.1499,2000
GMC,K15 Pickup 4WD,17,23,1985
Acura,NSX,19,30.4,2000
BMW,M Coupe,21.1,32.7,2000
BMW,Z3 Coupe,20.9,33.6,2000
BMW,Z3 Coupe,21.022,32.887,2000
BMW,Z3 Roadster,20.9,33.2,2000
BMW,Z3 Roadster,21.9,34.4,2000
BMW,Z3 Roadster,21,33,2000
BMW,Z3 Roadster,21.022,32.887,2000
BMW,Z8,14.9535,26.3337,2000
Chevrolet,Corvette,18.4,32.2,2000
Mercury,Capri,18,31,1985
GMC,K15 Pickup 4WD,15,19.2308,1985
Chevrolet,Corvette,20.4,34.9,2000
Dodge,Viper Convertible,13.3853,26.7962,2000
Dodge,Viper Coupe,13.3853,26.7962,2000
Ferrari,360 Modena/Spider,11.9,20.2,2000
Ferrari,360 Modena/Spider,11.6498,20.498,2000
Ferrari,550 Maranello,9.3989,16.7,2000
Honda,Insight,68.1881,89.2029,2000
Honda,S2000,22.4996,32.6972,2000
Lotus,Esprit V8,16.7,28.8,2000
Mazda,MX-5 Miata,25.1,35.5389,2000
GMC,K15 Pickup 4WD,13,21,1985
Mazda,MX-5 Miata,27.6,37.6,2000
Mazda,MX-5 Miata,26.4,36.7,2000
Mercedes-Benz,SL500,17.8498,29.1,2000
Mercedes-Benz,SL600,14.4,24.4,2000
Mercedes-Benz,SLK230 Kompressor,24.6152,37.9108,2000
Mercedes-Benz,SLK230 Kompressor,23.4997,39.1869,2000
Plymouth,Prowler,19,29.7,2000
Porsche,Boxster,19.4354,31.543,2000
Porsche,Boxster,21.5,35.1,2000
Porsche,Boxster S,18.4222,30.8691,2000
GMC,T15 (S15) Pickup 4WD,19,29,1985
Porsche,Boxster S,19.5,32.7,2000
Toyota,MR2,27.9,38.3,2000
Aston Martin,DB-7 Vantage Coupe,12.4,23.9,2000
Aston Martin,DB-7 Vantage Coupe,12.2654,23.4237,2000
Aston Martin,DB-7 Vantage Volante,12.2,23,2000
Aston Martin,DB-7 Vantage Volante,12.1,22.8,2000
Audi,TT Coupe,24.2,40.0469,2000
Audi,TT Coupe quattro,22.5,36.6,2000
BMW,323i Convertible,19.4,30.7,2000
BMW,323i Convertible,21,32.2,2000
GMC,T15 (S15) Pickup 4WD,19,27,1985
BMW,M Roadster,21.1,32.7,2000
Jaguar,XK8 Convertible,18.8,30.7987,2000
Jaguar,XKR Convertible,17.8741,28.3131,2000
Mercedes-Benz,CLK320 (Cabriolet),21.6242,35.2966,2000
Mercedes-Benz,CLK430 (Cabriolet),19.2,30.5997,2000
Porsche,911 Carrera,18.2213,32.3493,2000
Porsche,911 Carrera,18.2428,30.7628,2000
Porsche,911 Carrera,18.9,32.1,2000
Porsche,911 Carrera,18.5898,30.1442,2000
Qvale,Detomaso Mangusta,21.1111,39.7436,2000
GMC,T15 (S15) Pickup 4WD,19,30,1985
Acura,Integra,26.1883,38.9626,2000
Acura,Integra,28.0294,39.7852,2000
Acura,Integra,27.846,38.8605,2000
Bentley,Azure,12.3823,20.0411,2000
Bentley,Continental SC,12.3823,20.0411,2000
Bentley,Continental T,12.4896,20.4167,2000
BMW,323ci,20.6,34.7,2000
BMW,323ci,22.7,36.8,2000
BMW,328ci,20.2,34.2,2000
BMW,328ci,22.7895,37.0222,2000
Jeep,J-10 Pickup Truck,17,23,1985
Chevrolet,Camaro,21.0237,36.9159,2000
Chevrolet,Camaro,21.3912,38.8618,2000
Chevrolet,Camaro,18.4,32.2,2000
Chevrolet,Camaro,20.362,34.8622,2000
Chevrolet,Cavalier,25.1,36.9,2000
Chevrolet,Cavalier,25.7476,40,2000
Chevrolet,Cavalier,26.5,43.4,2000
Chevrolet,Cavalier,24.5,39.1,2000
Chevrolet,Cavalier,25.1,42.5,2000
Chevrolet,Metro,42.9,59,2000
Toyota,Truck 4WD,21,27,1985
Chevrolet,Metro,33.5415,44.0995,2000
Chevrolet,Metro,40.283,54.2,2000
Ferrari,456 MGT/MGA,10.6991,19.1,2000
Ferrari,456 MGT/MGA,10.9,20.6,2000
Ford,Escort ZX2,28.2,42,2000
Ford,Escort ZX2,28.1308,41.8706,2000
Ford,Mustang,22.1156,35.1066,2000
Ford,Mustang,21.7684,36.8187,2000
Ford,Mustang,19.3656,30.3974,2000
Ford,Mustang,19,31.6,2000
Chevrolet,Astro 2WD (cargo),24,30.7692,1985
Ford,Mustang,18.5041,31.3066,2000
Ford,Mustang,14.3,23.3,2000
Honda,Civic,30.6,44.4,2000
Honda,Civic,30.8,44.6,2000
Honda,Civic,35.06,46.9023,2000
Honda,Civic,32.8,44.6,2000
Honda,Civic,28.6,40.1,2000
Honda,Civic HX,37.4895,48.9549,2000
Honda,Civic HX,38.6946,55.0218,2000
Honda,Prelude,23.2931,33.9482,2000
Chevrolet,Astro 2WD (cargo),18.8889,28,1985
Honda,Prelude,24.7,34.3,2000
Hyundai,Tiburon,23.9608,38.6472,2000
Hyundai,Tiburon,26.105,40.6658,2000
Jaguar,XK8,20,31.4987,2000
Jaguar,XKR,18.2454,28.9862,2000
Lexus,SC,20.7499,30.1225,2000
Lexus,SC,20.4467,31.7186,2000
Mercedes-Benz,CLK320,22.8411,36.7347,2000
Mercedes-Benz,CLK430,20.3499,31.5972,2000
Mitsubishi,Eclipse,23.1869,35.4732,2000
Chevrolet,Astro 2WD (cargo),18,24,1985
Mitsubishi,Eclipse,22.7277,35.2404,2000
Mitsubishi,Eclipse,25.3493,39.1209,2000
Mitsubishi,Eclipse,22.3715,34.6154,2000
Mitsubishi,Eclipse,22.6,36.1,2000
Mitsubishi,Mirage,31.6232,45.6697,2000
Mitsubishi,Mirage,36.331,50.7772,2000
Mitsubishi,Mirage,28.4734,41.6734,2000
Mitsubishi,Mirage,30.9093,46.1139,2000
Pontiac,Firebird/Trans Am,21.0139,36.9093,2000
Pontiac,Firebird/Trans Am,21.3894,38.8537,2000
Mercury,Capri,18,30.7692,1985
Chevrolet,Astro 2WD (cargo),18.8889,26,1985
Pontiac,Firebird/Trans Am,18.4,32.2,2000
Pontiac,Firebird/Trans Am,20.1,34.6,2000
Pontiac,Sunfire,25.1,36.9,2000
Pontiac,Sunfire,25.7476,40,2000
Pontiac,Sunfire,26.5,43.4,2000
Pontiac,Sunfire,24.5,39.1,2000
Pontiac,Sunfire,25.1,42.5,2000
Rolls-Royce,Corniche,12.6,20.4,2000
Saab,9-3 Convertible,21.8,33,2000
Saab,9-3 Convertible,22,32.6,2000
Chevrolet,G10/20 Van 2WD,17,23.0769,1985
Saab,9-3 Convertible,23.9,37.5,2000
Saab,9-3 Convertible,23.7,37.4,2000
Saab,9-3 Viggen Convertible,22.6,37.4,2000
Saturn,SC,29.6014,46.6121,2000
Saturn,SC,27.8917,45.8399,2000
Saturn,SC,31.5068,51.302,2000
Saturn,SC,29.9,48.4,2000
Subaru,Impreza AWD,25.2,36.2,2000
Subaru,Impreza AWD,23.1,35.5,2000
Suzuki,Esteem,30.2,43.4,2000
Chevrolet,G10/20 Van 2WD,17,22,1985
Suzuki,Esteem,33.6,47.1,2000
Suzuki,Esteem,28.8,42.5,2000
Suzuki,Esteem,31.4,44.4,2000
Suzuki,Swift,33.5415,44.0995,2000
Suzuki,Swift,40.283,54.2,2000
Toyota,Camry Solara Convertible,25.2733,39.0956,2000
Toyota,Camry Solara Convertible,20.9,33.4673,2000
Toyota,Celica,29.8,44.2,2000
Toyota,Celica,25.6335,38.099,2000
Toyota,Celica,30.6,43.2,2000
Chevrolet,G10/20 Van 2WD,17,23,1985
Toyota,Celica,25.7,40.5,2000
Volkswagen,Cabrio,24.4999,35.6731,2000
Volkswagen,Cabrio,26.7103,39.2215,2000
Volkswagen,New Beetle,24.4444,35.1,2000
Volkswagen,New Beetle,28.2,39.2,2000
Volkswagen,New Beetle,37.8549,57.4406,2000
Volkswagen,New Beetle,46.4977,62.9432,2000
Volkswagen,New Beetle,24.4999,35.6731,2000
Volkswagen,New Beetle,26.7103,39.2215,2000
Volvo,C70 Convertible,20.6627,31.8843,2000
Chevrolet,G10/20 Van 2WD,16,23,1985
Volvo,C70 Convertible,22.0837,33.3974,2000
Volvo,C70 Convertible,21.0033,33.3517,2000
Audi,A4,22.8472,38.5499,2000
Audi,A4,27,40.9,2000
Audi,A4,19.9413,33.4928,2000
Audi,A4,22.3,36.8,2000
Audi,A4 quattro,21.5834,36.0494,2000
Audi,A4 quattro,24.1789,36.8279,2000
Audi,A4 quattro,19.4701,32.3437,2000
Audi,A4 quattro,20.4603,31.7186,2000
Dodge,B150/B250 Van 2WD,15,19.2308,1985
Audi,S4,19.1201,30.3657,2000
Audi,S4,19.1499,30.5937,2000
Bentley,Continental R,12.4896,20.4167,2000
BMW,323i,21.3,35.6,2000
BMW,323i,20.6,34.7,2000
BMW,323i,22.7,36.8,2000
BMW,328i,21.1709,35.2,2000
BMW,328i,20.2,34.2,2000
BMW,328i,22.7895,37.0222,2000
BMW,528i,20.1348,32.9573,2000
Dodge,B150/B250 Van 2WD,16,23.0769,1985
BMW,528i,19.7193,33.5691,2000
BMW,528i,22.7895,37.0222,2000
BMW,540i,19.9447,30.8559,2000
BMW,540i,17.2,26.8967,2000
BMW,540i,17.1994,29.1499,2000
BMW,M5,14.9535,26.3337,2000
Chevrolet,Prizm,30.9,41.4,2000
Chevrolet,Prizm,31.9192,47.5551,2000
Chevrolet,Prizm,34.4,48.6,2000
Chrysler,Sebring,21.4275,35.1143,2000
Dodge,B150/B250 Van 2WD,14.4444,19,1985
Chrysler,Sebring Convertible,21.6,34.9,2000
Chrysler,Sebring Convertible,20.1183,33.0023,2000
Daewoo,Lanos,26.5,46.8,2000
Daewoo,Lanos,29.1,45.8,2000
Daewoo,Lanos,25.5,43,2000
Daewoo,Lanos,28.7,46.3,2000
Daewoo,Nubira,24.4,38.4615,2000
Daewoo,Nubira,24.8,39.7436,2000
Dodge,Avenger,21.4275,35.1143,2000
Dodge,Neon,27.5,39.7,2000
Dodge,B350 Van 2WD,14.4444,19,1985
Dodge,Neon,31.4,44.3,2000
Ford,Contour,24.3991,39.8356,2000
Ford,Contour,26.9697,43.1192,2000
Ford,Contour,22.5,36.3,2000
Ford,Contour,22.5287,37.2291,2000
Ford,Escort,28.4,43.5,2000
Ford,Escort,30.5,45,2000
Ford,Focus,29.1772,42.2234,2000
Ford,Focus,27.3983,39.4817,2000
Ford,Focus,30.5,45,2000
Ford,E150 Econoline 2WD,16,20,1985
Ford,Focus,27.7877,42.9239,2000
Hyundai,Accent/Brio,28.853,44.2257,2000
Hyundai,Accent/Brio,31.2626,46.1027,2000
Hyundai,Elantra,24.0609,39.5619,2000
Hyundai,Elantra,26.7342,42.5883,2000
Infiniti,G20,25.5499,39,2000
Infiniti,G20,26.2,40.1,2000
Jaguar,XJ8,18.7493,30.7976,2000
Jaguar,XJR,17.6496,27.549,2000
Kia,Sephia/Spectra,24.6,40.4,2000
Maserati,Biturbo,15,25,1985
Ford,E150 Econoline 2WD,17.7778,25,1985
Kia,Sephia/Spectra,25.3,36.9,2000
Lexus,ES 300,21.1709,33.7,2000
Mercury,Cougar,26.9697,43.1192,2000
Mercury,Cougar,22.5,36.3,2000
Mercury,Cougar,22.1932,36.8932,2000
Mercury,Mystique,24.3991,39.8356,2000
Mercury,Mystique,26.9697,43.1192,2000
Mercury,Mystique,22.5,36.3,2000
Mercury,Mystique,22.1932,36.8932,2000
Mazda,Millenia,21.7,35.3,2000
Ford,E150 Econoline 2WD,19,23,1985
Mazda,Millenia,21.7,34,2000
Mazda,Protege,29.1449,41.9898,2000
Mazda,Protege,32.0857,43.9236,2000
Mazda,Protege,26.2549,37.2449,2000
Mazda,Protege,28.5,38.7549,2000
Mercedes-Benz,C230 Kompressor,23.8499,36.7932,2000
Mercedes-Benz,C280,23.273,34.6991,2000
Mercedes-Benz,C43 AMG,19.8957,28.8589,2000
Mercedes-Benz,CL500,18.0861,28.8702,2000
Nissan,Altima,23.2241,35.7483,2000
Ford,E150 Econoline 2WD,19,27,1985
Nissan,Altima,26.1,39.7,2000
Nissan,Sentra,29.0701,42.6051,2000
Nissan,Sentra,29.6351,44.6294,2000
Nissan,Sentra,26.5499,38.2,2000
Nissan,Sentra,26.3,39.3,2000
Oldsmobile,Alero,24.5,39.1,2000
Oldsmobile,Alero,24.3,39.8,2000
Oldsmobile,Alero,21.749,40.7,2000
Plymouth,Neon,27.5,39.7,2000
Plymouth,Neon,31.4,44.3,2000
Ford,E150 Econoline 2WD,13.3333,19,1985
Pontiac,Grand Am,24.5,39.1,2000
Pontiac,Grand Am,24.3,39.8,2000
Pontiac,Grand Am,21.749,40.7,2000
Saturn,SL,29.8,48.4,2000
Saturn,SL,27.8917,45.8399,2000
Saturn,SL,32.2,51.5,2000
Saturn,SL,29.9,48.4,2000
Subaru,Legacy AWD,24.1004,34.4568,2000
Subaru,Legacy AWD,23.7673,35.5043,2000
Toyota,Camry Solara,25.2733,39.0956,2000
Ford,E150 Econoline 2WD,12,14,1985
Toyota,Camry Solara,26,40.5859,2000
Toyota,Camry Solara,21.6364,34.6852,2000
Toyota,Camry Solara,22.2387,35.5683,2000
Toyota,Corolla,30.9,41.4,2000
Toyota,Corolla,31.8493,47.3444,2000
Toyota,Corolla,34.4,48.6,2000
Toyota,Echo,34.1,48.7438,2000
Toyota,Echo,37.6,52.6,2000
Volkswagen,Golf,24.4197,35.7,2000
Volkswagen,Golf,26.8818,39.3,2000
Ford,E250 Econoline 2WD,14.4444,21,1985
Volkswagen,Golf,37.8549,57.4406,2000
Volkswagen,Golf,46.4977,62.9432,2000
Volkswagen,Golf,24.4999,35.6731,2000
Volkswagen,Golf,26.7103,39.2215,2000
Volkswagen,GTI,24.4197,35.7,2000
Volkswagen,GTI,26.8818,39.3,2000
Volkswagen,GTI,24.4999,35.6731,2000
Volkswagen,GTI,26.7103,39.2215,2000
Volkswagen,GTI,22.3,36.5,2000
Volkswagen,Jetta,24.4197,35.7,2000
Ford,E250 Econoline 2WD,11.1111,14,1985
Volkswagen,Jetta,26.8818,39.3,2000
Volkswagen,Jetta,37.8549,57.4406,2000
Volkswagen,Jetta,46.4977,62.9432,2000
Volkswagen,Jetta,24.4999,35.6731,2000
Volkswagen,Jetta,26.7103,39.2215,2000
Volkswagen,Jetta,20.7,32.8,2000
Volkswagen,Jetta,21.6,36,2000
Volvo,C70 Coupe,21.1508,34.9479,2000
Volvo,C70 Coupe,22.4558,35.1601,2000
Volvo,C70 Coupe,21.5475,34.0585,2000
GMC,G15/25 Vandura 2WD,17,23.0769,1985
Volvo,S40 FWD,23.5962,36.1997,2000
Acura,3.2TL,21.3581,37.2241,2000
Acura,3.5RL,19.5,30.2,2000
Audi,A6,19.377,32.854,2000
Audi,A6 quattro,19.1201,30.3657,2000
Audi,A6 quattro,19.1499,30.5937,2000
Audi,A6 quattro,18.9958,30.5555,2000
Audi,A6 quattro,20.1,30.2,2000
Audi,A6 quattro,18.8237,30.3997,2000
Audi,A8 quattro,18.8237,30.3997,2000
GMC,G15/25 Vandura 2WD,17,22,1985
Bentley,Arnage,12.9483,20.0499,2000
Bentley,Arnage,12.3823,20.0411,2000
BMW,740i/740i Sport,18.9,30,2000
BMW,740i/740i Sport,16.8,26.8,2000
Buick,Century,22.3856,38.1033,2000
Buick,Regal,21.8,37.6,2000
Buick,Regal,19.4998,35.0695,2000
Cadillac,Catera,19.9,31.3499,2000
Cadillac,Eldorado,19.1,35.3,2000
Cadillac,Seville,19.1,35.3,2000
GMC,G15/25 Vandura 2WD,17,23,1985
Chevrolet,Lumina/Monte Carlo,22.3856,38.1033,2000
Chevrolet,Lumina/Monte Carlo,21.749,40.7,2000
Chevrolet,Lumina/Monte Carlo,21.8,37.6,2000
Chevrolet,Malibu,24.5,39.1,2000
Chevrolet,Malibu,22.3856,38.1033,2000
Chrysler,Cirrus,21.9,35.5955,2000
Chrysler,Cirrus,21.6,34.9,2000
Chrysler,Cirrus,20.1183,33.0023,2000
Daewoo,Leganza,22.1,35.7,2000
Daewoo,Leganza,22.7,37.5,2000
Mazda,GLC,31,39.7436,1985
GMC,G15/25 Vandura 2WD,16,23,1985
Dodge,Stratus,23.7,37.2,2000
Dodge,Stratus,21.9,35.5955,2000
Dodge,Stratus,21.6,34.9,2000
Dodge,Stratus,20.1183,33.0023,2000
Honda,Accord,25.19,38.8049,2000
Honda,Accord,24.2,36.8,2000
Honda,Accord,27.5266,40.3081,2000
Honda,Accord,26,38.2,2000
Honda,Accord,22.6868,35.269,2000
Hyundai,Sonata,22.7942,35.9413,2000
GMC,Safari 2WD (cargo),24,30.7692,1985
Hyundai,Sonata,23.8472,37.5278,2000
Hyundai,Sonata,22,35.2,2000
Hyundai,Sonata,22.7,36.5,2000
Infiniti,I30,21.9,35.4,2000
Infiniti,Q45,19.4866,29.7065,2000
Jaguar,Vanden Plas,18.7493,30.7976,2000
Jaguar,Vanden Plas S/C,17.5132,27.5383,2000
Jaguar,S-type (X200) V6,19.7397,32.8988,2000
Jaguar,S-type (X200) V8,18.8116,29.0809,2000
Jaguar,XJ8L,18.7493,30.7976,2000
GMC,Safari 2WD (cargo),18.8889,28,1985
Lexus,GS 300/GS 400,21.1072,31.3079,2000
Lexus,GS 300/GS 400,19.3693,30.8508,2000
Lexus,LS 400,20.4467,31.7186,2000
Lincoln,LS,19.4959,31.7563,2000
Lincoln,LS,18.964,30.9578,2000
Lincoln,LS,18.8,31.5,2000
Lincoln,LS,18.3466,30.3987,2000
Lincoln,LS,18.5799,30.0659,2000
Mercury,Sable,21.6995,35.8,2000
Mercury,Sable,21.5359,36.0783,2000
GMC,Safari 2WD (cargo),18,24,1985
Mazda,626,24.1759,35.4,2000
Mazda,626,29.0759,41.276,2000
Mazda,626,22.3759,33.9,2000
Mazda,626,23.5273,34.4,2000
Mercedes-Benz,E320,22.9297,37.8552,2000
Mercedes-Benz,E320 4Matic,22.4674,35.2836,2000
Mercedes-Benz,E430,20.1,31.1,2000
Mercedes-Benz,E430 4Matic,19.3,29.2,2000
Mercedes-Benz,E55 AMG,18.3,29.3,2000
Mitsubishi,Diamante,19.3386,31.5393,2000
GMC,Safari 2WD (cargo),18.8889,26,1985
Mitsubishi,Galant,23.4596,35.5967,2000
Mitsubishi,Galant,21.9369,34.1966,2000
Nissan,Maxima,22,35.5538,2000
Nissan,Maxima,23.8,35,2000
Oldsmobile,Intrigue,20.9,35.6,2000
Plymouth,Breeze,23.7,37.2,2000
Plymouth,Breeze,29.4,47.4,2000
Plymouth,Breeze,21.9,35.5955,2000
Pontiac,Grand Prix,22.3856,38.1033,2000
Pontiac,Grand Prix,21.8,37.6,2000
Chevrolet,Astro 2WD (passenger),24,30.7692,1985
Pontiac,Grand Prix,19.5932,35.341,2000
Saab,3-Sep,21.8,33,2000
Saab,3-Sep,22,32.6,2000
Saab,3-Sep,23.9,37.5,2000
Saab,3-Sep,23.7,37.4,2000
Saab,9-3 Viggen,22.6,37.4,2000
Saab,5-Sep,21.3007,34.6386,2000
Saab,5-Sep,20.4,30.9,2000
Saab,5-Sep,22.8137,37.2853,2000
Saab,5-Sep,22,35.4,2000
Chevrolet,Astro 2WD (passenger),18,24.359,1985
Saab,5-Sep,20.1,33.4,2000
Saturn,LS,25.2964,40.8499,2000
Saturn,LS,26.8,41.5,2000
Saturn,LS,22.2,33.6,2000
Toyota,Camry,25.2733,39.0956,2000
Toyota,Camry,26,40.5859,2000
Toyota,Camry,21.6364,34.6852,2000
Toyota,Camry,22.2387,35.5683,2000
Volkswagen,Passat,22.335,37.7468,2000
Volkswagen,Passat,26.5698,40.0699,2000
Chevrolet,Astro 2WD (passenger),18,23,1985
Volkswagen,Passat,19.9413,33.4928,2000
Volkswagen,Passat,22,36.8,2000
Volkswagen,Passat 4motion,19.0576,30.3493,2000
Volvo,S70,21.1508,34.9479,2000
Volvo,S70,22.4558,35.1601,2000
Volvo,S70,21.5475,34.0585,2000
Volvo,S70,22.6801,36.3548,2000
Volvo,S70,23.556,36.6926,2000
Volvo,S70 AWD,20.4398,31.5233,2000
Volvo,S80,19.3894,32.0149,2000
Chevrolet,Astro 2WD (passenger),18,25,1985
Volvo,S80,20.325,32.9689,2000
Audi,A8 L,18.7488,30.8499,2000
BMW,740il/740il Protection,18.8881,29.9759,2000
BMW,750il/750il Protection,14.7,25.4,2000
Buick,LeSabre,21.3,38,2000
Buick,Park Avenue,21.3,38,2000
Buick,Park Avenue,20,35,2000
Cadillac,DeVille,19.1,35.3,2000
Chevrolet,Impala,21.749,40.7,2000
Chevrolet,Impala,21.8,37.6,2000
Chevrolet,G10/20 Sport Van 2WD,16.6667,22,1985
Chevrolet,Impala,21.8,37.6,2000
Chrysler,300 M,20.4,33.8,2000
Chrysler,Concorde,22.4,37.1,2000
Chrysler,Concorde,20.7,35,2000
Chrysler,LHS,20.0469,33.3493,2000
Dodge,Intrepid,22.4,37.1,2000
Dodge,Intrepid,22.4,37.2,2000
Dodge,Intrepid,20.7,35.4,2000
Dodge,Intrepid,20.4,33.8,2000
Ford,Crown Victoria,19.5931,32.2229,2000
Honda,Civic CRX,34.4444,48.7179,1985
Mazda,GLC,33.3333,40,1985
Chevrolet,G10/20 Sport Van 2WD,16,21.7949,1985
Ford,Taurus,21.6995,35.8,2000
Ford,Taurus,21.5359,36.0783,2000
Lincoln,Continental,19.145,32.1581,2000
Mercury,Grand Marquis,19.5931,32.2229,2000
Lincoln,Town Car,19.2617,31.352,2000
Mercedes-Benz,S430,19.0325,30.8933,2000
Mercedes-Benz,S500,18.0877,28.8728,2000
Pontiac,Bonneville,21.3,38,2000
Pontiac,Bonneville,20,35,2000
Toyota,Avalon,23.4,37.4,2000
Chevrolet,G10/20 Sport Van 2WD,13.3333,21,1985
Audi,A4 Avant,19.9413,33.4928,2000
Audi,A4 Avant quattro,21.5834,36.0494,2000
Audi,A4 Avant quattro,24.1789,36.8279,2000
Audi,A4 Avant quattro,18.9958,30.5555,2000
Audi,A4 Avant quattro,20.4603,31.7186,2000
BMW,323i Touring,20.6,34.7,2000
BMW,323i Touring,22.7,36.8,2000
BMW,528i Sport Wagon,20.1348,32.9573,2000
BMW,528i Sport Wagon,19.7193,33.5691,2000
BMW,528i Sport Wagon,20.3,33.4,2000
Chevrolet,G10/20 Sport Van 2WD,19,30,1985
BMW,540i Sport Wagon,17.2,26.8967,2000
Daewoo,Nubira Station Wagon,24.4,38.4615,2000
Daewoo,Nubira Station Wagon,24.8,39.7436,2000
Hyundai,Elantra Wagon,23.8,38.1204,2000
Hyundai,Elantra Wagon,26.1,41.2943,2000
Saturn,SW,29.6,46.6,2000
Saturn,SW,27.8917,45.8399,2000
Saturn,SW,29.9,48.4,2000
Suzuki,Esteem Wagon,29,42.1,2000
Suzuki,Esteem Wagon,32.9,46.7,2000
Chevrolet,G30 Sport Van 2WD,12,18,1985
Suzuki,Esteem Wagon,28.8,42.5,2000
Suzuki,Esteem Wagon,30.1,43.9,2000
Volvo,V40,23.5962,36.1997,2000
Audi,A6 Avant quattro,18.9958,30.5555,2000
Ford,Focus Station Wagon,29.1935,42.1981,2000
Ford,Focus Station Wagon,28.1123,40.4192,2000
Ford,Taurus Wagon,20.8022,34.1057,2000
Ford,Taurus Wagon,21.1023,34.3534,2000
Lexus,RX 300,20.8499,30.1493,2000
Lexus,RX 300 4WD,20.2995,28.6997,2000
Dodge,B150/B250 Wagon 2WD,14.4444,19,1985
Mercury,Sable Wagon,21.1023,34.3534,2000
Mercury,Sable Wagon,20.8022,34.1057,2000
Mercedes-Benz,E320 (Wagon),22.3945,34.3736,2000
Mercedes-Benz,E320 4Matic (Wagon),21.7666,33.4602,2000
Saab,9-5 Wagon,21.6,34.2,2000
Saab,9-5 Wagon,20.6,33.0518,2000
Saab,9-5 Wagon,23.1012,35.9542,2000
Saab,9-5 Wagon,21.5,34.8,2000
Saab,9-5 Wagon,20.6,32.7,2000
Saturn,LW,24.5,39.1,2000
Dodge,B150/B250 Wagon 2WD,14.4444,19,1985
Saturn,LW,22.2,33.6,2000
Subaru,Legacy Wagon AWD,24.0842,34.4189,2000
Subaru,Legacy Wagon AWD,23.7673,35.5043,2000
Volkswagen,Passat Wagon,22.335,37.7468,2000
Volkswagen,Passat Wagon,26.5698,40.0699,2000
Volkswagen,Passat Wagon,19.9413,33.4928,2000
Volkswagen,Passat Wagon,22,36.8,2000
Volkswagen,Passat Wagon 4motion,19.0576,30.3493,2000
Volvo,V70 FWD,21.1508,34.9479,2000
Volvo,V70 FWD,22.4558,35.1601,2000
Ford,E150 Club Wagon,14.4444,21.7949,1985
Volvo,V70 FWD,21.5475,34.0585,2000
Volvo,V70 FWD,22.6801,36.3548,2000
Volvo,V70 FWD,23.556,36.6926,2000
Volvo,V70 AWD,20.4398,31.5233,2000
Volvo,V70 AWD,19.9767,30.0299,2000
Chevrolet,S10 Pickup 2WD,21.1616,32.9424,2000
Chevrolet,S10 Pickup 2WD,20.6096,32.325,2000
Chevrolet,S10 Pickup 2WD,25.5,36.7,2000
Chevrolet,S10 Pickup 2WD,24.4,35.5,2000
Chevrolet,S10 Pickup 2WD,18.8262,28.4145,2000
Ford,E150 Club Wagon,16,21.7949,1985
Chevrolet,S10 Pickup 2WD,19.3398,29.6,2000
GMC,Sonoma 2WD,21.1616,32.9424,2000
GMC,Sonoma 2WD,20.6096,32.325,2000
GMC,Sonoma 2WD,25.5,36.7,2000
GMC,Sonoma 2WD,24.4,35.5,2000
GMC,Sonoma 2WD,18.8231,28.4109,2000
GMC,Sonoma 2WD,19.3195,29.6,2000
Isuzu,Hombre Pickup 2WD,21.1616,32.9424,2000
Isuzu,Hombre Pickup 2WD,20.6096,32.325,2000
Isuzu,Hombre Pickup 2WD,25.5,36.7,2000
Ford,E150 Club Wagon,12,14,1985
Isuzu,Hombre Pickup 2WD,24.4,35.5,2000
Isuzu,Hombre Pickup 2WD,18.8528,28.4454,2000
Chevrolet,Silverado 1500 2WD,18,25.7,2000
Chevrolet,Silverado 1500 2WD,19.0112,28.8838,2000
Chevrolet,Silverado 1500 2WD,17.8721,26.4653,2000
Chevrolet,Silverado 1500 2WD,17.2439,26.192,2000
Chevrolet,Silverado 1500 2WD,17.4811,25.7571,2000
Chevrolet,Silverado 2500 2WD,17.1,24.9,2000
Chevrolet,Silverado 2500 2WD,13.4438,20.3873,2000
Dodge,Dakota Pickup 2WD,22.3588,31.3838,2000
GMC,G15/25 Rally 2WD,16.6667,22,1985
Dodge,Dakota Pickup 2WD,18.0098,27.1211,2000
Dodge,Dakota Pickup 2WD,18.5204,29.5051,2000
Dodge,Dakota Pickup 2WD,16.4512,25.0508,2000
Dodge,Dakota Pickup 2WD,15.8083,25.4779,2000
Dodge,Dakota Pickup 2WD,13.8873,21.936,2000
Dodge,Ram 1500 Pickup 2WD,16.8,25.9,2000
Dodge,Ram 1500 Pickup 2WD,16.3945,26.6,2000
Dodge,Ram 1500 Pickup 2WD,14.4922,23.6739,2000
Dodge,Ram 1500 Pickup 2WD,15.1147,24.4807,2000
Dodge,Ram 1500 Pickup 2WD,13.4387,23.0999,2000
Mazda,GLC,34.4444,49,1985
GMC,G15/25 Rally 2WD,16,21.7949,1985
Ford,F150 Pickup 2WD,17.701,26.1,2000
Ford,F150 Pickup 2WD,17.9825,26.6954,2000
Ford,F150 Pickup 2WD,17.1499,26.0195,2000
Ford,F150 Pickup 2WD,16.3069,26.0958,2000
Ford,F150 Pickup 2WD,16.2,24.5,2000
Ford,Lightning Pickup 2WD,14.3,21.2958,2000
Ford,Ranger Pickup 2WD,22.0393,31.5309,2000
Ford,Ranger Pickup 2WD,24.8,34.1,2000
Ford,Ranger Pickup 2WD,17.5388,26.8615,2000
Ford,Ranger Pickup 2WD,19.6781,28.5132,2000
GMC,G15/25 Rally 2WD,13.3333,21,1985
GMC,Sierra 1500 2WD,18,25.7,2000
GMC,Sierra 1500 2WD,19.2,29.6,2000
GMC,Sierra 1500 2WD,17.8798,26.4749,2000
GMC,Sierra 1500 2WD,17.2699,26.2397,2000
GMC,Sierra 1500 2WD,17.4832,25.7618,2000
GMC,Sierra 2500 2WD,17.1,24.9,2000
GMC,Sierra 2500 2WD,13.4328,20.3652,2000
Mazda,2500 2WD,22.0393,31.5309,2000
Mazda,2500 2WD,24.8,34.1,2000
Mazda,B4000 2WD,17.5372,26.8608,2000
GMC,G15/25 Rally 2WD,19,30,1985
Mazda,B4000 2WD,19.6898,28.7711,2000
Nissan,Frontier 2WD,21.81,30.4159,2000
Nissan,Frontier 2WD,24.9178,33.5307,2000
Nissan,Frontier V6 2WD,17.3,24.4,2000
Nissan,Frontier V6 2WD,18.4,24,2000
Toyota,Tacoma 2WD,23.5837,30.4526,2000
Toyota,Tacoma 2WD,23.9215,33.1716,2000
Toyota,Tacoma 2WD,21.2521,27.051,2000
Toyota,Tacoma 2WD,19.6633,27.2426,2000
Toyota,Tacoma 2WD,21,30.1,2000
GMC,G35 Rally 2WD,12,18,1985
Toyota,Tundra 2WD,18.0943,24.7079,2000
Toyota,Tundra 2WD,18.2609,24.9463,2000
Toyota,Tundra 2WD,16.7908,23.4705,2000
Chevrolet,Silverado 1500 4WD,17.2451,25.4014,2000
Chevrolet,Silverado 1500 4WD,16.5,22.7,2000
Chevrolet,Silverado 1500 4WD,16.7,23.1,2000
Chevrolet,Silverado 1500 4WD,16.6,24.2,2000
Chevrolet,Silverado 1500 4WD,16.1599,22.4399,2000
Chevrolet,S10 Pickup 4WD,17.7,26.3,2000
Chevrolet,S10 Pickup 4WD,18.4,27.6,2000
GMC,Safari 2WD (passenger),24,30.7692,1985
Dodge,Dakota Pickup 4WD,16.0664,22.9156,2000
Dodge,Dakota Pickup 4WD,16.6772,24.0367,2000
Dodge,Dakota Pickup 4WD,15.6884,24.0188,2000
Dodge,Dakota Pickup 4WD,15.444,23.3365,2000
Dodge,Dakota Pickup 4WD,12.9,20.6,2000
Dodge,Ram 1500 Pickup 4WD,13.3868,20.8885,2000
Dodge,Ram 1500 Pickup 4WD,14.3986,21.6971,2000
Dodge,Ram 1500 Pickup 4WD,13.2294,21.8912,2000
Ford,F150 Pickup 4WD,16.8,24.1,2000
Ford,F150 Pickup 4WD,16.2,23,2000
GMC,Safari 2WD (passenger),18,24.359,1985
Ford,F150 Pickup 4WD,16.1,23.0769,2000
Ford,F150 Pickup 4WD,15.4,23.7,2000
Ford,F150 Pickup 4WD,15.3426,22.6295,2000
Ford,Ranger Pickup 4WD,17.1142,24.0088,2000
Ford,Ranger Pickup 4WD,18.1541,25.7492,2000
GMC,Sierra 1500 4WD,17.2451,25.4014,2000
GMC,Sierra 1500 4WD,16.5,22.7,2000
GMC,Sierra 1500 4WD,16.7,23.1,2000
GMC,Sierra 1500 4WD,16.6,24.2,2000
GMC,Sierra 1500 4WD,16.1599,22.4399,2000
GMC,Safari 2WD (passenger),18,23,1985
GMC,Sonoma 4WD,17.7,26.3,2000
GMC,Sonoma 4WD,18.4,27.6,2000
Isuzu,Hombre Pickup 4WD,17.7,26.3,2000
Isuzu,Hombre Pickup 4WD,18.4,27.6,2000
Mazda,B4000 4WD,17.1142,24.0088,2000
Mazda,B4000 4WD,18.1541,25.7492,2000
Nissan,Frontier 4WD,19.5441,26.8701,2000
Nissan,Frontier V6 4WD,16.822,23.7425,2000
Nissan,Frontier V6 4WD,17.9888,23.1927,2000
Toyota,Tacoma 4WD,20.5755,27.2884,2000
GMC,Safari 2WD (passenger),18,25,1985
Toyota,Tacoma 4WD,18.7052,26.0589,2000
Toyota,Tacoma 4WD,18.9577,25.0847,2000
Toyota,Tacoma 4WD,18.6,25.016,2000
Toyota,Tundra 4WD,17,22.7,2000
Toyota,Tundra 4WD,17.1,22.6,2000
Toyota,Tundra 4WD,15.9,21.7498,2000
Chevrolet,Astro 2WD (cargo),18.3,27.8,2000
Chevrolet,Astro AWD (cargo),17.2451,25.4014,2000
Chevrolet,Van 1500/2500 2WD,16.2834,23.1648,2000
Chevrolet,Van 1500/2500 2WD,15.9998,23.4994,2000
Volkswagen,Vanagon 2WD,17,23,1985
Chevrolet,Van 1500/2500 2WD,15.0646,22.8393,2000
Dodge,B1500 Van 2WD,16.5462,21.4926,2000
Dodge,B1500 Van 2WD,14.8489,23.9948,2000
Dodge,B1500 Van 2WD,13.8234,22.1703,2000
Dodge,B2500 Van 2WD,14.4,23.8,2000
Dodge,B2500 Van 2WD,13.4,23.3,2000
Ford,E150 Econoline 2WD,15.6,24,2000
Ford,E150 Econoline 2WD,16.3,25.5,2000
Ford,E150 Econoline 2WD,16.2,24.5,2000
Ford,E250 Econoline 2WD,15.1452,22.473,2000
Volkswagen,Vanagon 2WD,19,24.359,1985
Ford,E250 Econoline 2WD,14.3,22.8,2000
GMC,Savana 1500/2500 2WD (cargo),16.3454,23.2367,2000
GMC,Savana 1500/2500 2WD (cargo),15.9788,23.4436,2000
GMC,Savana 1500/2500 2WD (cargo),15.094,22.7235,2000
GMC,Safari 2WD (cargo),18.3,27.8,2000
GMC,Safari AWD (cargo),17.2451,25.4014,2000
Chevrolet,Astro 2WD (passenger),18,25.7,2000
Chevrolet,Astro AWD (passenger),16.6,24.3,2000
Chevrolet,Express 1500/2500 2WD,15.8,22.6,2000
Chevrolet,Express 1500/2500 2WD,15.5,22.2,2000
Mercedes-Benz,190,33,42,1985
Chevrolet,Suburban C10 2WD,13.3333,21,1985
Chevrolet,Express 1500/2500 2WD,15,23.1,2000
Dodge,B1500 Wagon 2WD,15.8,20.8,2000
Dodge,B1500 Wagon 2WD,14.4,23.8,2000
Dodge,B2500 Wagon 2WD,13.2,19.7,2000
Dodge,B2500 Wagon 2WD,13.2,22.8,2000
Ford,E150 Club Wagon,15.1,22.3,2000
Ford,E150 Club Wagon,15.8,24.1,2000
Ford,E150 Club Wagon,14.5,22.1,2000
GMC,Savana 1500/2500 2WD (Passenger),15.8,22.6,2000
GMC,Savana 1500/2500 2WD (Passenger),15.5,22.2,2000
Chevrolet,Suburban C10 2WD,19,30,1985
GMC,Savana 1500/2500 2WD (Passenger),15,23.1,2000
GMC,Safari 2WD (Passenger),18,25.7,2000
GMC,Safari AWD (Passenger),16.6,24.3,2000
Ford,Postal Vehicle,17.4,23.2,2000
Volkswagen,Eurovan Camper,15.6,24.1,2000
Chevrolet,Venture FWD,20.9,33,2000
Chrysler,Town and Country/Voyager/Grand Voy. 2WD,19.4,30.5,2000
Chrysler,Town and Country/Voyager/Grand Voy. 2WD,19.2,30.5,2000
Dodge,Caravan/Grand Caravan 2WD,22,33.2,2000
Dodge,Caravan/Grand Caravan 2WD,19.9645,31.8296,2000
Chevrolet,S10 Blazer 2WD,24,30.7692,1985
Dodge,Caravan/Grand Caravan 2WD,20.2739,32.0534,2000
Dodge,Caravan/Grand Caravan 2WD,19.2,30.5,2000
Dodge,Caravan/Grand Caravan 2WD,18.8,30.2,2000
Ford,Windstar FWD Cargo Van,18.6488,29.7987,2000
Ford,Windstar FWD Cargo Van,19.7,29,2000
Ford,Windstar FWD Wagon,18.6488,29.7987,2000
Ford,Windstar FWD Wagon,18.8499,29.4969,2000
Honda,Odyssey,19.794,32.5516,2000
Mazda,MPV,19.749,29.1662,2000
Mercury,Villager FWD Wagon,18.9057,30.4084,2000
Chevrolet,S10 Blazer 2WD,21,32,1985
Nissan,Quest,18.9795,30.9709,2000
Oldsmobile,Silhouette 2WD,20.9,33,2000
Plymouth,Voyager/Grand Voyager 2WD,22,33.2,2000
Plymouth,Voyager/Grand Voyager 2WD,19.9645,31.8296,2000
Plymouth,Voyager/Grand Voyager 2WD,20.3,32.1,2000
Plymouth,Voyager/Grand Voyager 2WD,19.2,30.5,2000
Pontiac,Montana FWD,20.9,33,2000
Toyota,Sienna 2WD,20.2633,31.1429,2000
Volkswagen,Eurovan,16.5462,25.1276,2000
Chrysler,Town and Country/Voyager/Grand Voy. AWD,18,29.1,2000
Chevrolet,S10 Blazer 2WD,21,32,1985
Dodge,Caravan/Grand Caravan AWD,18,29.1,2000
Dodge,Caravan/Grand Caravan AWD,17.8,28.9,2000
Chevrolet,Blazer 2WD,18.3,27.8,2000
Chevrolet,Blazer 2WD,19.2,29.6,2000
Chevrolet,Suburban 1500 2WD,15,23.1,2000
Chevrolet,Tahoe 1500 2WD,16.5,25.1,2000
Chevrolet,Tahoe 1500 2WD,15.5,23.7,2000
Chevrolet,Tahoe 1500 2WD,15.1,22.7,2000
Chevrolet,Tracker 2WD Convertible,28.0188,35.8239,2000
Chevrolet,Tracker 2WD Convertible,25.943,32.4655,2000
Chevrolet,S10 Blazer 2WD,20,32,1985
Chevrolet,Tracker 2WD Convertible,25.3187,32.2712,2000
Chevrolet,Tracker 2WD Hardtop,26.445,33.1746,2000
Chevrolet,Tracker 2WD Hardtop,25.2374,32.3545,2000
Dodge,Durango 2WD,16.3,25,2000
Dodge,Durango 2WD,15.1,24.1,2000
Dodge,Durango 2WD,13.8646,22.0697,2000
Ford,Expedition 2WD,16.3,25.5,2000
Ford,Expedition 2WD,14.3,22.8,2000
Ford,Explorer 2WD,17.4,26.8,2000
Ford,Explorer 2WD,17.6,26.6,2000
Dodge,AD100/AD150 Ramcharger 2WD,14.4444,19,1985
Ford,Explorer 2WD,19.7,29,2000
Ford,Explorer 2WD,15.7738,25.163,2000
GMC,Yukon 1500 2WD,16.5,25.1,2000
GMC,Yukon 1500 2WD,15.5,23.7,2000
GMC,Yukon 1500 2WD,15.1,22.7,2000
GMC,Yukon XL 1500 2WD,15,23.1,2000
GMC,Jimmy 2WD,18.3,27.8,2000
GMC,Jimmy 2WD,19.2,29.6,2000
Honda,CR-V 2WD,24.7,32,2000
Honda,Passport 2WD,18.2,26.6,2000
Dodge,Caravan/Ram Van 2WD,20,27,1985
Honda,Passport 2WD,18.1,25,2000
Isuzu,Amigo 2WD,22.2353,29,2000
Isuzu,Amigo 2WD,17.6,24.6,2000
Isuzu,Rodeo 2WD,22.1,29.4,2000
Isuzu,Rodeo 2WD,18.2,26.6,2000
Isuzu,Rodeo 2WD,18.1,25,2000
Isuzu,Trooper 2WD,16.9,23.8,2000
Jeep,Cherokee 2WD,20.4,29.6,2000
Jeep,Cherokee 2WD,22.4,31.3,2000
Jeep,Cherokee 2WD,17.9,28.1,2000
Dodge,Caravan/Ram Van 2WD,25,35,1985
Jeep,Cherokee 2WD,19.9,30.397,2000
Jeep,Grand Cherokee 2WD,18.5,28.1,2000
Jeep,Grand Cherokee 2WD,16.6,25.1,2000
Kia,Sportage 2WD,20.4,27.3,2000
Kia,Sportage 2WD,22,29.8,2000
Lincoln,Navigator 2WD,13.3,21.8,2000
Mercury,Mountaineer 2WD,17.6,26.6,2000
Mercury,Mountaineer 2WD,15.7738,25.163,2000
Mitsubishi,Montero Sport 2WD,19.2838,26.179,2000
Mitsubishi,Montero Sport 2WD,18.4032,25.6599,2000
Dodge,Caravan/Ram Van 2WD,20,26,1985
Mitsubishi,Nativa 2WD,20.7,30.6,2000
Mitsubishi,Nativa 2WD,24.1,30.3,2000
Mitsubishi,Nativa 2WD,19.2838,26.179,2000
Nissan,Pathfinder 2WD,17.3968,24.3486,2000
Nissan,Pathfinder 2WD,18.4,23.8,2000
Nissan,Xterra 2WD,20.7995,30.2,2000
Nissan,Xterra V6 2WD,17.8352,24.5158,2000
Nissan,Xterra V6 2WD,18.4,24.2,2000
Suzuki,Grand Vitara 4Door 2WD,21,26.8,2000
Suzuki,Grand Vitara 4Door 2WD,21.3,28.3,2000
Mercedes-Benz,190,34,50,1985
GMC,C15 Suburban 2WD,13.3333,21,1985
Suzuki,Vitara 2Door 2WD,27.3,34.9,2000
Suzuki,Vitara 2Door 2WD,28.0077,35.8689,2000
Suzuki,Vitara 2Door 2WD,25.3,31.7,2000
Suzuki,Vitara 2Door 2WD,24.6,31.2,2000
Suzuki,Vitara 4Door 2WD,25.1,31.8,2000
Suzuki,Vitara 4Door 2WD,24.5,31.6,2000
Toyota,4Runner 2WD,21.8617,30.175,2000
Toyota,4Runner 2WD,20.4,29.8,2000
Toyota,4Runner 2WD,19.3,26.7,2000
Toyota,RAV4 2WD,26.6,37,2000
GMC,C15 Suburban 2WD,19,30,1985
Toyota,RAV4 2WD,27.1,37.3,2000
Toyota,RAV4 Soft Top 2WD,26.6,37,2000
Toyota,RAV4 Soft Top 2WD,27.1,37.3,2000
BMW,X5,14.9,22.3,2000
Cadillac,Escalade 4WD,13.6,20.8,2000
Chevrolet,Blazer 4WD,17.2451,25.4014,2000
Chevrolet,Blazer 4WD,16.5,22.7,2000
Chevrolet,Suburban 1500 4WD,15.1,20.7,2000
Chevrolet,Tahoe 1500 4WD,15.9,22.6,2000
Chevrolet,Tahoe 1500 4WD,15.5,21.8,2000
GMC,S15 Jimmy 2WD,24,30.7692,1985
Chevrolet,Tahoe 1500 4WD,13.606,20.8094,2000
Chevrolet,Tracker 4WD Convertible,27.8811,34.9854,2000
Chevrolet,Tracker 4WD Convertible,25.4653,31.6745,2000
Chevrolet,Tracker 4WD Convertible,24.8743,31.5295,2000
Chevrolet,Tracker 4WD Hardtop,25.4055,31.793,2000
Chevrolet,Tracker 4WD Hardtop,24.6,31.8294,2000
Dodge,Durango 4WD,15,23,2000
Dodge,Durango 4WD,12.9,20.6,2000
Ford,Expedition 4WD,15.1,23.2,2000
Ford,Expedition 4WD,13.5964,21.0996,2000
GMC,S15 Jimmy 2WD,21,32,1985
Ford,Explorer 4WD,17.5955,25.9454,2000
Ford,Explorer 4WD,16.7477,25.1407,2000
Ford,Explorer 4WD,18.041,26.1539,2000
Ford,Explorer 4WD,15.425,25.0474,2000
GMC,Jimmy 4WD,17.2451,25.4014,2000
GMC,Jimmy 4WD,16.5,22.7,2000
GMC,Yukon 1500 4WD,15.9,22.6,2000
GMC,Yukon 1500 4WD,15.5,21.8,2000
GMC,Yukon 1500 4WD,13.6021,20.8033,2000
GMC,Yukon XL 1500 4WD,15.1,20.7,2000
GMC,S15 Jimmy 2WD,21,32,1985
Honda,CR-V 4WD,24.3,31.6,2000
Honda,CR-V 4WD,24.3,31.5,2000
Honda,Passport 4WD,17.6,25.6,2000
Honda,Passport 4WD,18.1,25,2000
Infiniti,QX4 4WD,16.4267,23.5537,2000
Isuzu,Amigo 4WD,17.6,24.6,2000
Isuzu,Amigo 4WD,18.6,25.1,2000
Isuzu,Rodeo 4WD,17.6,25.6,2000
Isuzu,Rodeo 4WD,18.1,25,2000
Isuzu,Trooper,16.4,23.9,2000
GMC,S15 Jimmy 2WD,20,32,1985
Isuzu,Trooper,17.1,23.9,2000
Isuzu,Vehicross,16.5,24,2000
Jeep,Cherokee 4WD,19.9,26,2000
Jeep,Cherokee 4WD,17.4534,26.2268,2000
Jeep,Cherokee 4WD,19.1493,27.9599,2000
Jeep,Grand Cherokee 4WD,17.6,26.3,2000
Jeep,Grand Cherokee 4WD,16.1498,24.7,2000
Jeep,Wrangler 4WD,18.0671,23.97,2000
Jeep,Wrangler 4WD,19.9,26,2000
Jeep,Wrangler 4WD,16.7,22.6,2000
Jeep,Cherokee/Wagoneer,24,32,1985
Jeep,Wrangler 4WD,17.4,24.7336,2000
Kia,Sportage 4WD,20.6,27.6492,2000
Kia,Sportage 4WD,22.1,28.6,2000
Land Rover,Discovery Series II,14.7256,21.8354,2000
Land Rover,Range Rover,14.7256,21.8354,2000
Land Rover,Range Rover,13.2801,19.2393,2000
Lexus,LX 470,14.9,20.9,2000
Lincoln,Navigator 4WD,13.6,21.3,2000
Mercedes-Benz,ML320,18.1,25.5,2000
Mercedes-Benz,ML430,17.1,24.1,2000
Jeep,Cherokee/Wagoneer,22,32,1985
Mercedes-Benz,ML55,15.2,22.1,2000
Mercury,Mountaineer 4WD,17.7,26.2,2000
Mercury,Mountaineer 4WD,15.425,25.0474,2000
Mitsubishi,Montero,18.1837,25.3446,2000
Mitsubishi,Montero,17.3,23.2,2000
Mitsubishi,Montero,17.3829,24.6972,2000
Mitsubishi,Montero Sport 4WD,19.0538,25.9118,2000
Mitsubishi,Montero Sport 4WD,17.168,23.0052,2000
Mitsubishi,Nativa 4WD,19.0538,25.9118,2000
Nissan,Pathfinder 4WD,16.7,23.7486,2000
Jeep,Cherokee/Wagoneer,23,31,1985
Nissan,Pathfinder 4WD,17.6128,22.6529,2000
Nissan,Xterra V6 4WD,16.8153,23.7304,2000
Nissan,Xterra V6 4WD,17.9863,23.1863,2000
Oldsmobile,Bravada AWD,17.2451,25.4014,2000
Subaru,Forester AWD,24.1004,34.4568,2000
Subaru,Forester AWD,23.7673,35.5043,2000
Suzuki,Grand Vitara 4Door 4WD,20.5,26,2000
Suzuki,Grand Vitara 4Door 4WD,20.9,27.4,2000
Suzuki,Vitara 2Door 4WD,26.6,34.1,2000
Suzuki,Vitara 2Door 4WD,27.8923,35.0531,2000
Jeep,Cherokee/Wagoneer,20,24,1985
Suzuki,Vitara 2Door 4WD,25.3,31.7,2000
Suzuki,Vitara 2Door 4WD,24.6,31.2,2000
Suzuki,Vitara 4Door 4WD,25.1,31.8,2000
Suzuki,Vitara 4Door 4WD,24.5,31.6,2000
Toyota,4Runner 4WD,20.6957,27.4592,2000
Toyota,4Runner 4WD,18.9469,26.9478,2000
Toyota,4Runner 4WD,18.6312,24.964,2000
Toyota,4Runner 4WD,18.6,25.016,2000
Toyota,Land Cruiser Wagon 4WD,14.9,20.9,2000
Toyota,RAV4 4WD,24.2698,33.7984,2000
Mercedes-Benz,190,21.1111,28.2051,1985
Jeep,Cherokee/Wagoneer,19,28,1985
Toyota,RAV4 4WD,23.9001,31.7464,2000
Toyota,RAV4 Soft Top 4WD,24.9106,34.0217,2000
Toyota,RAV4 Soft Top 4WD,24.9,33.4,2000
Chevrolet,Cavalier (Bi-fuel CNG),24.5984,35.3,2000
Honda,Civic CNG,30.8,43.7,2000
Toyota,Camry CNG,24.4444,38.9,2000
Ford,Crown Victoria CNG,16.7,29.3,2000
Ford,F150 Pickup 2WD CNG,13.5,20.6,2000
Ford,E250 Econoline 2WD CNG,13,18.6,2000
Ford,Taurus,21.4,36.7,2000
Plymouth,Voyager 2WD,20,26,1985
Ford,Taurus Wagon,20.7,34.7,2000
Ford,Ranger 2WD FFV,18.4714,28.3722,2000
Ford,Ranger 2WD FFV,19.5097,29.2301,2000
Mazda,B3000 FFV 2WD,18.4495,28.3744,2000
Mazda,B3000 FFV 2WD,19.5097,29.2301,2000
Mazda,B3000 FFV 4WD,16.8767,24.3738,2000
Mazda,B3000 FFV 4WD,19.0469,27.0992,2000
Ford,Explorer 2WD,17.4,23.2,2000
Ford,Ranger 4WD FFV,16.8767,24.3738,2000
Ford,Ranger 4WD FFV,19.0466,27.0989,2000
American Motors Corporation,Eagle 4DR Wagon,19,26.9231,1985
Plymouth,Voyager/Grand Voyager 2WD,20.3,32.1,2000
Dodge,Caravan/Grand Caravan 2WD,20.2701,32.0465,2000
Chrysler,Town and Country/Voyager/Grand Voy. 2WD,19.4,30.5,2000
Nissan,Altra EV,116.2069,129.6154,2000
Toyota,RAV4 EV,116.2069,91.0811,2000
Acura,NSX,19.1342,30.2,2001
Acura,NSX,18.7,30.4,2001
Audi,TT Roadster,24.1781,38.4049,2001
Audi,TT Roadster quattro,22.1821,35.9077,2001
BMW,M Coupe,19.2,31.5,2001
Chevrolet,K10 Blazer 4WD,13,20,1985
BMW,M Roadster,19.2,31.5,2001
BMW,Z3 Coupe,23.3,36.4523,2001
BMW,Z3 Coupe,21.3268,34.6842,2001
BMW,Z3 Roadster,21.3701,33.544,2001
BMW,Z3 Roadster,22.1,34.9,2001
BMW,Z3 Roadster,23.3,36.4523,2001
BMW,Z3 Roadster,20.7065,32.537,2001
BMW,Z8,14.9485,26.5,2001
Chevrolet,Corvette,20.1,32.9,2001
Chevrolet,Corvette,21.3,35.9,2001
Chevrolet,K10 Blazer 4WD,18,27,1985
Dodge,Viper Convertible,12.5,26.4,2001
Dodge,Viper Coupe,12.5,26.4,2001
Ferrari,360 Modena/Spider,11.9,20.2,2001
Ferrari,360 Modena/Spider,11.6498,20.498,2001
Ferrari,550 Maranello/Barchetta,9.3989,16.7,2001
Honda,Insight,62.8,71.4,2001
Honda,Insight,62.8,71.4,2001
Honda,Insight,67.3878,87.3962,2001
Honda,S2000,22.3,32.9,2001
Lamborghini,DB132/144 Diablo,11.4,17,2001
Chevrolet,Suburban K10 4WD,13,19,1985
Lotus,Esprit V8,18.8889,37.1795,2001
Mazda,MX-5 Miata,24.5996,35.5,2001
Mazda,MX-5 Miata,25.8,36.4,2001
Mazda,MX-5 Miata,25.2,35.8,2001
Mercedes-Benz,SL500,17.9343,29.2677,2001
Mercedes-Benz,SL600,14.3696,24.1254,2001
Mercedes-Benz,SLK230 Kompressor,25.1255,37.8226,2001
Mercedes-Benz,SLK230 Kompressor,22.3714,37.6644,2001
Mercedes-Benz,SLK320,22.9,35,2001
Mercedes-Benz,SLK320,20.0617,34.579,2001
Chevrolet,Suburban K10 4WD,17,26,1985
Plymouth,Prowler,19,29,2001
Porsche,Boxster,21.5,35.1,2001
Porsche,Boxster,19.4354,31.543,2001
Porsche,Boxster S,18.6379,31.7197,2001
Porsche,Boxster S,19.5,32.7,2001
Toyota,MR2,27.9,38.3,2001
Audi,TT Coupe,24.6573,40.0388,2001
Audi,TT Coupe quattro,22.5185,36.664,2001
Audi,TT Coupe quattro,22.1821,35.9077,2001
BMW,325ci Convertible,20.6881,33.1986,2001
Chevrolet,T10 (S10) Blazer 4WD,19,28,1985
BMW,325ci Convertible,20.8722,34.0846,2001
BMW,330ci Convertible,21.9,35.8,2001
BMW,330ci Convertible,20.0164,32.7719,2001
BMW,M3 Convertible,17.5,29.5431,2001
Jaguar,XK8 Convertible,19.1354,31.0075,2001
Jaguar,XKR Convertible,18.1432,28.7881,2001
Mercedes-Benz,CLK320 (Cabriolet),22.1799,35.3396,2001
Mercedes-Benz,CLK430 (Cabriolet),19.8,31.2,2001
Mitsubishi,Eclipse Spyder,24.927,38.227,2001
Mitsubishi,Eclipse Spyder,22.5334,34.8786,2001
Chevrolet,T10 (S10) Blazer 4WD,18,27,1985
Mitsubishi,Eclipse Spyder,21.7,34.5,2001
Mitsubishi,Eclipse Spyder,20.947,33.3988,2001
Porsche,911 Carrera 2/4,18.9,32.1,2001
Porsche,911 Carrera 2/4,18.5898,30.1442,2001
Porsche,911 Carrera 2/4,18.2213,32.3493,2001
Porsche,911 Carrera 2/4,18.2428,30.7628,2001
Porsche,911 Turbo,16.9,27.9,2001
Porsche,911 Turbo,16.3976,28.5492,2001
Acura,Integra,26.2141,39.04,2001
Acura,Integra,28,39.8,2001
Chevrolet,T10 (S10) Blazer 4WD,18.8889,29,1985
Acura,Integra,27.8673,38.8614,2001
Bentley,Azure,12.6,20.4,2001
Bentley,Continental SC,12.3908,20.0453,2001
Bentley,Continental T,12.3908,20.0453,2001
BMW,325ci,21.2965,34.2857,2001
BMW,325ci,22.6015,37.5841,2001
BMW,330ci,23.0217,37.9588,2001
BMW,330ci,21.3268,34.6842,2001
BMW,M3,18,30.9,2001
Chevrolet,Camaro,21.4,39.2466,2001
Mercedes-Benz,190,21,34,1985
Ford,Bronco II 4WD,17.7778,26.9231,1985
Chevrolet,Camaro,21.2052,39.9786,2001
Chevrolet,Camaro,20.1,32.8804,2001
Chevrolet,Camaro,21.2633,35.869,2001
Chevrolet,Metro,33.2064,44.2,2001
Ferrari,456 MGT/MGA,10.6991,19.1,2001
Ferrari,456 MGT/MGA,10.9,20.6,2001
Ford,Escort ZX2,27.5,41.9,2001
Ford,Escort ZX2,28.8,42.9,2001
Ford,Mustang,21.1777,34.3435,2001
Ford,Mustang,21.5,37,2001
Ford,Bronco II 4WD,19,26.9231,1985
Ford,Mustang,20.0257,31.4713,2001
Ford,Mustang,19.5,31.8,2001
Ford,Mustang,18.6655,31.4955,2001
Honda,Civic HX,39.2153,50.9399,2001
Honda,Civic HX,40.1,56,2001
Honda,Prelude,24.7,34.3,2001
Honda,Prelude,23.2931,33.9482,2001
Hyundai,Tiburon,23.7,38.7,2001
Hyundai,Tiburon,26,40.3,2001
Jaguar,XK8,19.1354,31.0075,2001
Ford,Bronco 4WD,14,18,1985
Jaguar,XKR,18.1432,28.7881,2001
Lexus,IS 300,19.5398,29.5344,2001
Mercedes-Benz,CLK320,23,36.9784,2001
Mercedes-Benz,CLK430,20.2489,31.8499,2001
Mercedes-Benz,CLK55 AMG,19.4,30.7,2001
Mitsubishi,Eclipse,22.7,35.1,2001
Mitsubishi,Eclipse,24.9,38.2,2001
Mitsubishi,Eclipse,22.4472,34.7465,2001
Mitsubishi,Eclipse,22.5,36.2,2001
Mitsubishi,Eclipse,21.8995,35.8,2001
Ford,Bronco 4WD,15,22,1985
Pontiac,Firebird/Trans Am,21.4,39.1902,2001
Pontiac,Firebird/Trans Am,21.2154,39.9361,2001
Pontiac,Firebird/Trans Am,20.1,32.7,2001
Pontiac,Firebird/Trans Am,20.6,35.3,2001
Rolls-Royce,Corniche,12.6,20.4,2001
Roush Performance,Stage 3 Mustang,20.2,29.3,2001
Roush Performance,Stage 3 Mustang,19.1,31.6,2001
Saab,9-3 Convertible,23.2,35.4,2001
Saab,9-3 Convertible,23.4,36.3,2001
Saab,9-3 Convertible,24.4,38.7,2001
Ford,Bronco 4WD,16,19.2308,1985
Saab,9-3 Convertible,23.8,36.6,2001
Saab,9-3 Viggen Convertible,22.7,39.4,2001
Saturn,SC,28.7,45.6,2001
Saturn,SC,27.9786,45.2908,2001
Saturn,SC,31.6049,51.302,2001
Saturn,SC,29.9,48.4,2001
Subaru,Impreza AWD,25.4605,37.4616,2001
Subaru,Impreza AWD,25.0743,37.1555,2001
Subaru,Impreza AWD,25.2,36.2,2001
Subaru,Impreza AWD,23.1,35.5,2001
Ford,Bronco 4WD,14,21,1985
Suzuki,Esteem,30.2,43.4,2001
Suzuki,Esteem,33.6,47.1,2001
Suzuki,Esteem,28.8,42.5,2001
Suzuki,Esteem,31.4,44.4,2001
Suzuki,Swift,33.2064,44.2,2001
Suzuki,Swift,40.4,54.2,2001
Toyota,Camry Solara Convertible,23.6,36.9,2001
Toyota,Camry Solara Convertible,20.9,33.1,2001
Toyota,Celica,31.8,45.8,2001
Toyota,Celica,30.8997,42.4,2001
GMC,K15 Jimmy 4WD,13,20,1985
Toyota,Celica,25.7,40.5,2001
Toyota,Celica,25.6335,38.099,2001
Volkswagen,Cabrio,24.9745,36.6918,2001
Volkswagen,Cabrio,26.797,39.5533,2001
Volkswagen,New Beetle,25.2245,36.6153,2001
Volkswagen,New Beetle,27.3699,39.2601,2001
Volkswagen,New Beetle,37.9945,56.5504,2001
Volkswagen,New Beetle,46.4592,62.9103,2001
Volkswagen,New Beetle,24.9745,36.6918,2001
Volkswagen,New Beetle,26.797,39.5533,2001
GMC,K15 Jimmy 4WD,18,27,1985
Volvo,C70 Convertible,22,33.3,2001
Volvo,C70 Convertible,22.8,35.7,2001
Volvo,C70 Convertible,22.1002,34.7002,2001
Acura,3.2CL,21.3967,37.4409,2001
Audi,A4,25.2,40.6,2001
Audi,A4,22.3007,36.5466,2001
Audi,A4,19.8837,33.3481,2001
Audi,A4 quattro,24.1045,38.2739,2001
Audi,A4 quattro,22.0037,34.9442,2001
Audi,A4 quattro,20.3335,31.1484,2001
GMC,K15 Suburban 4WD,13,19,1985
Audi,A4 quattro,19.4701,32.3437,2001
Audi,S4,19.1581,30.36,2001
Audi,S4,19.2591,30.9445,2001
Bentley,Continental R,12.3908,20.0453,2001
BMW,325i,21.2965,34.2857,2001
BMW,325i,22.6015,37.5841,2001
BMW,325xi,20.8153,32.6951,2001
BMW,325xi,21.6,34.7,2001
BMW,330i,23.0217,37.9588,2001
BMW,330i,21.3268,34.6842,2001
GMC,K15 Suburban 4WD,17,26,1985
BMW,330xi,22,34.9,2001
BMW,330xi,19.3747,31.6921,2001
BMW,525i,21.2965,34.2857,2001
BMW,525i,22.6015,37.5841,2001
BMW,530i,23.0217,37.9588,2001
BMW,530i,20.0164,32.7719,2001
BMW,540i,20,30.9,2001
BMW,540i,17.1994,29.1499,2001
BMW,540i,17.2,26.7717,2001
BMW,M5,14.9485,26.5,2001
Mitsubishi,Cordia,26,38,1985
GMC,T15 (S15) Jimmy 4WD,19,28,1985
Chevrolet,Cavalier,25.8001,37.7003,2001
Chevrolet,Cavalier,26.1,41,2001
Chevrolet,Cavalier,25.502,42.0214,2001
Chevrolet,Cavalier,23,36.3,2001
Chevrolet,Cavalier,24.5,40.5,2001
Chevrolet,Prizm,31.8,42.8,2001
Chevrolet,Prizm,33.6,51.6,2001
Chevrolet,Prizm,35.6184,52.2789,2001
Chrysler,Sebring,22.7,35.1,2001
Chrysler,Sebring,24.9,38.2,2001
GMC,T15 (S15) Jimmy 4WD,18,27,1985
Chrysler,Sebring,21.3,34.4,2001
Chrysler,Sebring,22.6465,35.9,2001
Chrysler,Sebring,21.1995,34.2493,2001
Chrysler,Sebring Convertible,21.9,35.4,2001
Chrysler,Sebring Convertible,22.3,36.6,2001
Daewoo,Lanos,26.5,46.8,2001
Daewoo,Lanos,29.1,45.8,2001
Daewoo,Lanos,24.9379,41.6595,2001
Daewoo,Lanos,27.4476,44.5352,2001
Daewoo,Nubira,24.1983,39.6499,2001
GMC,T15 (S15) Jimmy 4WD,18.8889,29,1985
Daewoo,Nubira,24.5475,39.9798,2001
Dodge,Neon,26.5476,39.2629,2001
Dodge,Neon,30.2851,42.6791,2001
Dodge,Stratus,22.7,35.1,2001
Dodge,Stratus,24.9,38.2,2001
Dodge,Stratus,21.3,34.4,2001
Dodge,Stratus,22.6465,35.9,2001
Dodge,Stratus,21.1995,34.2493,2001
Ford,Escort,28.9,44.4,2001
Ford,Focus,28.1239,41.9327,2001
Jeep,Cherokee/Wagoneer,20,25,1985
Ford,Focus,27.5188,40.1095,2001
Ford,Focus,31.5,45.8495,2001
Ford,Focus,27.4,42.2,2001
Honda,Civic,33.9,48.5,2001
Honda,Civic,33.1236,48.2704,2001
Honda,Civic,35.6709,49.8,2001
Honda,Civic,35.1,46.9,2001
Hyundai,Accent/Brio,27.8,44.8,2001
Hyundai,Accent/Brio,31.4,45.9,2001
Hyundai,Accent/Brio,27.7,45.2,2001
Jeep,Cherokee/Wagoneer,22,30,1985
Hyundai,Accent/Brio,29.9,47.6,2001
Hyundai,Elantra,27.1,42.4,2001
Hyundai,Elantra,27.2459,42.5643,2001
Infiniti,G20,25.5499,39,2001
Infiniti,G20,26.2,40.1,2001
Jaguar,XJ8,19.1354,31.0075,2001
Jaguar,XJR,17.6607,27.6172,2001
Kia,Rio,28,39.9,2001
Kia,Rio,30.4,40.4,2001
Kia,Sephia/Spectra,24.5,39.8,2001
Jeep,Cherokee/Wagoneer,19,27,1985
Kia,Sephia/Spectra,27.5,38.7,2001
Lexus,ES 300,21.1709,33.7,2001
Mercury,Cougar,26,43.4,2001
Mercury,Cougar,22.1,37.0483,2001
Mercury,Cougar,22.3342,37.0539,2001
Mazda,Millenia,21.7,35.3,2001
Mazda,Millenia,21.6995,34,2001
Mazda,Protege/Protege MPS,29.3,42.1,2001
Mazda,Protege/Protege MPS,32.7,44.2,2001
Mazda,Protege/Protege MPS,27.4,38.5,2001
Jeep,Cherokee/Wagoneer,21,28,1985
Mazda,Protege/Protege MPS,27.8,39.3,2001
Mercedes-Benz,C240,22.0174,33.6596,2001
Mercedes-Benz,C240,20.1842,34.2323,2001
Mercedes-Benz,C320,21.29,32.6948,2001
Mercedes-Benz,CL500,17.9186,29.4156,2001
Mercedes-Benz,CL55 AMG,17.9,28.2,2001
Mercedes-Benz,CL600,17.1187,29.745,2001
Mitsubishi,Mirage,31.0745,44.7352,2001
Mitsubishi,Mirage,35.2563,49.7883,2001
Mitsubishi,Mirage,28.4,41.6,2001
Jeep,Cherokee/Wagoneer,18,27,1985
Mitsubishi,Mirage,31.2394,46.2002,2001
Nissan,Altima,23.3,35.8,2001
Nissan,Altima,25.6,39.2,2001
Nissan,Sentra,29.2,42.8,2001
Nissan,Sentra,29.7,44.5,2001
Nissan,Sentra,26.5499,38.2,2001
Nissan,Sentra,26.3,39.3,2001
Oldsmobile,Alero,23.4,37.5,2001
Oldsmobile,Alero,24.5,40.5,2001
Oldsmobile,Alero,23.7,41,2001
Jeep,CJ7,20,24,1985
Plymouth,Neon,26.5476,39.2629,2001
Plymouth,Neon,30.3,42.8,2001
Pontiac,Grand Am,23.4,37.5,2001
Pontiac,Grand Am,24.5,40.5,2001
Pontiac,Grand Am,23.7,41,2001
Pontiac,Sunfire,25.8001,37.7002,2001
Pontiac,Sunfire,26.1,41,2001
Pontiac,Sunfire,24.7067,41.5784,2001
Pontiac,Sunfire,23,36.3,2001
Pontiac,Sunfire,24.5,40.5,2001
Jeep,CJ7,20,24.359,1985
Saturn,SL,30.2,47.3,2001
Saturn,SL,27.9786,45.2908,2001
Saturn,SL,32.1,51.5,2001
Saturn,SL,29.9,48.4,2001
Subaru,Legacy AWD,24.1469,34.3368,2001
Subaru,Legacy AWD,23.8239,35.2678,2001
Toyota,Camry Solara,25.8,40.7,2001
Toyota,Camry Solara,26.3,42.7,2001
Toyota,Camry Solara,21.7,34.2,2001
Toyota,Camry Solara,21.7,34.9,2001
Mitsubishi,Cordia,26,38,1985
Jeep,CJ7,18.8889,23,1985
Toyota,Corolla,31.8,42.8,2001
Toyota,Corolla,33.5,50.4,2001
Toyota,Corolla,35.9067,51.9897,2001
Toyota,Echo,35.6,49.1,2001
Toyota,Echo,38.0893,52.3261,2001
Toyota,Prius,57.3,57.9,2001
Volkswagen,Golf,25.2245,36.6153,2001
Volkswagen,Golf,27.3699,39.2601,2001
Volkswagen,Golf,37.9945,56.5504,2001
Volkswagen,Golf,46.4592,62.9103,2001
Jeep,CJ7,19,26.9231,1985
Volkswagen,Golf,24.9745,36.6918,2001
Volkswagen,Golf,26.797,39.5533,2001
Volkswagen,GTI,25.2245,36.6153,2001
Volkswagen,GTI,27.3699,39.2601,2001
Volkswagen,GTI,22.3,36.5,2001
Volkswagen,Jetta,25.2245,36.6153,2001
Volkswagen,Jetta,27.3699,39.2601,2001
Volkswagen,Jetta,38.1,57.2,2001
Volkswagen,Jetta,46.4592,62.9103,2001
Volkswagen,Jetta,24.9745,36.6918,2001
Jeep,Grand Wagoneer,16.6667,21.7949,1985
Volkswagen,Jetta,26.797,39.5533,2001
Volkswagen,Jetta,20.9479,32.9541,2001
Volkswagen,Jetta,21.6051,36.0022,2001
Volkswagen,Passat 4motion,19.0576,30.3493,2001
Volvo,C70 Coupe,22.1,34,2001
Volvo,C70 Coupe,23,36,2001
Volvo,C70 Coupe,22.8949,35.793,2001
Volvo,S40 FWD,24.8,40.5,2001
Volvo,S60,23,36,2001
Volvo,S60,22.1,34,2001
Subaru,Brat 4WD,23,30.7692,1985
Volvo,S60,22.8949,35.793,2001
Volvo,S60,23.348,36.0182,2001
Volvo,S60,23.7,35.4,2001
Volvo,S60,22.9,35.8,2001
Acura,3.2TL,21.2954,37.3689,2001
Acura,3.5RL,19.5,30.2,2001
Audi,A6,19.382,32.3,2001
Audi,A6 quattro,19.1581,30.36,2001
Audi,A6 quattro,19.2591,30.9445,2001
Audi,A6 quattro,18.9725,30.3847,2001
Subaru,Brat 4WD,28.8889,39,1985
Audi,A6 quattro,18.9995,31.7499,2001
Audi,A8 quattro,18.9995,31.7499,2001
Audi,S8 quattro,16.1686,27.3492,2001
Bentley,Arnage,12.3908,20.0453,2001
BMW,740i,18.9,30,2001
BMW,740i,16.8,26.8,2001
Buick,Century,22.7446,36.6079,2001
Buick,Regal,21.7,38.5,2001
Buick,Regal,20.3059,36.2424,2001
Cadillac,Catera,19.4396,30.684,2001
Subaru,Hatchback 4WD,28.8889,39,1985
Cadillac,Eldorado,18.7,35.1,2001
Cadillac,Seville,18.7,35.1,2001
Chevrolet,Lumina,22.7446,36.6079,2001
Chevrolet,Malibu,22.7446,36.6079,2001
Chevrolet,Monte Carlo,23.7,41,2001
Chevrolet,Monte Carlo,21.7,38.5,2001
Chrysler,Sebring 4 Door,22.6024,39.0309,2001
Chrysler,Sebring 4 Door,21.9,35.4,2001
Chrysler,Sebring 4 Door,22.3,36.6,2001
Daewoo,Leganza,21.6926,35.4989,2001
Subaru,Sedan 4WD,26.6667,32,1985
Daewoo,Leganza,22.2928,36.2603,2001
Dodge,Stratus 4 Door,22.6024,39.0309,2001
Dodge,Stratus 4 Door,21.9,35.4,2001
Dodge,Stratus 4 Door,22.3,36.6,2001
Honda,Accord,25.4517,38.4316,2001
Honda,Accord,25.1,38.5,2001
Honda,Accord,28.4,40.4,2001
Honda,Accord,27.3,40.4,2001
Honda,Accord,22.377,35.9414,2001
Hyundai,Sonata,22.9,36.1,2001
Subaru,Sedan 4WD,26.6667,32,1985
Hyundai,Sonata,23.9,37.9,2001
Hyundai,Sonata,22,35.2,2001
Hyundai,Sonata,22.7,36.5,2001
Hyundai,XG300,20.7995,34.8,2001
Infiniti,I30,21.4,33.8,2001
Infiniti,Q45,19.4848,29.7038,2001
Jaguar,S-Type,19.61,32.641,2001
Jaguar,S-Type,19.1879,31.0605,2001
Jaguar,Vanden Plas,19.1354,31.0075,2001
Jaguar,Vanden Plas S/C,17.6607,27.6172,2001
Subaru,Sedan 4WD,24,30.7692,1985
Jaguar,XJ8L,19.1354,31.0075,2001
Kia,Optima,22,34.1,2001
Kia,Optima,23.3,36.3,2001
Kia,Optima,21.2,32.1,2001
Kia,Optima,23.2,33.7,2001
Lexus,GS 300/GS 430,19.5965,30.8913,2001
Lexus,GS 300/GS 430,20.1499,29.4492,2001
Lincoln,LS,20,32.6,2001
Lincoln,LS,20.1,32.4,2001
Lincoln,LS,18.6912,31.3499,2001
Subaru,Wagon 4WD,25,32.0513,1985
Lincoln,LS,18.6,30.4,2001
Lincoln,LS,18.3466,30.3987,2001
Mercury,Sable,21.8,34.8,2001
Mercury,Sable,20.1,34.4,2001
Mazda,626,24.1,35.4,2001
Mazda,626,29,41.2,2001
Mazda,626,22.2,33.5,2001
Mazda,626,23.3,34.4,2001
Mercedes-Benz,E320,22.6,36.27,2001
Mercedes-Benz,E320 4Matic,21.9699,34.1,2001
Mitsubishi,Cordia,27,33,1985
Subaru,Wagon 4WD,26,37,1985
Mercedes-Benz,E430,19.9771,31.6526,2001
Mercedes-Benz,E430 4Matic,19.3,29.6,2001
Mercedes-Benz,E55 AMG,19.2,30.5,2001
Mitsubishi,Diamante,19.6,31.8,2001
Mitsubishi,Galant,23.4288,36.1575,2001
Mitsubishi,Galant,21.9,34.7,2001
Nissan,Maxima,21.4,33.8,2001
Nissan,Maxima,24.3,35,2001
Oldsmobile,Aurora,21.3,35.5,2001
Oldsmobile,Aurora,19.1,31.7,2001
Subaru,Wagon 4WD,26,37,1985
Oldsmobile,Intrigue,20.9,35.6,2001
Pontiac,Grand Prix,22.7446,36.6079,2001
Pontiac,Grand Prix,21.7,38.5,2001
Pontiac,Grand Prix,20.491,36.1498,2001
Rolls-Royce,Silver Seraph,13.6,20.8,2001
Saab,3-Sep,23.2,36.2,2001
Saab,3-Sep,23.2,35.4,2001
Saab,3-Sep,24.4,38.7,2001
Saab,3-Sep,23.8,36.6,2001
Saab,9-3 Viggen,22.7,39.4,2001
Subaru,Wagon 4WD,24,30.7692,1985
Saab,5-Sep,22.4,37.6,2001
Saab,5-Sep,20.6,33,2001
Saab,5-Sep,23.5,39.1,2001
Saab,5-Sep,23.3,36.3,2001
Saab,5-Sep,20.6,33.3,2001
Saturn,L100/200,26.5,42.4,2001
Saturn,L100/200,27.3,41.8,2001
Saturn,L300,22.2,33.6,2001
Toyota,Camry,25.8,40.7,2001
Toyota,Camry,26.3,42.7,2001
Subaru,XT 4WD,24,30.7692,1985
Toyota,Camry,21.7,34.2,2001
Toyota,Camry,21.7,34.9,2001
Volkswagen,Passat,22.4384,37.3881,2001
Volkswagen,Passat,24.9607,39.9562,2001
Volkswagen,Passat,19.9275,33.4579,2001
Volkswagen,Passat,21.9896,36.8052,2001
Volvo,S80/S80 Executive,20.7,33.2,2001
Volvo,S80/S80 Executive,21.5992,34.3992,2001
Audi,A8 L,18.9995,31.6987,2001
BMW,740il,18.8991,29.9982,2001
Chevrolet,S10 Cab Chassis 2WD,16.6667,19.2308,1985
BMW,750il,14.7,25.4,2001
Buick,LeSabre,21.3,38,2001
Buick,Park Avenue,21.3,38,2001
Buick,Park Avenue,20.3059,36.2424,2001
Cadillac,DeVille,18.7,35.1,2001
Chevrolet,Impala,23.7,41,2001
Chevrolet,Impala,21.698,38.4975,2001
Chrysler,300 M,19.9,33,2001
Chrysler,Concorde,21.9,35.4,2001
Chrysler,Concorde,20.8,34.8,2001
Nissan,Truck Cab Chassis 2WD,16,19.2308,1985
Chrysler,LHS,19.9,33.2,2001
Dodge,Intrepid,21.9,35.4,2001
Dodge,Intrepid,22.3,36.6,2001
Dodge,Intrepid,20.6,34.2,2001
Dodge,Intrepid,19.9,33,2001
Ford,Crown Victoria,19.7,32.3,2001
Ford,Taurus,21.8,34.8,2001
Ford,Taurus,20.1,34.4,2001
Lexus,LS 430,20.3995,31.4446,2001
Lincoln,Continental,19.2,32.3,2001
Ford,Ranger Pickup Cab Chassis,24.4444,30,1985
Mercury,Grand Marquis,19.7,32.3,2001
Lincoln,Town Car,19.5549,32.0889,2001
Mercedes-Benz,S430,19.6468,32.3277,2001
Mercedes-Benz,S500,17.9186,29.4155,2001
Mercedes-Benz,S55 AMG,17.9,28.2,2001
Mercedes-Benz,S600,17.1184,29.7436,2001
Pontiac,Bonneville,21.3,38,2001
Pontiac,Bonneville,20.3059,36.2424,2001
Rolls-Royce,Park Ward,13.6,20.8,2001
Toyota,Avalon,23.0324,37.4,2001
Ford,Ranger Pickup Cab Chassis,17,23,1985
Audi,A4 Avant quattro,24.1045,38.2739,2001
Audi,A4 Avant quattro,22.0037,34.9442,2001
Audi,A4 Avant quattro,20.3335,31.1484,2001
Audi,A4 Avant quattro,18.9725,30.3847,2001
Audi,S4 Avant,19.1581,30.36,2001
Audi,S4 Avant,19.2591,30.9445,2001
BMW,325i Sport Wagon,21.2965,34.2857,2001
BMW,325i Sport Wagon,22.6015,37.5841,2001
BMW,325xi Sport Wagon,20.8153,32.6951,2001
BMW,325xi Sport Wagon,21.1,33.7,2001
GMC,S15 Cab Chassis 2WD,16.6667,19.2308,1985
BMW,525i Sport Wagon,20.6881,33.1986,2001
BMW,525i Sport Wagon,20.8722,34.0846,2001
BMW,540i Sport Wagon,17.2,26.7717,2001
Daewoo,Nubira Station Wagon,24.1983,39.6499,2001
Daewoo,Nubira Station Wagon,24.5475,39.9798,2001
Saturn,SW,28.7,45.6,2001
Saturn,SW,27.9786,45.2908,2001
Saturn,SW,29.9,48.4,2001
Subaru,Impreza Wagon AWD,25.4605,37.4616,2001
Subaru,Impreza Wagon AWD,25.0743,37.1555,2001
Alfa Romeo,Spider,23.3333,35.8974,1986
Suzuki,Esteem Wagon,28.8,42.5,2001
Suzuki,Esteem Wagon,30.1,43.9,2001
Volkswagen,Jetta Wagon,24.7025,36.8939,2001
Volkswagen,Jetta Wagon,26.4795,40.1582,2001
Volkswagen,Jetta Wagon,20.9479,32.9541,2001
Volkswagen,Jetta Wagon,21.6051,36.0022,2001
Volvo,V40,24.8,40.5,2001
Audi,A6 Avant quattro,18.9725,30.3847,2001
Ford,Focus Station Wagon,27.9903,41.69,2001
Ford,Focus Station Wagon,27.5188,40.1095,2001
Mitsubishi,Cordia,27.7778,41,1985
Autokraft Limited,A.C.Mkiv,19,29,1986
Ford,Focus Station Wagon,31.5,45.8495,2001
Ford,Focus Station Wagon,27.4,42.2,2001
Ford,Taurus Wagon,20.6,32.8493,2001
Ford,Taurus Wagon,19.6,33.3,2001
Lexus,RX 300 4WD,20,28.7,2001
Lexus,RX 300,20.6,29.8,2001
Mercury,Sable Wagon,20.6,32.8493,2001
Mercury,Sable Wagon,19.6,33.3,2001
Mercedes-Benz,E320 (Wagon),21.6795,35.4154,2001
Mercedes-Benz,E320 4Matic (Wagon),21.6798,34.1867,2001
Bertone,X1/9,25,36,1986
Saab,9-5 Wagon,21.2,33.4,2001
Saab,9-5 Wagon,21.2,32.3,2001
Saab,9-5 Wagon,22.8,35.9,2001
Saab,9-5 Wagon,22.2,34.1,2001
Saab,9-5 Wagon,20.4,33.5,2001
Saturn,LW200,26.3985,41.0998,2001
Saturn,LW200,26.6,40.7,2001
Saturn,LW300,22.2,33.6,2001
Subaru,Legacy Wagon AWD,23.972,34.5173,2001
Subaru,Legacy Wagon AWD,23.8239,35.2678,2001
Chevrolet,Corvette,19,31,1986
Subaru,Legacy Wagon AWD,22.6,34.2,2001
Volkswagen,Passat Wagon,22.4384,37.3881,2001
Volkswagen,Passat Wagon,24.9607,39.9562,2001
Volkswagen,Passat Wagon,20.1687,33.9694,2001
Volkswagen,Passat Wagon,21.9896,36.8052,2001
Volkswagen,Passat Wagon 4motion,19.0576,30.3493,2001
Volvo,V70 FWD,22.8,35.7,2001
Volvo,V70 FWD,22,33.3,2001
Volvo,V70 FWD,23.348,36.0182,2001
Volvo,V70 FWD,22.1002,34.7002,2001
Chevrolet,Corvette,19,31,1986
Volvo,V70 FWD,23.7,35.4,2001
Volvo,V70 FWD,22.1,34.7,2001
Volvo,V70 AWD,20.4712,31.8427,2001
Chevrolet,S10 Pickup 2WD,18.9446,28.4447,2001
Chevrolet,S10 Pickup 2WD,17.6,28.3733,2001
GMC,Sonoma 2WD,18.9542,28.4544,2001
GMC,Sonoma 2WD,17.6,28.4239,2001
Isuzu,Hombre Pickup 2WD,18.9,28.4,2001
Chevrolet,Silverado 1500 2WD,18.1,27.4,2001
Chevrolet,Silverado 1500 2WD,17.7302,25.9523,2001
Chevrolet,Corvette Convertible,19,31,1986
Chevrolet,Silverado 1500 2WD,17.3648,25.8532,2001
Chevrolet,Silverado 1500 2WD,17.161,25.8453,2001
Chevrolet,Silverado 1500 2WD,17.1,24.9,2001
Dodge,Dakota Pickup 2WD,21.7498,31.996,2001
Dodge,Dakota Pickup 2WD,17.257,25.918,2001
Dodge,Dakota Pickup 2WD,17.3872,27.6709,2001
Dodge,Dakota Pickup 2WD,15.401,24.3677,2001
Dodge,Dakota Pickup 2WD,16.2338,26,2001
Dodge,Dakota Pickup 2WD,13.9085,21.2945,2001
Dodge,Ram 1500 Pickup 2WD,17.2,25.2,2001
Chevrolet,Corvette Convertible,19,31,1986
Dodge,Ram 1500 Pickup 2WD,16.3945,26.6,2001
Dodge,Ram 1500 Pickup 2WD,14.4232,23.7299,2001
Dodge,Ram 1500 Pickup 2WD,15.1055,24.3951,2001
Dodge,Ram 1500 Pickup 2WD,13.4705,23.3386,2001
Ford,Explorer Sport Trac 2WD,17.4,26.1,2001
Ford,Explorer Sport Trac 2WD,19.1,26.8,2001
Ford,F150 Pickup 2WD,17.7332,25.9539,2001
Ford,F150 Pickup 2WD,18.0924,25.8,2001
Ford,F150 Pickup 2WD,17.3778,26.2921,2001
Ford,F150 Pickup 2WD,16.8477,24.4645,2001
Nissan,300ZX,20,32,1986
Ford,F150 Pickup 2WD,16.2483,24.4409,2001
Ford,F150 Pickup 2WD,13.8,20.3,2001
Ford,Ranger Pickup 2WD,22.8,31.8,2001
Ford,Ranger Pickup 2WD,26.6,36.1,2001
Ford,Ranger Pickup 2WD,22.1,30.6,2001
Ford,Ranger Pickup 2WD,24.5491,32.8481,2001
Ford,Ranger Pickup 2WD,18.1,27.2,2001
Ford,Ranger Pickup 2WD,19.2,28.7,2001
Ford,Ranger Pickup 2WD,18.3334,27.7413,2001
Ford,Ranger Pickup 2WD,19.6989,28.2974,2001
Nissan,300ZX,19,32,1986
GMC,Sierra 1500 2WD,18.1,27.4,2001
GMC,Sierra 1500 2WD,17.7976,24.935,2001
GMC,Sierra 1500 2WD,17.3077,25.7771,2001
GMC,Sierra 1500 2WD,17.2892,25.8958,2001
GMC,Sierra 1500 2WD,17.1,24.9,2001
Mazda,B2300 2WD,22.8,31.8,2001
Mazda,B2300 2WD,26.6,36.1,2001
Mazda,B2500 2WD,22.1,30.6,2001
Mazda,B2500 2WD,24.5491,32.8481,2001
Mazda,B3000,18.1,27.2,2001
Nissan,300ZX,20,32,1986
Mazda,B3000,19.2,28.7,2001
Mazda,B4000 2WD,18.2154,27.7,2001
Mazda,B4000 2WD,19.6,28.1,2001
Nissan,Frontier 2WD,21.7,30.163,2001
Nissan,Frontier 2WD,24.6546,32.8687,2001
Nissan,Frontier V6 2WD,17.5147,24.6936,2001
Nissan,Frontier V6 2WD,17.1,23.5,2001
Nissan,Frontier V6 2WD,18.2684,23.9022,2001
Nissan,Frontier V6 2WD,16.8846,22.9568,2001
Toyota,Tacoma 2WD,23.4624,29.9771,2001
Nissan,300ZX,20,33,1986
Toyota,Tacoma 2WD,24.3047,32.5951,2001
Toyota,Tacoma 2WD,21.636,27.9317,2001
Toyota,Tacoma 2WD,19.106,25.2559,2001
Toyota,Tacoma 2WD,20,28,2001
Toyota,Tundra 2WD,18.0218,24.6364,2001
Toyota,Tundra 2WD,18.1523,24.6935,2001
Toyota,Tundra 2WD,16.3433,23.0847,2001
Chevrolet,Silverado 1500 4WD,16.9,25.4,2001
Chevrolet,Silverado 1500 4WD,16.3,22.5,2001
Chevrolet,Silverado 1500 4WD,16.2855,22.5856,2001
Honda,Civic CRX,35,46,1985
Mitsubishi,Mirage,33,41,1985
Ferrari,Testarossa,11,19,1986
Chevrolet,Silverado 1500 4WD,16.1118,22.8583,2001
Chevrolet,Silverado 1500 4WD,16.2458,22.4461,2001
Chevrolet,S10 Pickup 4WD,16.3344,23.5941,2001
Chevrolet,S10 Pickup 4WD,16.1205,23.0791,2001
Dodge,Dakota Pickup 4WD,15.6766,23.0357,2001
Dodge,Dakota Pickup 4WD,16.8219,25.4669,2001
Dodge,Dakota Pickup 4WD,14.5995,23.029,2001
Dodge,Dakota Pickup 4WD,15.7923,24.166,2001
Dodge,Dakota Pickup 4WD,13.3,21.6714,2001
Dodge,Ram 1500 Pickup 4WD,13.3835,20.8846,2001
Ferrari,328 GTS/GTB,14,23.0769,1986
Dodge,Ram 1500 Pickup 4WD,14.3967,21.6835,2001
Dodge,Ram 1500 Pickup 4WD,13.2819,22.0866,2001
Ford,Explorer Sport Trac 4WD,16.5,24.3,2001
Ford,Explorer Sport Trac 4WD,17.8101,24.9197,2001
Ford,F150 Pickup 4WD,17.2,24.4,2001
Ford,F150 Pickup 4WD,16.9,24,2001
Ford,F150 Pickup 4WD,16.8,23.7,2001
Ford,F150 Pickup 4WD,15.7,23.2,2001
Ford,F150 Pickup 4WD,15.0224,21.6965,2001
Ford,Ranger Pickup 4WD,16.8,24.5,2001
Ford,EXP,27,37,1986
Ford,Ranger Pickup 4WD,18.4,26.2,2001
Ford,Ranger Pickup 4WD,16.8,24.1,2001
Ford,Ranger Pickup 4WD,17.6,25.1,2001
GMC,Sierra 1500 4WD,16.9,25.4,2001
GMC,Sierra 1500 4WD,16.3,22.5,2001
GMC,Sierra 1500 4WD,16.2916,22.5916,2001
GMC,Sierra 1500 4WD,16,22.6,2001
GMC,Sierra 1500 4WD,16.2458,22.4461,2001
GMC,Sierra 1500 4WD,12.4,18,2001
GMC,Sonoma 4WD,16.3436,23.6225,2001
Ford,EXP,29,44,1986
GMC,Sonoma 4WD,16.1205,23.0791,2001
Isuzu,Hombre Pickup 4WD,15.9,22.3,2001
Mazda,B3000 4WD,16.8,24.5,2001
Mazda,B3000 4WD,18.4,26.2,2001
Mazda,B4000 4WD,16.8,24.1,2001
Mazda,B4000 4WD,17.6,25.1,2001
Nissan,Frontier V6 4WD,17.2,24.3,2001
Nissan,Frontier V6 4WD,16.7188,23.0919,2001
Nissan,Frontier V6 4WD,18,23.5,2001
Nissan,Frontier V6 4WD,16.6371,22.6856,2001
Ford,EXP,24.4444,35.8974,1986
Toyota,Tacoma 4WD,20.6888,26.5286,2001
Toyota,Tacoma 4WD,20.5736,27.1103,2001
Toyota,Tacoma 4WD,18.5,24.4,2001
Toyota,Tacoma 4WD,19,25.4,2001
Toyota,Tundra 4WD,16.7,22.5,2001
Toyota,Tundra 4WD,17.2,22.5,2001
Toyota,Tundra 4WD,15.6829,21.8829,2001
Chevrolet,Astro 2WD (cargo),18.9,28.4,2001
Chevrolet,Astro AWD (cargo),16.9,25.4,2001
Chevrolet,Van 1500/2500 2WD,16.4,23.3,2001
Ford,EXP,28,42,1986
Chevrolet,Van 1500/2500 2WD,15.9899,23.4732,2001
Chevrolet,Van 1500/2500 2WD,15.0906,21.797,2001
Dodge,Ram Van 1500 2WD,16.3932,21.1982,2001
Dodge,Ram Van 1500 2WD,14.4072,23.4596,2001
Dodge,Ram Van 1500 2WD,13.4,22.2113,2001
Dodge,Ram Van 2500 2WD,15.3,20.9,2001
Dodge,Ram Van 2500 2WD,14.4,23.4671,2001
Dodge,Ram Van 2500 2WD,13.4,22.2113,2001
Ford,E150 Econoline 2WD,15.5,24.3,2001
Ford,E150 Econoline 2WD,17.3585,26.4195,2001
Honda,Civic CRX,32.2222,44.8718,1986
Ford,E150 Econoline 2WD,16.2514,24.4528,2001
Ford,E250 Econoline 2WD,15.5,24.3,2001
Ford,E250 Econoline 2WD,14.2,23.4,2001
GMC,Savana 1500/2500 2WD (cargo),16.4,23.3,2001
GMC,Savana 1500/2500 2WD (cargo),15.9595,23.3922,2001
GMC,Savana 1500/2500 2WD (cargo),15.0729,21.7912,2001
GMC,Safari 2WD (cargo),18.9,28.4,2001
GMC,Safari AWD (cargo),16.9,25.4,2001
Chevrolet,Astro 2WD (passenger),18.1,27.4,2001
Chevrolet,Astro AWD (passenger),16.4,24,2001
Honda,Civic CRX,34,47,1986
Chevrolet,Express 1500/2500 2WD,15.8,22.6,2001
Chevrolet,Express 1500/2500 2WD,15.5,22.2,2001
Chevrolet,Express 1500/2500 2WD,14.5,21.6,2001
Dodge,Ram Wagon 1500 2WD,15.3,20.9,2001
Dodge,Ram Wagon 1500 2WD,14.4,23.4671,2001
Dodge,Ram Wagon 2500 2WD,13.496,20.4783,2001
Dodge,Ram Wagon 2500 2WD,13.2648,22.4063,2001
Ford,E150 Club Wagon,15.5,24.3,2001
Ford,E150 Club Wagon,15.9975,25.1,2001
Ford,E150 Club Wagon,14.3,21.7,2001
Honda,Civic CRX,33,42.3077,1986
GMC,Savana 1500/2500  2WD (Passenger),15.8,22.6,2001
GMC,Savana 1500/2500  2WD (Passenger),15.5,22.2,2001
GMC,Savana 1500/2500  2WD (Passenger),14.5,21.6,2001
GMC,Safari 2WD (Passenger),18.1,27.4,2001
GMC,Safari AWD (Passenger),16.4,24,2001
Volkswagen,Eurovan Camper,17.0947,25.4,2001
Chevrolet,Venture FWD,21.3,33.2,2001
Chrysler,Town and Country/Voyager/Grand Voy. 2WD,22,31.2,2001
Chrysler,Town and Country/Voyager/Grand Voy. 2WD,19.653,30.6464,2001
Chrysler,Town and Country/Voyager/Grand Voy. 2WD,19.4,30.4,2001
Honda,Civic CRX HF,58,73.0769,1986
Dodge,Caravan/Grand Caravan 2WD,22,31.2,2001
Dodge,Caravan/Grand Caravan 2WD,19.6761,30.6236,2001
Dodge,Caravan/Grand Caravan 2WD,19.4,30.4,2001
Dodge,Caravan/Grand Caravan 2WD,19.5,30.9,2001
Ford,Windstar FWD Van,19.8489,29.9492,2001
Ford,Windstar FWD Wagon,19.598,30.497,2001
Honda,Odyssey,19.7696,32.1045,2001
Mazda,MPV,19.8471,29.3071,2001
Mercury,Villager FWD Wagon,18.4383,29.0721,2001
Nissan,Quest,18.7553,29.7446,2001
Mitsubishi,Mirage,41,53,1985
Honda,Civic CRX HF,50,64.1026,1986
Oldsmobile,Silhouette 2WD,21.3,33.2,2001
Pontiac,Montana FWD,21.3,33.2,2001
Toyota,Sienna 2WD,21.1,31.3,2001
Volkswagen,Eurovan,18.4111,25.4356,2001
Chrysler,Town and Country/Voyager/Grand Voy. AWD,18.6,28.7,2001
Dodge,Caravan/Grand Caravan AWD,19.2,29.3,2001
Dodge,Caravan/Grand Caravan AWD,18.8,29.2,2001
Chevrolet,Blazer 2WD,18.9,28.4,2001
Chevrolet,Blazer 2WD,17.6,28.2,2001
Chevrolet,Suburban 1500 2WD,15.6,22.6,2001
Lamborghini,Countach,7,13,1986
Chevrolet,Tahoe 1500 2WD,16.5,25.1,2001
Chevrolet,Tahoe 1500 2WD,15.6,22.6,2001
Chevrolet,Tracker 2WD Convertible,25.8491,32.7438,2001
Chevrolet,Tracker 2WD Convertible,25.3499,32.7328,2001
Chevrolet,Tracker 2WD Hardtop,26.0338,33.2988,2001
Chevrolet,Tracker 2WD Hardtop,25.2996,32.7851,2001
Chevrolet,Tracker LT 2WD,20.8,26.6,2001
Chrysler,PT Cruiser,21.9,32,2001
Chrysler,PT Cruiser,22.3,33.4,2001
Dodge,Durango 2WD,15.0778,23.8302,2001
Maserati,Biturbo Spyder,14.4444,19.2308,1986
Dodge,Durango 2WD,13.4,22.2113,2001
Ford,Escape 2WD,26.0966,36.1466,2001
Ford,Escape 2WD,19.9439,31.1,2001
Ford,Expedition 2WD,17.3585,26.4195,2001
Ford,Expedition 2WD,14.2,23.4,2001
Ford,Explorer 2WD,18.2154,27.7,2001
Ford,Explorer 2WD,15.6,24.4,2001
Ford,Explorer Sport 2WD,18.4,27.7,2001
Ford,Explorer Sport 2WD,19.6,28.1,2001
Ford,Explorer USPS 2WD,18.2154,27.7,2001
Mercedes-Benz,560SL,15,21.7949,1986
GMC,Yukon 1500 2WD,16.5,25.1,2001
GMC,Yukon 1500 2WD,15.6,22.6,2001
GMC,Yukon XL 1500 2WD,15.6,22.6,2001
GMC,Jimmy 2WD,18.9,28.4,2001
GMC,Jimmy 2WD,17.6,28.2,2001
Honda,CR-V 2WD,24.7,32,2001
Honda,Passport 2WD,18.7,27.1,2001
Honda,Passport 2WD,18.8,25.9,2001
Hyundai,Santa Fe 2WD,22.1,34.4,2001
Hyundai,Santa Fe 2WD,23.4,35.6,2001
Panther Car Company Limited,Kallista,24,31,1986
Hyundai,Santa Fe 2WD,21.2,33.3,2001
Infiniti,QX4 2WD,17,24.2,2001
Isuzu,Rodeo 2WD,19.3,28,2001
Isuzu,Rodeo 2WD,21,29,2001
Isuzu,Rodeo 2WD,18.7,27.1,2001
Isuzu,Rodeo 2WD,18.8,25.9,2001
Isuzu,Rodeo Sport 2WD,18.9,28.1,2001
Isuzu,Rodeo Sport 2WD,20.9,29.1,2001
Isuzu,Rodeo Sport 2WD,18.1,26,2001
Isuzu,Trooper 2WD,17,24.4,2001
Panther Car Company Limited,Kallista,24,33,1986
Jeep,Cherokee 2WD,17.3,27.4499,2001
Jeep,Cherokee 2WD,19.4,29.5,2001
Jeep,Grand Cherokee 2WD,17.9,27.2,2001
Jeep,Grand Cherokee 2WD,16.5,26.3,2001
Kia,Sportage 2WD,20.4,27.3,2001
Kia,Sportage 2WD,19.9,27.3,2001
Kia,Sportage 2WD,22,29.8,2001
Kia,Sportage 2WD,21.2,28.2,2001
Lincoln,Navigator 2WD,13.1992,21.2471,2001
Mazda,Tribute 2WD,26.0966,36.1466,2001
Pontiac,Fiero,27.7778,41.0256,1986
Mazda,Tribute 2WD,19.9439,31.1,2001
Mercury,Mountaineer 2WD,18.2154,27.7,2001
Mercury,Mountaineer 2WD,15.6,24.4,2001
Mitsubishi,Montero Sport 2WD,19.798,28.546,2001
Mitsubishi,Montero Sport 2WD,18.7792,27.1165,2001
Mitsubishi,Nativa 2WD (Puerto Rico Only),20.7,30.6,2001
Mitsubishi,Nativa 2WD (Puerto Rico Only),24.1,30.3,2001
Mitsubishi,Nativa 2WD (Puerto Rico Only),19.798,28.546,2001
Nissan,Pathfinder 2WD,17.5,24.4,2001
Nissan,Pathfinder 2WD,17.6,24.5,2001
Pontiac,Fiero,27,44.8718,1986
Nissan,Pathfinder 2WD,18.4,24.2,2001
Nissan,Xterra 2WD,21.0499,30.7,2001
Nissan,Xterra V6 2WD,17.5147,24.6936,2001
Nissan,Xterra V6 2WD,18.2684,23.9022,2001
Pontiac,Aztek FWD,21.3,33.2,2001
Suzuki,Grand Vitara,21,26.7,2001
Suzuki,Grand Vitara,21.3,28.3,2001
Suzuki,Grand Vitara XL7,19.1,25.4,2001
Suzuki,Grand Vitara XL7,19.6,26,2001
Suzuki,Vitara 2Door,27.3,34.9,2001
Pontiac,Fiero,20,32,1986
Suzuki,Vitara 2Door,28.0499,35.6989,2001
Suzuki,Vitara 2Door,25.3,31.7,2001
Suzuki,Vitara 2Door,25.2,32.1,2001
Suzuki,Vitara 4Door,25.1,31.8,2001
Suzuki,Vitara 4Door,24.5,31.6,2001
Toyota,4Runner 2WD,19.3,26.1,2001
Toyota,Highlander 2WD,24.4,34.8,2001
Toyota,Highlander 2WD,20.6,29.8,2001
Toyota,RAV4 2WD,26.3,37,2001
Toyota,RAV4 2WD,27.6,39.4,2001
Pontiac,Fiero,21,34,1986
Toyota,Sequoia 2WD,15.3,22.5,2001
Acura,MDX,18.9789,29.3599,2001
Audi,Allroad,17.6,26.7,2001
Audi,Allroad,16.9853,26.3476,2001
BMW,X5,16.9,26.6,2001
BMW,X5,16.7,26.1,2001
BMW,X5,17.0381,26.5492,2001
BMW,X5,17.1791,25.7491,2001
BMW,X5,14.8329,22.2552,2001
Chevrolet,Blazer 4WD,16.9,25.4,2001
Mitsubishi,Mirage,34.4444,49,1985
Pontiac,Fiero,20,35,1986
Chevrolet,Blazer 4WD,16.3,22.5,2001
Chevrolet,Suburban 1500 4WD,15.1,21,2001
Chevrolet,Tahoe 1500 4WD,15.9,22.2,2001
Chevrolet,Tahoe 1500 4WD,15.5,21.8,2001
Chevrolet,Tracker 4WD Convertible,25.2451,31.7987,2001
Chevrolet,Tracker 4WD Convertible,24.9984,31.7461,2001
Chevrolet,Tracker 4WD Hardtop,25.2896,31.8649,2001
Chevrolet,Tracker 4WD Hardtop,24.6,32.0462,2001
Chevrolet,Tracker LT 4WD,20,26.1,2001
Chevrolet,Tracker ZR2 4WD,20.1,26.2,2001
Subaru,XT-DL,28,41,1986
Chevrolet,Tracker ZR2 4WD Convertible,24.3,32.1,2001
Chevrolet,Tracker ZR2 4WD Convertible,25.4,32.4,2001
Dodge,Durango 4WD,14.3,22.6,2001
Dodge,Durango 4WD,13.3,21.6714,2001
Ford,Escape 4WD,24.7,33.2,2001
Ford,Escape 4WD,19.52,30.1487,2001
Ford,Expedition 4WD,15.5,23.3,2001
Ford,Expedition 4WD,13.6,21.2,2001
Ford,Explorer 4WD,16.5228,24.3404,2001
Ford,Explorer 4WD,15.6,24.4,2001
Texas Coach Company,500SL,13.3333,19,1986
Ford,Explorer Sport 4WD,17.0994,24.3499,2001
Ford,Explorer Sport 4WD,17.8101,24.9197,2001
Ford,Explorer USPS 4WD,16.5228,24.3404,2001
GMC,Jimmy 4WD,16.9,25.4,2001
GMC,Jimmy 4WD,16.3,22.5,2001
GMC,Yukon 1500 4WD,15.2,21.5,2001
GMC,Yukon 1500 4WD,15.1,21,2001
GMC,Yukon 1500 4WD,13.1,20.6,2001
GMC,Yukon XL 1500 4WD,15.1,21,2001
GMC,Yukon XL 1500 4WD,13.1,20.6,2001
Toyota,MR2,28,40,1986
Honda,CR-V 4WD,24.3,31.6,2001
Honda,CR-V 4WD,24.3,31.5,2001
Honda,Passport 4WD,18,26.2,2001
Honda,Passport 4WD,18.8,25.9,2001
Hyundai,Santa Fe 4WD,20.7,29.7,2001
Infiniti,QX4 4WD,16.9,23.8,2001
Isuzu,Rodeo 4WD,18,26.2,2001
Isuzu,Rodeo 4WD,18.8,25.9,2001
Isuzu,Rodeo Sport 4WD,18.1,26,2001
Isuzu,Rodeo Sport 4WD,18.7,25.8,2001
Toyota,MR2,29,39.7436,1986
Isuzu,Trooper 4WD,16.8,24.2,2001
Isuzu,Trooper 4WD,17.3,23.9,2001
Isuzu,Vehicross 4WD,16.5,24,2001
Jeep,Cherokee 4WD,16.6674,25.3343,2001
Jeep,Cherokee 4WD,19.2,28.1,2001
Jeep,Grand Cherokee 4WD,17.5,26.1,2001
Jeep,Grand Cherokee 4WD,15.7,24.5,2001
Jeep,Wrangler 4WD,17.8,23.3,2001
Jeep,Wrangler 4WD,20.7,25.7,2001
Jeep,Wrangler 4WD,16.6,22.3,2001
TVR Engineering Ltd,TVR 280i/350i Convertible,19,30,1986
Jeep,Wrangler 4WD,17.4,24,2001
Kia,Sportage 4WD,20.6,27.6492,2001
Kia,Sportage 4WD,19.9,27.3,2001
Kia,Sportage 4WD,22.1,28.6,2001
Kia,Sportage 4WD,21.2,28.2,2001
Land Rover,Discovery Series II,14.6751,21.4462,2001
Land Rover,Range Rover,14.6751,21.4462,2001
Land Rover,Range Rover,13.2801,19.2393,2001
Lexus,LX 470,14.3122,20.1872,2001
Lincoln,Navigator 4WD,12.8,20.2,2001
TVR Engineering Ltd,TVR 280i/350i Coupe,19,30,1986
Mazda,Tribute 4WD,24.7,33.2,2001
Mazda,Tribute 4WD,19.52,30.1487,2001
Mercedes-Benz,ML320,18.8,26.6,2001
Mercedes-Benz,ML430,17.6,25.7,2001
Mercedes-Benz,ML55 AMG,15.2,22.1,2001
Mercury,Mountaineer 4WD,16.5228,24.3404,2001
Mercury,Mountaineer 4WD,15.6,24.4,2001
Mitsubishi,Montero,16.0393,21.9784,2001
Mitsubishi,Montero,14.8013,22.449,2001
Mitsubishi,Montero Sport 4WD,19.4116,27.4693,2001
Alfa Romeo,GTV,21,33.3333,1986
Mitsubishi,Montero Sport 4WD,17.9994,25.0491,2001
Mitsubishi,Nativa 4WD (Puerto Rico Only),19.4116,27.4693,2001
Nissan,Pathfinder 4WD,16.9,23.8,2001
Nissan,Pathfinder 4WD,17.8,23.4,2001
Nissan,Xterra V6 4WD,17.164,24.1163,2001
Nissan,Xterra V6 4WD,18,23.5,2001
Oldsmobile,Bravada AWD,16.9,25.4,2001
Pontiac,Aztek AWD,20.5,31.7,2001
Subaru,Forester AWD,24.303,34.1795,2001
Subaru,Forester AWD,23.8239,35.2678,2001
Chevrolet,Sprint,44.4444,54,1986
Suzuki,Grand Vitara 4WD,20.2,26.2,2001
Suzuki,Grand Vitara 4WD,20.9,27.4,2001
Suzuki,Grand Vitara XL7 4WD,18.9,25.3,2001
Suzuki,Grand Vitara XL7 4WD,19.3,26.1,2001
Suzuki,Vitara 2Door 4WD,26.6,34.1,2001
Suzuki,Vitara 2Door 4WD,27.8499,34.7974,2001
Suzuki,Vitara 2Door 4WD,25.3,31.7,2001
Suzuki,Vitara 2Door 4WD,24.6,31.2,2001
Suzuki,Vitara 4Door 4WD,25.1,31.8,2001
Suzuki,Vitara 4Door 4WD,24.5,31.6,2001
Chevrolet,Sprint,49,64,1986
Toyota,4Runner 4WD,18.1754,24.304,2001
Toyota,Highlander 4WD,21.5,30.3,2001
Toyota,Highlander 4WD,20,28.7,2001
Toyota,Land Cruiser Wagon 4WD,14.3122,20.1872,2001
Toyota,RAV4 4WD,25.2721,34.9464,2001
Toyota,RAV4 4WD,24.9,34.6,2001
Toyota,Sequoia 4WD,15,21.5,2001
Volvo,V70 XC AWD,19.8,28.5,2001
Chevrolet,Cavalier (Bi-fuel CNG),25.3475,38.6,2001
Toyota,Camry CNG,24.4444,38.9,2001
Mitsubishi,Mirage,26.6667,33.3333,1985
Chevrolet,Sprint ER,61.1111,76.9231,1986
Ford,Crown Victoria CNG,16.7,29.3,2001
Ford,F150 CNG,13.5,20.6,2001
Dodge,Ram Van 2500 2WD CNG,13.8,19.8,2001
Ford,E250 CNG,13,18.6,2001
Dodge,Ram Wagon 2500 2WD CNG,13.5,20,2001
Ford,Taurus Wagon FFV,19.8,33.2,2001
Chevrolet,S10 Pickup 2WD FFV,20.6889,32.5878,2001
Chevrolet,S10 Pickup 2WD FFV,24.4,35.5,2001
GMC,Sonoma 2WD (FFV),20.6889,32.5878,2001
GMC,Sonoma 2WD (FFV),24.4,35.5,2001
Ferrari,Mondial/Cabriolet,14,23.0769,1986
Isuzu,Hombre Pickup 2WD (FFV),20.6889,32.5878,2001
Isuzu,Hombre Pickup 2WD (FFV),24.4,35.5,2001
Ford,Explorer USPS 4WD FFV,16.3815,23.9174,2001
Ford,F150 Dual-fuel 2WD (CNG),0,0,2001
Ford,F150 Dual-fuel 4WD (CNG),0,0,2001
Ford,F150 Dual-fuel 2WD (LPG),0,0,2001
Ford,F150 Dual-fuel 4WD (LPG),0,0,2001
Ford,Taurus FFV,20.4,34.8,2001
Mercury,Sable (FFV),20.4,34.8,2001
Mercury,Sable Wagon (FFV),19.8,33.2,2001
Maserati,Biturbo,14.4444,19.2308,1986
Ford,Explorer USPS 2WD FFV,18.1,27.3499,2001
Ford,Explorer Sport 2WD FFV,18.1,27.3499,2001
Ford,Explorer Sport 4WD FFV,16.3678,23.8563,2001
Honda,Civic CNG,34.2,43.8,2001
Mazda,B3000 (FFV) Ethanol 2WD,18.4,27,2001
Ford,Ranger 2WD FFV,18.4,27,2001
Chrysler,Town and Country/Voyager/Grand Voy. 2WD,19.653,30.6464,2001
Dodge,Caravan/Grand Caravan 2WD,19.6761,30.6236,2001
Toyota,RAV4 EV,116.2069,91.0811,2001
Ford,Th!nk,105.3125,82.1951,2001
Mazda,RX-7,19,30.7692,1986
Ford,Explorer USPS Electric,62.4074,46.8056,2001
Nissan,Hyper-Mini,120.3571,93.6111,2001
Acura,NSX,19.1342,30.2,2002
Acura,NSX,18.7,30.4,2002
Aston Martin,Vanquish,13.55,24.7,2002
Audi,TT Roadster,24.8,39.8,2002
Audi,TT Roadster quattro,22.382,35.9827,2002
BMW,Z3 Coupe,21.3435,34.7183,2002
BMW,Z3 Coupe,23.3,36.6925,2002
BMW,Z3 Roadster,22.1,34.9,2002
Pontiac,Firefly FE,44.4444,54,1986
BMW,Z3 Roadster,21.3701,33.544,2002
BMW,Z3 Roadster,20.7065,32.537,2002
BMW,Z3 Roadster,23.3,36.6925,2002
BMW,Z8,14.9485,26.5,2002
Chevrolet,Corvette,19.7,32.5,2002
Chevrolet,Corvette,21.3,35.9,2002
Chrysler,Prowler,19.6,29.6,2002
Dodge,Viper Convertible,12.5,26.4,2002
Dodge,Viper Coupe,12.5,26.4,2002
Ferrari,360 Modena/Spider,11.9,20.2,2002
Pontiac,Firefly FE,49,64,1986
Ferrari,360 Modena/Spider,11.6498,20.4981,2002
Ferrari,575,10.6,20.3,2002
Ferrari,575,11.2498,21.4,2002
Ford,Thunderbird,18.5122,29.8994,2002
Honda,Insight,62.8,71.4,2002
Honda,Insight,67.5368,87.21,2002
Honda,S2000,22.6,33.8,2002
Lamborghini,L-147 Murcielago,10.1208,16.2936,2002
Lamborghini,L-147 Murcielago,10.1208,16.2936,2002
Maserati,Spider Cambiocorsa/spider GT,12.4,21.3,2002
Porsche,911,19,32,1986
Maserati,Spider Cambiocorsa/spider GT,12.7263,21.5958,2002
Mazda,MX-5 Miata,24.5996,35.5,2002
Mazda,MX-5 Miata,25.8,36.4,2002
Mazda,MX-5 Miata,25.2,35.8,2002
Mercedes-Benz,SL500,18,29.9,2002
Mercedes-Benz,SL600,14.3498,23.9491,2002
Mercedes-Benz,SLK230 Kompressor,25.2515,38.0419,2002
Mercedes-Benz,SLK230 Kompressor,22.3556,37.9237,2002
Mercedes-Benz,SLK32 AMG,20.4,30.3,2002
Mercedes-Benz,SLK320,22.1,33.4,2002
Porsche,911,18,28.2051,1986
Mercedes-Benz,SLK320,19,32.8,2002
Morgan,Plus Eight,18.0409,30.16,2002
Porsche,911 GT2,16.9,27.9,2002
Porsche,Boxster,21.5,35.1,2002
Porsche,Boxster,19.4354,31.543,2002
Porsche,Boxster S,19.5,32.7,2002
Porsche,Boxster S,18.6379,31.7197,2002
Toyota,MR2,27.9,38.3,2002
Audi,TT Coupe,25.6,40,2002
Audi,TT Coupe quattro,22.7,37.3,2002
Porsche,928 S,19,29,1986
Audi,TT Coupe quattro,22.382,35.9827,2002
BMW,325ci Convertible,20.8482,34.0168,2002
BMW,325ci Convertible,20.6709,32.831,2002
BMW,330ci Convertible,19.9218,33.3892,2002
BMW,330ci Convertible,21.9,35.8,2002
BMW,M3 Convertible,17.7191,28.1243,2002
MINI,Cooper,27.5935,41.039,2002
Jaguar,XK8 Convertible,19.0093,30.3497,2002
Jaguar,XKR Convertible,18.1432,28.7881,2002
Lexus,SC 300/SC 430,19.9249,29.8249,2002
Porsche,928 S,18,30.7692,1986
Mitsubishi,Eclipse Spyder,24.4,37.2,2002
Mitsubishi,Eclipse Spyder,21.7407,33.8988,2002
Mitsubishi,Eclipse Spyder,22.2,36.6,2002
Mitsubishi,Eclipse Spyder,21.5958,35.4465,2002
Porsche,911 Carrera,19.6,33.4,2002
Porsche,911 Carrera,20.1683,32.7973,2002
Porsche,911 Carrera 4 Cabriolet,18.7,30.3,2002
Porsche,911 Carrera 4 Cabriolet,18.9277,29.9987,2002
Porsche,911 Carrera 4S,18.9,30.3,2002
Porsche,911 Carrera 4S,18.8276,29.1492,2002
Mitsubishi,Mirage,26.6667,33.3333,1985
Porsche,944,21.1111,31,1986
Porsche,911 Carrera Cabriolet,19.9,33.8,2002
Porsche,911 Carrera Cabriolet,20.135,32.9952,2002
Porsche,911 Targa,19.9,33.8,2002
Porsche,911 Targa,20.135,32.9952,2002
Porsche,911 Turbo,16.9,27.9,2002
Porsche,911 Turbo,16.3976,28.5492,2002
Acura,RSX,29.6,42,2002
Acura,RSX,27,39.9,2002
Acura,RSX,26.9232,41.6806,2002
BMW,325ci,22.6379,37.6438,2002
Porsche,944,22,35,1986
BMW,325ci,21.3621,34.0235,2002
BMW,330ci,21.3435,34.7183,2002
BMW,330ci,23.1,38.1,2002
BMW,M3,18.3217,29.6138,2002
Chevrolet,Camaro,21.4,38.8696,2002
Chevrolet,Camaro,21.2006,39.9958,2002
Chevrolet,Camaro,19.7524,32.5265,2002
Chevrolet,Camaro,21.249,35.857,2002
Ferrari,456 MGT/MGA,10.6991,19.1,2002
Ferrari,456 MGT/MGA,10.9,20.6,2002
Porsche,944,21,34,1986
Ford,Escort ZX2,27.5,41.9,2002
Ford,Escort ZX2,28.8,42.9,2002
Ford,Mustang,21.3676,34.8678,2002
Ford,Mustang,21.8,37.475,2002
Ford,Mustang,19.3206,30.8738,2002
Ford,Mustang,20.2,32.7,2002
Honda,Civic HX,38.9,51.4,2002
Honda,Civic HX,40,56.3,2002
Hyundai,Tiburon,25.8,38.4,2002
Hyundai,Tiburon,25.6,39.8,2002
Volkswagen,Cabriolet,25,32,1986
Hyundai,Tiburon,21.7,33.4,2002
Hyundai,Tiburon,20.3,33.9,2002
Jaguar,XK8,19.0093,30.3497,2002
Jaguar,XKR,18.1432,28.7881,2002
Maserati,Coupe Cambiocorsa/coupe GT,12.4,21.3,2002
Maserati,Coupe Cambiocorsa/coupe GT,12.7263,21.5958,2002
Mercedes-Benz,CLK320,22.1394,34.2598,2002
Mercedes-Benz,CLK320 (Cabriolet),21.3396,33.6,2002
Mercedes-Benz,CLK430,19.8,30.5,2002
Mercedes-Benz,CLK430 (Cabriolet),19.4,30.4,2002
Volkswagen,Cabriolet,27,37,1986
Mercedes-Benz,CLK55 AMG,19.4,30.7,2002
Mercedes-Benz,CLK55 AMG (Cabriolet),17.9,28.6,2002
Mitsubishi,Eclipse,22.6,34.4,2002
Mitsubishi,Eclipse,25.0356,38.508,2002
Mitsubishi,Eclipse,22.0887,34.3499,2002
Mitsubishi,Eclipse,22.5,36.2,2002
Mitsubishi,Eclipse,21.8995,35.8,2002
Mitsubishi,Mirage,31.0171,44.4337,2002
Mitsubishi,Mirage,35.2709,49.8112,2002
Mitsubishi,Mirage,28.4,41.6,2002
Yugo,Gy/yugo GVX,28,40,1986
Mitsubishi,Mirage,31.697,46.6968,2002
Pontiac,Firebird,21.4,38.8993,2002
Pontiac,Firebird,21.2002,39.9988,2002
Pontiac,Firebird,20.1,32.7,2002
Pontiac,Firebird,20.6,35.3,2002
Roush Performance,Stage 3 Mustang,20.2,29.3,2002
Roush Performance,Stage 3 Mustang,19.1,31.6,2002
Saab,9-3 Convertible,23.1993,37.5651,2002
Saab,9-3 Convertible,25.5622,41.6952,2002
Saab,9-3 Viggen Convertible,21.4347,35.7386,2002
Audi,Coupe GT,20,29,1986
Saturn,SC,28.7,45.6,2002
Saturn,SC,28.1245,45.567,2002
Saturn,SC,29.9,48.4,2002
Saturn,SC,31.6015,51.3006,2002
Subaru,Impreza AWD,24.3205,34.6016,2002
Subaru,Impreza AWD,22.6,35.4,2002
Subaru,Impreza AWD,21.4218,33.6804,2002
Subaru,Impreza AWD,22.5052,34.722,2002
Suzuki,Esteem,30.2,43.4,2002
Suzuki,Esteem,28.8,42.5,2002
Audi,Coupe GT,21,32,1986
Suzuki,Esteem,31.4,44.4,2002
Toyota,Camry Solara Convertible,25.3,39.2,2002
Toyota,Camry Solara Convertible,20.9,33.1,2002
Toyota,Celica,31.8,45.8,2002
Toyota,Celica,30.8997,42.4,2002
Toyota,Celica,25.7,40.5,2002
Toyota,Celica,25.6335,38.099,2002
Volkswagen,Cabrio,25.1767,37.2911,2002
Volkswagen,Cabrio,27.0317,39.783,2002
Volkswagen,New Beetle,25.5,38.7,2002
Audi,4000 CS quattro,20,28,1986
Volkswagen,New Beetle,25.3,37.8,2002
Volkswagen,New Beetle,26.9599,39.1151,2002
Volkswagen,New Beetle,38.1,55.9,2002
Volkswagen,New Beetle,46.5427,62.7912,2002
Volkswagen,New Beetle,25.1767,37.2911,2002
Volkswagen,New Beetle,27.0317,39.783,2002
Volvo,C70 Convertible,21.9,33.1,2002
Volvo,C70 Convertible,22.8999,34.6999,2002
Volvo,C70 Convertible,22.6023,35.2035,2002
Acura,3.2CL,21.6661,37.3706,2002
Audi,4000 S,26,34,1986
Audi,A4,22.5427,36.9304,2002
Audi,A4,24.6,40.1,2002
Audi,A4,20.5763,34.3346,2002
Audi,A4 quattro,21.3861,35.9735,2002
Audi,A4 quattro,23.162,36.9,2002
Audi,A4 quattro,19.1793,32.3696,2002
Audi,A4 quattro,19.4774,31.9911,2002
Audi,S4,19.174,30.0436,2002
Audi,S4,19.0976,30.2734,2002
BMW,325i,22.6379,37.6438,2002
Mitsubishi,Mirage,27,39,1985
Audi,4000 S,27.7778,39,1986
BMW,325i,21.3621,34.0235,2002
BMW,325xi,21.6,34.7,2002
BMW,325xi,20.8153,32.6951,2002
BMW,330i,21.3435,34.7183,2002
BMW,330i,23.1,38.1,2002
BMW,330xi,19.3747,31.6921,2002
BMW,330xi,22,34.9,2002
BMW,525i,22.6379,37.6438,2002
BMW,525i,21.3621,34.0235,2002
BMW,530i,19.9218,33.3892,2002
BMW,3 Series,22,35,1986
BMW,530i,23.1,38.1,2002
BMW,540i,20,30.9,2002
BMW,540i,17.1994,29.1499,2002
BMW,540i,17.1107,26.8392,2002
BMW,M5,14.9485,26.5,2002
Chevrolet,Cavalier,26.4,41.5,2002
Chevrolet,Cavalier,26.5,41.5,2002
Chevrolet,Cavalier,27.7,41.8,2002
Chevrolet,Cavalier,26.3058,42.4598,2002
Chevrolet,Cavalier,23.1,36,2002
BMW,3 Series,23.3333,36,1986
Chevrolet,Cavalier,24.2,40.6,2002
Chevrolet,Prizm,31.8,42.8,2002
Chevrolet,Prizm,33.6,51.6,2002
Chevrolet,Prizm,35.6184,52.2789,2002
Chrysler,Sebring,23.3,35.8,2002
Chrysler,Sebring,24.4,37.2,2002
Chrysler,Sebring,22,35.8,2002
Chrysler,Sebring,22.301,36.6023,2002
Chrysler,Sebring,21.8995,35.8,2002
Chrysler,Sebring Convertible,23.5,37.9,2002
BMW,6 Series,18,27,1986
Chrysler,Sebring Convertible,21.9,34.1,2002
Chrysler,Sebring Convertible,21.9,34.8465,2002
Chrysler,Sebring Convertible,21.5,34,2002
Daewoo,Lanos,24.9379,41.6595,2002
Daewoo,Lanos,27.4476,44.5352,2002
Daewoo,Lanos,26.5,46.8,2002
Daewoo,Lanos,29.1,45.8,2002
Daewoo,Nubira,24.1983,39.6499,2002
Daewoo,Nubira,24.5475,39.9798,2002
Dodge,Neon,26.9,40.098,2002
BMW,6 Series,17.7778,28,1986
Dodge,Neon,31.1676,42.988,2002
Dodge,Stratus,23.3,35.8,2002
Dodge,Stratus,24.4,37.2,2002
Dodge,Stratus,22,35.8,2002
Dodge,Stratus,22.301,36.6023,2002
Dodge,Stratus,21.8995,35.8,2002
Ford,Escort,28.9,44.4,2002
Ford,Focus,28.8,40.7,2002
Ford,Focus,28.8982,40.8738,2002
Ford,Focus,23,32.1,2002
Chevrolet,Camaro,26,41.0256,1986
Ford,Focus,31.5,45.8495,2002
Ford,Focus,28.2,43.5,2002
Honda,Civic,33.9,49.3,2002
Honda,Civic,33.0096,48.24,2002
Honda,Civic,36.7,50.3,2002
Honda,Civic,35,46.9,2002
Honda,Civic,29,39,2002
Hyundai,Accent/Brio,27.8,44.8,2002
Hyundai,Accent/Brio,31.4,45.9,2002
Hyundai,Accent/Brio,27.7,45.2,2002
Chevrolet,Camaro,21,35,1986
Hyundai,Accent/Brio,29.9,47.6,2002
Hyundai,Elantra,27.1,42.4,2002
Hyundai,Elantra,27.2459,42.5643,2002
Infiniti,G20,25.5499,39,2002
Infiniti,G20,26.2,40.1,2002
Jaguar,X-Type,20.9484,33.549,2002
Jaguar,X-Type,21.6,35.3,2002
Jaguar,X-Type,19.8499,32.6493,2002
Jaguar,X-Type,20.3,35.3,2002
Jaguar,XJ Sport,19.0093,30.3497,2002
Chevrolet,Camaro,19,33.3333,1986
Jaguar,XJ8,19.0093,30.3497,2002
Jaguar,XJR,17.6924,27.6028,2002
Kia,Rio,28.1,38.3,2002
Kia,Rio,29.5,41,2002
Kia,Spectra,23.9,38,2002
Kia,Spectra,26.2,40.6,2002
Lexus,IS 300,19.9334,32.0192,2002
Lexus,IS 300,19.9669,31.4944,2002
Mercury,Cougar,26,43.4,2002
Mercury,Cougar,22.0505,36.7879,2002
Chevrolet,Camaro,19,32,1986
Mercury,Cougar,22.9,38.2,2002
Mazda,Millenia,21.7,35.3,2002
Mazda,Millenia,21.6995,34,2002
Mazda,Protege/Protege 5,27.4,38.5,2002
Mazda,Protege/Protege 5,27.8,39.3,2002
Mazda,Protege/Protege 5,27.4,38.5,2002
Mercedes-Benz,C230 Kompressor,23.623,36.1522,2002
Mercedes-Benz,C230 Kompressor,21.1978,36.867,2002
Mercedes-Benz,C240,21.6489,32.8643,2002
Mercedes-Benz,C240,18.9895,33.7648,2002
Chevrolet,Camaro,18,33,1986
Mercedes-Benz,C32 AMG,18.7,28.7,2002
Mercedes-Benz,C320,21.4593,32.3435,2002
Mercedes-Benz,CL500,17.9186,29.4155,2002
Mercedes-Benz,CL55 AMG,17.9,28.2,2002
Mercedes-Benz,CL600,16.2976,28.5091,2002
Mitsubishi,Lancer,27.2,37,2002
Mitsubishi,Lancer,30.8,42.3,2002
Mitsubishi,Lancer,26.524,38.3301,2002
Mitsubishi,Lancer,28.6671,41.7322,2002
Nissan,Sentra,25.0499,35.4,2002
Mitsubishi,Mirage,27,39,1985
Chevrolet,Camaro,19,32,1986
Nissan,Sentra,26.2,37.3,2002
Nissan,Sentra,24.3,36.2,2002
Nissan,Sentra,30.3997,42.9,2002
Nissan,Sentra,30.5,45.5,2002
Oldsmobile,Alero,26.5,41.6656,2002
Oldsmobile,Alero,27.7,41.8,2002
Oldsmobile,Alero,22.2222,37.1795,2002
Pontiac,Grand Am,26.5,41.5,2002
Pontiac,Grand Am,27.7,41.8,2002
Pontiac,Grand Am,22.2222,37.1795,2002
Chevrolet,Cavalier Convertible,24,35.8974,1986
Pontiac,Sunfire,26.4,41.5,2002
Pontiac,Sunfire,26.5,41.5,2002
Pontiac,Sunfire,27.7,41.8,2002
Pontiac,Sunfire,26,41.9,2002
Pontiac,Sunfire,23.1,36,2002
Pontiac,Sunfire,24.2,40.6,2002
Saturn,SL,30.2,47.3,2002
Saturn,SL,28.1245,45.567,2002
Saturn,SL,29.9,48.4,2002
Saturn,SL,32.1,51.5,2002
Chevrolet,Cavalier Convertible,28,41,1986
Subaru,Legacy AWD,23.3009,34.4833,2002
Subaru,Legacy AWD (incl. Outback),24.26,34.5091,2002
Subaru,Legacy AWD (incl. Outback),21.6679,33.4888,2002
Suzuki,Aerio,28.6821,39.7462,2002
Suzuki,Aerio,29.1133,41.9011,2002
Toyota,Camry Solara,26,40.8,2002
Toyota,Camry Solara,26.8,42.4,2002
Toyota,Camry Solara,21.7,34.2,2002
Toyota,Camry Solara,21.7,34.9,2002
Toyota,Corolla,31.8,42.8,2002
Chevrolet,Cavalier Convertible,27,41,1986
Toyota,Corolla,33.5,50.4,2002
Toyota,Corolla,35.9182,51.9783,2002
Toyota,Echo,35.6,49.1,2002
Toyota,Echo,38.092,52.3397,2002
Toyota,Prius,57.3,57.9,2002
Volkswagen,Golf,38.0415,57.1353,2002
Volkswagen,Golf,46.5427,62.7912,2002
Volkswagen,Golf,25.1767,37.2911,2002
Volkswagen,Golf,27.0317,39.783,2002
Volkswagen,GTI,25.5,38.7,2002
Chevrolet,Cavalier Convertible,20,32,1986
Volkswagen,GTI,23.6893,37.8284,2002
Volkswagen,GTI,26.9599,39.1151,2002
Volkswagen,GTI,24.2769,37.2943,2002
Volkswagen,GTI,22.3,36.5,2002
Volkswagen,Jetta,23.5,39.6,2002
Volkswagen,Jetta,23.6893,37.8284,2002
Volkswagen,Jetta,26.5,40.0929,2002
Volkswagen,Jetta,24.2769,37.2943,2002
Volkswagen,Jetta,38.0415,57.1353,2002
Volkswagen,Jetta,46.5427,62.7912,2002
Chevrolet,Cavalier Convertible,20,31,1986
Volkswagen,Jetta,25.1767,37.2911,2002
Volkswagen,Jetta,27.0317,39.783,2002
Volkswagen,Jetta,20.7586,32.7862,2002
Volkswagen,Jetta,21.6201,36.1028,2002
Volkswagen,Passat 4motion,20.9799,33.4398,2002
Volvo,C70 Coupe,22.9011,36.6018,2002
Volvo,C70 Coupe,22.3,34.7,2002
Volvo,S40 FWD,23.9,37.9,2002
Volvo,S60 AWD,21.575,33.5105,2002
Volvo,S60 FWD,22.3,34.7,2002
Chevrolet,Chevette CS,28,39,1986
Volvo,S60 FWD,22.9,36.6,2002
Volvo,S60 FWD,22.9006,36.2009,2002
Volvo,S60 FWD,23.3473,36.0169,2002
Volvo,S60 FWD,23.7,35.4,2002
Acura,3.2TL,21.6079,37.6374,2002
Acura,3.5RL,19.5,30.3,2002
Audi,A6,20.6024,32.5896,2002
Audi,A6 quattro,19.1,31,2002
Audi,A6 quattro,19.8469,31.3404,2002
Audi,A6 quattro,19.1793,32.3696,2002
Chevrolet,Chevette CS,31,43,1986
Audi,A6 quattro,18.9995,31.7499,2002
Audi,A8 quattro,18.9995,31.7499,2002
Audi,S8 quattro,16.1686,27.3492,2002
Bentley,Arnage,11.3498,18.7,2002
Buick,Century,22.3,36.6483,2002
Buick,Regal,19.7,35.1,2002
Buick,Regal,21.4,37.4,2002
Cadillac,Eldorado,19.5,34.5,2002
Cadillac,Seville,19.5,34.5,2002
Chevrolet,Malibu,22.3,36.6483,2002
Chevrolet,Chevette CS,30,45,1986
Chevrolet,Monte Carlo,23.7,41,2002
Chevrolet,Monte Carlo,21.4,37.4,2002
Chrysler,Sebring 4 Door,23.5,37.9,2002
Chrysler,Sebring 4 Door,22.3,35.7,2002
Chrysler,Sebring 4 Door,22.4,35,2002
Daewoo,Leganza,21.6926,35.4989,2002
Daewoo,Leganza,22.2928,36.2603,2002
Dodge,Stratus 4 Door,23.5,37.9,2002
Dodge,Stratus 4 Door,22.3,35.7,2002
Dodge,Stratus 4 Door,21.9,34.8465,2002
Chevrolet,Chevette CS,44,58.9744,1986
Dodge,Stratus 4 Door,22.4,35,2002
Honda,Accord,25.1,38.5,2002
Honda,Accord,25.3624,38.4754,2002
Honda,Accord,28.4,40.4,2002
Honda,Accord,27.3,40.4,2002
Honda,Accord,22.4779,35.6521,2002
Hyundai,Sonata,24.2,38,2002
Hyundai,Sonata,24.9,39.1,2002
Hyundai,Sonata,22.2,35.1,2002
Hyundai,Sonata,22.4,34.7,2002
Mitsubishi,Starion,21,31,1985
Chevrolet,Spectrum,34.4444,44,1986
Hyundai,XG350,19.7,33.2499,2002
Infiniti,I35,21.7574,33.6665,2002
Infiniti,Q45,19.2811,31.4827,2002
Jaguar,S-Type,19.5918,32.5997,2002
Jaguar,S-Type,19.2075,31.0963,2002
Jaguar,Super V8,17.6924,27.6028,2002
Jaguar,Vanden Plas,19.0093,30.3497,2002
Kia,Optima,22,34.1,2002
Kia,Optima,23.3,36.3,2002
Kia,Optima,20.2,30.4,2002
Chevrolet,Spectrum,42,54,1986
Kia,Optima,20.6,32.7,2002
Lexus,ES 300,23,37.4,2002
Lexus,GS 300/GS 430,20.2266,32.6308,2002
Lexus,GS 300/GS 430,19.9249,29.8249,2002
Lexus,LS 430,20.3995,31.4446,2002
Lincoln,LS,18.6912,31.3499,2002
Lincoln,LS,18.3466,30.3987,2002
Lincoln,LS,20,32.6,2002
Lincoln,LS,20.1,32.4,2002
Lincoln,LS,18.5122,29.8994,2002
Chevrolet,Sprint Plus,45,55,1986
Mercury,Sable,22.2,35.4,2002
Mercury,Sable,22.1,35.1,2002
Mazda,626,24.1,35.4,2002
Mazda,626,29,41.2,2002
Mazda,626,22.2,33.5,2002
Mazda,626,23.3,34.4,2002
Mercedes-Benz,E320,22.5394,36.0989,2002
Mercedes-Benz,E320 4Matic,21.9499,34.1,2002
Mercedes-Benz,E430,19.3,31.4,2002
Mercedes-Benz,E430 4Matic,19.0597,29.6791,2002
Chevrolet,Sprint Plus,49,64,1986
Mercedes-Benz,E55 AMG,19.2,30.5,2002
Mitsubishi,Diamante,19.6,31.8,2002
Mitsubishi,Galant,22.5,34.7,2002
Mitsubishi,Galant,23.2378,35.8,2002
Mitsubishi,Galant,21.9,34.7,2002
Nissan,Altima,25.1499,37.5,2002
Nissan,Altima,25.9,37.8,2002
Nissan,Altima,21.0499,32.9,2002
Nissan,Altima,23.4,33.6,2002
Nissan,Maxima,21.7574,33.6665,2002
Chrysler,Laser/Daytona,26.6667,34,1986
Nissan,Maxima,23.4,35.9,2002
Oldsmobile,Aurora,20,34.2441,2002
Oldsmobile,Aurora,19.7,33.9,2002
Oldsmobile,Intrigue,22.6,38.4,2002
Pontiac,Grand Prix,19.8139,35.3276,2002
Pontiac,Grand Prix,22.3,36.6483,2002
Pontiac,Grand Prix,21.4,37.4,2002
Rolls-Royce,Silver Seraph,13.6,20.8,2002
Saab,3-Sep,23.1993,37.5651,2002
Saab,3-Sep,25.5622,41.6952,2002
Chrysler,Laser/Daytona,22,31,1986
Saab,9-3 Viggen,21.4347,35.7386,2002
Saab,5-Sep,22.146,37.9708,2002
Saab,5-Sep,21.8167,36.8624,2002
Saab,5-Sep,24.0108,39.56,2002
Saab,5-Sep,23.5672,39.6359,2002
Saab,5-Sep,20.4188,33.6758,2002
Saturn,L100/200,26.5,41.6841,2002
Saturn,L100/200,27.7,41.8,2002
Saturn,L300,22.8928,36.8749,2002
Toyota,Camry,26,40.8,2002
Chrysler,Laser/Daytona,28,45,1986
Toyota,Camry,26.8,42.4,2002
Toyota,Camry,22.4,35.8,2002
Volkswagen,Passat,24.4,39.7,2002
Volkswagen,Passat,23.8,38.9,2002
Volkswagen,Passat,21.9799,36.1,2002
Volkswagen,Passat,21.7,35.1,2002
Volvo,S80/S80 Executive,21.5001,32.3009,2002
Volvo,S80/S80 Executive,19.9991,31.6986,2002
Audi,A8 L,18.9995,31.6987,2002
BMW,745i,20,33.5,2002
Chrysler,Laser/Daytona,21,36,1986
BMW,745li,20,33.5,2002
Buick,LeSabre,21.6959,37.2,2002
Buick,Park Avenue,19.7,35.1,2002
Buick,Park Avenue,21.6959,37.2,2002
Cadillac,DeVille,19.5,34.5,2002
Cadillac,Limousine,15.9,27.8,2002
Chevrolet,Impala,20.4,35.8,2002
Chevrolet,Impala,23.7,41,2002
Chevrolet,Impala,21.4,37.4,2002
Chrysler,300 M,20,33.2,2002
Chrysler,Laser/Daytona,25,32,1986
Chrysler,Concorde,22.3,35.7,2002
Chrysler,Concorde,20.4,33.2,2002
Dodge,Intrepid,22.3,35.7,2002
Dodge,Intrepid,22.4,35,2002
Dodge,Intrepid,20.4,33.2,2002
Dodge,Intrepid,20,33.2,2002
Ford,Crown Victoria,19.2231,31.6141,2002
Ford,Taurus,22.2,35.4,2002
Ford,Taurus,22.1,35.1,2002
Lincoln,Continental,19.172,32.2277,2002
Chrysler,Laser/Daytona,26,41,1986
Mercury,Grand Marquis,19.2231,31.6141,2002
Lincoln,Town Car,18.8653,28.8748,2002
Mercedes-Benz,S430,18.8379,30.8246,2002
Mercedes-Benz,S500,17.904,29.3804,2002
Mercedes-Benz,S55 AMG,17.9,28.2,2002
Mercedes-Benz,S600,16.2974,28.5084,2002
Pontiac,Bonneville,19.7,35.1,2002
Pontiac,Bonneville,21.6959,37.2,2002
Rolls-Royce,Park Ward,13.6,20.8,2002
Toyota,Avalon,23.7499,37.3,2002
Mitsubishi,Starion,21,31,1985
Chrysler,LeBaron Convertible,26.6667,34,1986
Audi,A4 Avant quattro,21.3861,35.9735,2002
Audi,A4 Avant quattro,23.162,36.9,2002
Audi,A4 Avant quattro,19.1793,32.3696,2002
Audi,A4 Avant quattro,19.4774,31.9911,2002
Audi,S4 Avant,19.174,30.0436,2002
Audi,S4 Avant,19.0976,30.2734,2002
BMW,325i Sport Wagon,22.6379,37.6438,2002
BMW,325i Sport Wagon,21.3621,34.0235,2002
BMW,325xi Sport Wagon,21.1,33.7,2002
BMW,325xi Sport Wagon,20.8153,32.6951,2002
Chrysler,LeBaron Convertible,22,31,1986
BMW,525i Sport Wagon,20.8482,34.0168,2002
BMW,525i Sport Wagon,20.6709,32.831,2002
BMW,540i Sport Wagon,17.1107,26.8392,2002
Daewoo,Nubira Station Wagon,24.1983,39.6499,2002
Daewoo,Nubira Station Wagon,24.5475,39.7436,2002
Mercedes-Benz,C320 (Wagon),21.2393,32.0987,2002
Subaru,Impreza Wagon AWD,24.3205,34.6016,2002
Subaru,Impreza Wagon AWD,23.3009,34.4833,2002
Subaru,Impreza Wagon AWD,21.4218,33.6804,2002
Subaru,Impreza Wagon AWD,22.5052,34.722,2002
Chrysler,LeBaron Convertible,22,36,1986
Suzuki,Aerio SX,28.6,39.5,2002
Suzuki,Aerio SX,28.9,41.2,2002
Suzuki,Esteem Wagon,28.9,42.2,2002
Suzuki,Esteem Wagon,28.8,42.5,2002
Suzuki,Esteem Wagon,30.1,43.9,2002
Volkswagen,Jetta Wagon,26.5,40.0929,2002
Volkswagen,Jetta Wagon,24.2769,37.2943,2002
Volkswagen,Jetta Wagon,38.0415,57.1353,2002
Volkswagen,Jetta Wagon,46.7,64,2002
Volkswagen,Jetta Wagon,24.8059,36.9041,2002
Chrysler,LeBaron Convertible,25,32,1986
Volkswagen,Jetta Wagon,26.5396,39.9783,2002
Volkswagen,Jetta Wagon,20.7586,32.7862,2002
Volkswagen,Jetta Wagon,21.6201,36.1028,2002
Volvo,V40,23.9,37.9,2002
Audi,A6 Avant quattro,19.1793,32.3696,2002
Audi,S6 Avant,15.1204,26.3939,2002
Ford,Focus Station Wagon,28.8,40.7,2002
Ford,Focus Station Wagon,28.6839,40.7841,2002
Ford,Focus Station Wagon,31.5,45.8495,2002
Ford,Focus Station Wagon,28.2,43.5,2002
Nissan,Pulsar NX,30,38,1986
Ford,Taurus Wagon,21.8,33.9,2002
Ford,Taurus Wagon,21,33,2002
Lexus,RX 300,20.6,29.8,2002
Lexus,RX 300 4WD,20,28.7,2002
Mercury,Sable Wagon,21.8,33.9,2002
Mercury,Sable Wagon,21,33,2002
Mercedes-Benz,E320 (Wagon),21.6798,35.1799,2002
Mercedes-Benz,E320 4Matic (Wagon),21.5,33.6493,2002
Saab,9-5 Wagon,21.6966,36.1053,2002
Saab,9-5 Wagon,21.4726,35.4558,2002
Nissan,Pulsar NX,34.4444,49,1986
Saab,9-5 Wagon,23.9057,38.62,2002
Saab,9-5 Wagon,23.8121,38.4312,2002
Saab,9-5 Wagon,20.3709,33.175,2002
Saturn,LW200,26.5,41.7,2002
Saturn,LW200,26.9,41,2002
Saturn,LW300,22.8928,36.8749,2002
Subaru,Legacy Wagon AWD (incl. Outback),24.1574,34.3522,2002
Subaru,Legacy Wagon AWD (incl. Outback),23.3009,34.4833,2002
Subaru,Legacy Wagon AWD (incl. Outback),21.6679,33.4888,2002
Volkswagen,Passat Wagon,24.4,39.7,2002
Nissan,Sentra,30,38,1986
Volkswagen,Passat Wagon,23.8,38.9,2002
Volkswagen,Passat Wagon,21.9799,36.1,2002
Volkswagen,Passat Wagon,21.5,34.5,2002
Volkswagen,Passat Wagon 4motion,20.9799,33.4398,2002
Volvo,V70 FWD,22.8999,34.6999,2002
Volvo,V70 FWD,21.9,33.1,2002
Volvo,V70 FWD,23.3473,36.0169,2002
Volvo,V70 FWD,22.5996,35.1994,2002
Volvo,V70 FWD,23.7,35.4,2002
Volvo,V70 AWD,21.575,33.5105,2002
Nissan,Sentra,34.4444,49,1986
Chevrolet,S10 Pickup 2WD,17.5635,28.2033,2002
Chevrolet,S10 Pickup 2WD,18.9281,28.4282,2002
GMC,Sonoma 2WD,17.4406,28.0622,2002
GMC,Sonoma 2WD,18.9327,28.4328,2002
Chevrolet,Silverado 1500 2WD,18.3,26.5,2002
Chevrolet,Silverado 1500 2WD,16.1614,24,2002
Chevrolet,Silverado 1500 2WD,17.1,25.5,2002
Chevrolet,Silverado 1500 2WD,17.0669,25.0992,2002
Chevrolet,Silverado 1500 2WD,17.9,25.9,2002
Chevrolet,Silverado 1500 2WD,16.2,23.8334,2002
Nissan,Sentra,50,64.1026,1986
Dodge,Dakota Pickup 2WD,21.1997,30.4893,2002
Dodge,Dakota Pickup 2WD,20,24.1918,2002
Dodge,Dakota Pickup 2WD,17.211,26.9667,2002
Dodge,Dakota Pickup 2WD,16.2617,25.0313,2002
Dodge,Dakota Pickup 2WD,16.5075,25.7543,2002
Dodge,Dakota Pickup 2WD,13.9151,21.0226,2002
Dodge,Ram 1500 Pickup 2WD,16.59,24.5223,2002
Dodge,Ram 1500 Pickup 2WD,17.2197,25.9661,2002
Dodge,Ram 1500 Pickup 2WD,15.8,24.2,2002
Dodge,Ram 1500 Pickup 2WD,15.58,24.6499,2002
Nissan,200SX,24,34,1986
Dodge,Ram 1500 Pickup 2WD,13.0205,21.8413,2002
Ford,Explorer Sport Trac 2WD,17.3746,26.3427,2002
Ford,Explorer Sport Trac 2WD,18.4488,27.2,2002
Ford,F150 Pickup 2WD,18.5794,26.7431,2002
Ford,F150 Pickup 2WD,17.3064,25.8068,2002
Ford,F150 Pickup 2WD,13.3745,20.0715,2002
Ford,F150 Pickup 2WD,17.7,25.8,2002
Ford,F150 Pickup 2WD,16.6,24.4,2002
Ford,F150 Pickup 2WD,16.3166,24.5884,2002
Ford,Ranger Pickup 2WD,22.8,31.8,2002
Mitsubishi,Starion,20,30,1985
Nissan,200SX,24,36,1986
Ford,Ranger Pickup 2WD,26.284,35.2734,2002
Ford,Ranger Pickup 2WD,18.9,27.9,2002
Ford,Ranger Pickup 2WD,20.8,28.6499,2002
Ford,Ranger Pickup 2WD,18.4166,27.22,2002
Ford,Ranger Pickup 2WD,19.3,27.8,2002
GMC,Sierra 1500 2WD,18.3,26.5,2002
GMC,Sierra 1500 2WD,16.1613,24,2002
GMC,Sierra 1500 2WD,17.1,25.5,2002
GMC,Sierra 1500 2WD,17.0632,25.0766,2002
GMC,Sierra 1500 2WD,17.9,25.9,2002
Nissan,200SX,24,34,1986
GMC,Sierra 1500 2WD,16.2,23.8402,2002
Lincoln,Blackwood 2WD,13.4655,21.2589,2002
Mazda,B2300 2WD,22.8,31.8,2002
Mazda,B2300 2WD,26.284,35.2734,2002
Mazda,B3000 2WD,18.9,27.9,2002
Mazda,B3000 2WD,20.8,28.6499,2002
Mazda,B4000 2WD,18.4,27.2,2002
Mazda,B4000 2WD,19.3,27.8,2002
Nissan,Frontier 2WD,21.9,29.9,2002
Nissan,Frontier 2WD,24.6,32.6,2002
Nissan,300ZX 2x2,19,32,1986
Nissan,Frontier V6 2WD,17.8804,25.0907,2002
Nissan,Frontier V6 2WD,17.0754,23.6817,2002
Nissan,Frontier V6 2WD,18.251,23.906,2002
Nissan,Frontier V6 2WD,16.6616,23.6449,2002
Toyota,Tacoma 2WD,23.9892,31.6662,2002
Toyota,Tacoma 2WD,24.5239,34.9489,2002
Toyota,Tacoma 2WD,20.9612,27.6451,2002
Toyota,Tacoma 2WD,18.8,24.6,2002
Toyota,Tacoma 2WD,20.5,28.6499,2002
Toyota,Tundra 2WD,18.0541,24.7459,2002
Nissan,300ZX 2x2,20,33,1986
Toyota,Tundra 2WD,18.189,24.6215,2002
Toyota,Tundra 2WD,16.3723,23.1428,2002
Chevrolet,Silverado 1500 4WD,15.2,21.9,2002
Chevrolet,Silverado 1500 4WD,16.4,23.6,2002
Chevrolet,Silverado 1500 4WD,15.444,22.5543,2002
Chevrolet,Silverado 1500 4WD,15.9,22.6,2002
Chevrolet,Silverado 1500 4WD,15.1,21.6,2002
Chevrolet,Silverado 1500 4WD,15.5,21.9,2002
Chevrolet,S10 Pickup 4WD,16.8,25.5,2002
Chevrolet,S10 Pickup 4WD,15.3,21.7,2002
Dodge,Charger,34,50,1986
Dodge,Dakota Pickup 4WD,15.9385,22.4165,2002
Dodge,Dakota Pickup 4WD,17.0968,24.5982,2002
Dodge,Dakota Pickup 4WD,14.5801,22.638,2002
Dodge,Dakota Pickup 4WD,15.7255,23.2071,2002
Dodge,Dakota Pickup 4WD,13.3,20.3,2002
Dodge,Ram 1500 Pickup 4WD,14.0547,21.5072,2002
Dodge,Ram 1500 Pickup 4WD,15.0917,22.274,2002
Dodge,Ram 1500 Pickup 4WD,12.5643,19.834,2002
Ford,Explorer Sport Trac 4WD,16.5,25.4,2002
Ford,Explorer Sport Trac 4WD,17.7465,25.2996,2002
Dodge,Charger,31,42.3077,1986
Ford,F150 Pickup 4WD,15.79,22.8916,2002
Ford,F150 Pickup 4WD,17.1,24.4,2002
Ford,F150 Pickup 4WD,17.2487,24.2474,2002
Ford,F150 Pickup 4WD,15.3,23.3,2002
Ford,F150 Pickup 4WD,15.1449,22.3831,2002
Ford,Ranger Pickup 4WD,16.1486,23.7,2002
Ford,Ranger Pickup 4WD,17.6,24.1,2002
Ford,Ranger Pickup 4WD,19.8,27,2002
Ford,Ranger Pickup 4WD,17.3,24.3,2002
GMC,Sierra 1500 4WD,15.2,21.9,2002
Dodge,Charger,27,38,1986
GMC,Sierra 1500 4WD,16.4,23.6,2002
GMC,Sierra 1500 4WD,15.3696,22.1065,2002
GMC,Sierra 1500 4WD,15.9798,22.1178,2002
GMC,Sierra 1500 4WD,15.1,21.6,2002
GMC,Sierra 1500 4WD,15.5,21.9,2002
GMC,Sierra Denali 1500 AWD,13.8,19.4,2002
GMC,Sonoma 4WD,16.8,25.5,2002
GMC,Sonoma 4WD,15.3,21.7,2002
Mazda,B3000 4WD,17.6,24.1,2002
Mazda,B3000 4WD,19.8,27,2002
Dodge,Charger,29,46,1986
Mazda,B4000 4WD,16.1486,23.7,2002
Mazda,B4000 4WD,17.3,24.3,2002
Nissan,Frontier V6 4WD,17.2133,24.4866,2002
Nissan,Frontier V6 4WD,16.7234,23.1441,2002
Nissan,Frontier V6 4WD,18.2544,23.5626,2002
Nissan,Frontier V6 4WD,16.5794,23.5004,2002
Toyota,Tacoma 4WD,20.3158,26.8,2002
Toyota,Tacoma 4WD,19.9,27.3,2002
Toyota,Tacoma 4WD,18.4,24,2002
Toyota,Tacoma 4WD,18.6,24.7,2002
Dodge,Charger,24.4444,38,1986
Toyota,Tundra 4WD,16.7,22.5,2002
Toyota,Tundra 4WD,17.2,22.5,2002
Toyota,Tundra 4WD,15.6814,21.8815,2002
Chevrolet,Astro 2WD (cargo),18.9,28.4,2002
Chevrolet,Astro AWD (cargo),16.8,25.5,2002
Chevrolet,Van 1500/2500 2WD,16.4,23.3,2002
Chevrolet,Van 1500/2500 2WD,16.296,23.9947,2002
Chevrolet,Van 1500/2500 2WD,15.2955,21.9967,2002
Dodge,Ram Van 1500 2WD,16.0492,20.9481,2002
Dodge,Ram Van 1500 2WD,13.5,22,2002
Dodge,Charger,22,35,1986
Dodge,Ram Van 2500 2WD,15.7,20.5,2002
Dodge,Ram Van 2500 2WD,13.5,22,2002
Ford,E150 Econoline 2WD,17.1,25.6,2002
Ford,E150 Econoline 2WD,15.8,23.4,2002
Ford,E150 Econoline 2WD,16.3,24.6,2002
Ford,E250 Econoline 2WD,15.8,23.4,2002
Ford,E250 Econoline 2WD,14.2,23,2002
GMC,Savana 1500/2500 2WD (cargo),16.4,23.3,2002
GMC,Savana 1500/2500 2WD (cargo),16.2965,23.9954,2002
GMC,Savana 1500/2500 2WD (cargo),15.2945,21.9959,2002
Honda,Civic CRX HF,54.4444,69,1985
Mitsubishi,Starion,20,30,1985
Dodge,Colt,32,41,1986
GMC,Safari 2WD (cargo),18.9,28.4,2002
GMC,Safari AWD (cargo),16.8,25.5,2002
Chevrolet,Astro 2WD (passenger),17.1,25.5,2002
Chevrolet,Astro AWD (passenger),16.4,23.6,2002
Chevrolet,Express 1500/2500 2WD,15.8,22.6,2002
Chevrolet,Express 1500/2500 2WD,16,23.6,2002
Chevrolet,Express 1500/2500 2WD,14.9,21.7,2002
Dodge,Ram Wagon 1500 2WD,15.7,20.5,2002
Dodge,Ram Wagon 2500 2WD,12.9,21.8,2002
Ford,E150 Club Wagon,15.8,23.4,2002
Dodge,Colt,40,53,1986
Ford,E150 Club Wagon,15,22.8,2002
Ford,E150 Club Wagon,14.5,21.8,2002
GMC,Savana 1500/2500 2WD (Passenger),15.8,22.6,2002
GMC,Savana 1500/2500 2WD (Passenger),16,23.6,2002
GMC,Savana 1500/2500 2WD (Passenger),14.9,21.7,2002
GMC,Safari 2WD (Passenger),17.1,25.5,2002
GMC,Safari AWD (Passenger),16.4,23.6,2002
Volkswagen,Eurovan Camper,17.0947,25.4,2002
Chevrolet,Venture FWD,21.3,33.2,2002
Chrysler,Town and Country/Voyager/Grand Voy. 2WD,21.5,31.3,2002
Dodge,Colt,36.6667,50,1986
Chrysler,Town and Country/Voyager/Grand Voy. 2WD,21.6,34,2002
Chrysler,Town and Country/Voyager/Grand Voy. 2WD,19.5,30.2,2002
Dodge,Caravan/Grand Caravan 2WD,21.5,31.3,2002
Dodge,Caravan/Grand Caravan 2WD,21.6,34,2002
Dodge,Caravan/Grand Caravan 2WD,19.5,30.2,2002
Dodge,Caravan/Grand Caravan 2WD,19.2,30.1,2002
Ford,Windstar FWD Cargo Van,19.3,29.3,2002
Ford,Windstar FWD Wagon,19.3,29.3,2002
Honda,Odyssey,19.8472,32.2346,2002
Kia,Sedona,16.9976,25.5,2002
Dodge,Colt,26.6667,33.3333,1986
Mazda,MPV,19.6622,31.2595,2002
Mercury,Villager FWD Wagon,18.3517,28.9308,2002
Nissan,Quest,18.7906,29.8248,2002
Oldsmobile,Silhouette 2WD,21.3,33.2,2002
Pontiac,Montana FWD,21.3,33.2,2002
Toyota,Sienna 2WD,21.1,31.3521,2002
Volkswagen,Eurovan,18.411,25.4356,2002
Chevrolet,Venture AWD,19.8,30.7,2002
Chrysler,Town and Country/Voyager/Grand Voy. AWD,18.687,28.7878,2002
Dodge,Caravan/Grand Caravan AWD,19.2,29.3,2002
Dodge,Colt,27,39.7436,1986
Dodge,Caravan/Grand Caravan AWD,18.8,29.2,2002
Oldsmobile,Silhouette AWD,19.8,30.7,2002
Pontiac,Montana AWD,19.8,30.7,2002
Buick,Rendezvous FWD,21.3,33.2,2002
Cadillac,Escalade 2WD,15.8,23.2,2002
Chevrolet,Blazer 2WD,17.3,27.9,2002
Chevrolet,Blazer 2WD,18.9,28.4,2002
Chevrolet,Avalanche 1500 2WD,15.6,23.2,2002
Chevrolet,Suburban 1500 2WD,15.8,23.2,2002
Chevrolet,Tahoe 1500 2WD,16.3,24.7,2002
Dodge,Conquest,21,31,1986
Chevrolet,Tahoe 1500 2WD,15.8,23.2,2002
Chevrolet,Tracker 2WD Convertible,25.7,33.2,2002
Chevrolet,Tracker 2WD Convertible,25.4,33.5,2002
Chevrolet,Tracker 2WD Hardtop,25.4,33.5,2002
Chevrolet,Tracker 2WD Hardtop,25.4,33.5,2002
Chevrolet,Tracker LT 2WD,20.8,26.6,2002
Chevrolet,TrailBlazer 2WD,17.4,27.6,2002
Chevrolet,TrailBlazer Ext 2WD,16.8,26.1,2002
Chrysler,PT Cruiser,21.6242,32.472,2002
Chrysler,PT Cruiser,23.5983,37.5467,2002
Dodge,Conquest,20,30.7692,1986
Dodge,Durango 2WD,16.2,25,2002
Dodge,Durango 2WD,15.6,24.1,2002
Dodge,Durango 2WD,13.5,22,2002
Ford,Escape 2WD,25.6,35,2002
Ford,Escape 2WD,20.7,31.3,2002
Ford,Expedition 2WD,17.1,25.6,2002
Ford,Expedition 2WD,14.2,23,2002
Ford,Explorer 2WD,17.3778,26.3499,2002
Ford,Explorer 2WD,18.4488,27.2,2002
Ford,Explorer 2WD,15.9,24.7,2002
Dodge,Daytona,26.6667,34,1986
Ford,Explorer Sport 2WD,18.4,27.2,2002
Ford,Explorer Sport 2WD,19.3,27.8,2002
GMC,Yukon 1500 2WD,16.3,24.7,2002
GMC,Yukon 1500 2WD,15.8,23.2,2002
GMC,Yukon XL 1500 2WD,15.8,23.2,2002
GMC,Envoy 2WD,17.4,27.6,2002
GMC,Envoy XL 2WD,16.8,26.1,2002
GMC,Jimmy 2WD,17.3,27.9,2002
GMC,Jimmy 2WD,18.9,28.4,2002
Honda,CR-V 2WD,25.9,36.3,2002
Dodge,Daytona,22,31,1986
Honda,Passport 2WD,18.7581,27.0417,2002
Honda,Passport 2WD,19.0871,25.8418,2002
Hyundai,Santa Fe 2WD,21.6,33.1,2002
Hyundai,Santa Fe 2WD,22.4,34.3,2002
Hyundai,Santa Fe 2WD,20.9,32.3,2002
Infiniti,QX4 2WD,17.1,24.6,2002
Isuzu,Axiom 2WD,17.9416,25.8416,2002
Isuzu,Rodeo 2WD,18.7582,27.0416,2002
Isuzu,Rodeo 2WD,19.088,25.8417,2002
Isuzu,Rodeo 2WD,19.3,28,2002
Dodge,Daytona,28,45,1986
Isuzu,Rodeo 2WD,21,29,2002
Isuzu,Rodeo Sport 2WD,18.5029,26.5756,2002
Isuzu,Rodeo Sport 2WD,18.9,28.1,2002
Isuzu,Rodeo Sport 2WD,20.9,29.1,2002
Isuzu,Trooper 2WD,17,24.4,2002
Jeep,Grand Cherokee 2WD,17.1,26.5,2002
Jeep,Grand Cherokee 2WD,15.6685,24.4361,2002
Jeep,Liberty 2WD,18.2,25.8,2002
Jeep,Liberty 2WD,18,27.8,2002
Kia,Sportage 2WD,20.1469,27.3,2002
Mitsubishi,Starion,21,31,1985
Dodge,Daytona,21,36,1986
Kia,Sportage 2WD,21.5926,28.9779,2002
Lincoln,Navigator 2WD,13.4655,21.2589,2002
Mazda,Tribute 2WD,25.6,35,2002
Mazda,Tribute 2WD,20.7,31.3,2002
Mercury,Mountaineer 2WD,17.3778,26.3499,2002
Mercury,Mountaineer 2WD,15.9,24.7,2002
Mitsubishi,Montero Sport 2WD,19.8,28.6265,2002
Mitsubishi,Montero Sport 2WD,18.8756,27.3427,2002
Mitsubishi,Nativa 2WD (Puerto Rico Only),20.4,29.4,2002
Mitsubishi,Nativa 2WD (Puerto Rico Only),23.7,30.4,2002
Dodge,Daytona,25,32,1986
Mitsubishi,Nativa 2WD (Puerto Rico Only),19.8,28.6265,2002
Nissan,Pathfinder 2WD,17.5,24.4,2002
Nissan,Pathfinder 2WD,17.6647,24.9623,2002
Nissan,Pathfinder 2WD,18.9,24.9,2002
Nissan,Xterra 2WD,20.7995,30.5,2002
Nissan,Xterra V6 2WD,18.2,25.6,2002
Nissan,Xterra V6 2WD,17.2,24.5,2002
Nissan,Xterra V6 2WD,18.251,23.906,2002
Nissan,Xterra V6 2WD,17,24.6,2002
Oldsmobile,Bravada 2WD,17.4,27.6,2002
Dodge,Daytona,26,41,1986
Pontiac,Aztek FWD,21.3,33.2,2002
Saturn,Vue FWD,24,35.6,2002
Saturn,Vue FWD,25.5,35.8,2002
Suzuki,Grand Vitara,21,26.7,2002
Suzuki,Grand Vitara,21.3,28.3,2002
Suzuki,Grand Vitara XL7,19.1,25.45,2002
Suzuki,Grand Vitara XL7,19.6,26,2002
Suzuki,Vitara 2Door,24.9,32,2002
Suzuki,Vitara 2Door,25.4,33.5,2002
Suzuki,Vitara 4Door,24.6,32.2,2002
Dodge,600 Convertible,26.6667,34,1986
Suzuki,Vitara 4Door,24.6,32.0513,2002
Toyota,4Runner 2WD,18.8,24.6,2002
Toyota,Highlander 2WD,24.4,34.8,2002
Toyota,Highlander 2WD,20.6,29.8,2002
Toyota,RAV4 2WD,26.3,37,2002
Toyota,RAV4 2WD,27.6,39.4,2002
Toyota,Sequoia 2WD,15.8,23.1,2002
Acura,MDX,19.0392,29.3799,2002
Audi,Allroad,16.9853,26.3476,2002
Audi,Allroad,17.6,26.7,2002
Dodge,600 Convertible,22,31,1986
BMW,X5,17.0381,26.5492,2002
BMW,X5,16.9,26.6,2002
BMW,X5,14.8329,22.2552,2002
BMW,X5 4.6is,13.6975,21.5773,2002
Buick,Rendezvous AWD,19.8,30.7,2002
Cadillac,Escalade AWD,12.8,19.1,2002
Cadillac,Escalade Ext AWD,12.8,19.1,2002
Chevrolet,Blazer 4WD,16.8,25.5,2002
Chevrolet,Blazer 4WD,15.3,21.7,2002
Chevrolet,Avalanche 1500 4WD,14.6149,21.159,2002
Dodge,600 Convertible,22,36,1986
Chevrolet,Suburban 1500 4WD,14.6149,21.159,2002
Chevrolet,Tahoe 1500 4WD,15.7515,21.7947,2002
Chevrolet,Tahoe 1500 4WD,15.4063,21.8233,2002
Chevrolet,Tracker 4WD Convertible,24.9,32,2002
Chevrolet,Tracker 4WD Convertible,25.2,32.1,2002
Chevrolet,Tracker 4WD Hardtop,24.6,32.2,2002
Chevrolet,Tracker 4WD Hardtop,24.6,32.4,2002
Chevrolet,Tracker LT 4WD,20,26.1,2002
Chevrolet,Tracker ZR2 4WD,20.1,26.2,2002
Chevrolet,Tracker ZR2 4WD Convertible,24.3,32.1,2002
Dodge,600 Convertible,25,32,1986
Chevrolet,Tracker ZR2 4WD Convertible,25.4,32.4,2002
Chevrolet,TrailBlazer 4WD,17.2,27.1,2002
Chevrolet,TrailBlazer Ext 4WD,16.8,25.641,2002
Dodge,Durango 4WD,14.5,22.7,2002
Dodge,Durango 4WD,14.9,22.3,2002
Dodge,Durango 4WD,13.3,20.3,2002
Ford,Escape 4WD,24.2,31.8,2002
Ford,Escape 4WD,20.1,29.9,2002
Ford,Expedition 4WD,15.1,22.2,2002
Ford,Expedition 4WD,13.4,21,2002
Ford,Laser,27.7778,39,1986
Ford,Explorer 4WD,16.5,25.4,2002
Ford,Explorer 4WD,17.7465,25.2996,2002
Ford,Explorer 4WD,15.5687,23.9888,2002
Ford,Explorer Sport 4WD,16.5,25.4,2002
Ford,Explorer Sport 4WD,17.3,24.3,2002
GMC,Envoy 4WD,16.8,26.6,2002
GMC,Envoy XL 4WD,16.8,25.641,2002
GMC,Jimmy 4WD,16.8,25.5,2002
GMC,Jimmy 4WD,15.3,21.7,2002
GMC,Yukon 1500 4WD,15.7517,21.7949,2002
Ford,Laser,28.8889,38,1986
GMC,Yukon 1500 4WD,14.7499,21.2744,2002
GMC,Yukon Denali 1500 AWD,12.8,19.1,2002
GMC,Yukon Denali XL 1500 AWD,12.8,19.1,2002
GMC,Yukon XL 1500 4WD,14.6149,21.159,2002
Honda,CR-V 4WD,24.5748,33.5634,2002
Honda,CR-V 4WD,23.8,32,2002
Honda,Passport 4WD,18.116,26.2,2002
Honda,Passport 4WD,19.0937,25.8405,2002
Hyundai,Santa Fe 4WD,19.6,29.7,2002
Infiniti,QX4 4WD,16.5757,23.43,2002
Ford,Mustang,23,32,1986
Isuzu,Axiom 4WD,17.4,25.1,2002
Isuzu,Rodeo 4WD,18.1162,26.2,2002
Isuzu,Rodeo 4WD,19.0897,25.8413,2002
Isuzu,Rodeo Sport 4WD,18.1583,26.1165,2002
Isuzu,Rodeo Sport 4WD,19.0434,25.8,2002
Isuzu,Trooper 4WD,16.8,24.2,2002
Isuzu,Trooper 4WD,17.3,23.9,2002
Jeep,Grand Cherokee 4WD,16.4226,25.434,2002
Jeep,Grand Cherokee 4WD,15.1,23.8,2002
Jeep,Liberty 4WD,17.7,25.1,2002
Mitsubishi,Starion,21,31,1985
Ford,Mustang,26,35.8974,1986
Jeep,Liberty 4WD,17.8994,28.2,2002
Jeep,Wrangler 4WD,17.9,23.7,2002
Jeep,Wrangler 4WD,20,26.2,2002
Jeep,Wrangler 4WD,16.6,22.1,2002
Jeep,Wrangler 4WD,16.7,23.3,2002
Kia,Sportage 4WD,20.244,27.4735,2002
Kia,Sportage 4WD,21.6406,28.3986,2002
Land Rover,Freelander,18.8475,26.3716,2002
Land Rover,Discovery Series II,14.6908,21.6323,2002
Land Rover,Range Rover,13.2801,19.2393,2002
Ford,Mustang,22,33,1986
Lexus,LX 470,14.3122,20.1872,2002
Lincoln,Navigator 4WD,12.8,20.2,2002
Mazda,Tribute 4WD,24.2,31.8,2002
Mazda,Tribute 4WD,20.1,29.9,2002
Mercedes-Benz,G500,13.8,18.4,2002
Mercedes-Benz,ML320,17.206,23.8128,2002
Mercedes-Benz,ML500,15.5994,21.6959,2002
Mercedes-Benz,ML55 AMG,15.1,22.4,2002
Mercury,Mountaineer 4WD,16.2189,24.8751,2002
Mercury,Mountaineer 4WD,15.3176,23.1318,2002
Ford,Mustang,21,29,1986
Mitsubishi,Montero,17.2,23.877,2002
Mitsubishi,Montero,15.7232,23.9983,2002
Mitsubishi,Montero Sport 4WD,18.9574,25.6986,2002
Mitsubishi,Montero Sport 4WD,17.4863,23.1579,2002
Mitsubishi,Nativa 4WD (Puerto Rico Only),18.9574,25.6986,2002
Nissan,Pathfinder 4WD,16.5757,23.43,2002
Nissan,Pathfinder 4WD,18.1,23.3,2002
Nissan,Xterra V6 4WD,17.2,24.5,2002
Nissan,Xterra V6 4WD,16.7234,23.1441,2002
Nissan,Xterra V6 4WD,18.3,23.7,2002
Ford,Mustang,19,33,1986
Nissan,Xterra V6 4WD,16.5794,23.5004,2002
Oldsmobile,Bravada AWD,16.8,26.6,2002
Pontiac,Aztek AWD,19.8,30.7,2002
Saturn,Vue AWD,23.2,33.1,2002
Saturn,Vue AWD,20.8,32,2002
Subaru,Forester AWD,24.3205,34.6016,2002
Subaru,Forester AWD,23.3009,34.4833,2002
Suzuki,Grand Vitara 4WD,20.2,26.2,2002
Suzuki,Grand Vitara 4WD,20.9,27.4,2002
Suzuki,Grand Vitara XL7 4WD,18.8,25.15,2002
Ford,Mustang,19,32,1986
Suzuki,Grand Vitara XL7 4WD,19.3,26.1,2002
Suzuki,Vitara 2Door 4WD,24.6,32.2,2002
Suzuki,Vitara 2Door 4WD,24.6,32.4,2002
Suzuki,Vitara 4Door 4WD,24.6,32.2,2002
Suzuki,Vitara 4Door 4WD,24.6,32.4,2002
Toyota,4Runner 4WD,18.1729,24.2861,2002
Toyota,Highlander 4WD,21.5,30.3,2002
Toyota,Highlander 4WD,20,28.7,2002
Toyota,Land Cruiser Wagon 4WD,14.3122,20.1872,2002
Toyota,RAV4 4WD,25.2721,34.9464,2002
Honda,Accord,26.6667,38,1986
Toyota,RAV4 4WD,24.9,34.6,2002
Toyota,Sequoia 4WD,15.4,22,2002
Volvo,V70 XC AWD,21.6,32.6493,2002
Chevrolet,Cavalier Dual-fuel,25.3435,38.5772,2002
Ford,Crown Victoria CNG,16.7,28.3,2002
Ford,F150 CNG,13.3,20.1,2002
Dodge,Ram Van 2500 2WD CNG,0,0,2002
Dodge,Ram Wagon 2500 2WD CNG,0,0,2002
Chevrolet,S10 Pickup 2WD FFV,20.7,32.6,2002
Chevrolet,S10 Pickup 2WD FFV,24.4,35.5,2002
Honda,Accord,30,42.3077,1986
GMC,Sonoma 2WD (FFV),20.7,32.6,2002
GMC,Sonoma 2WD (FFV),24.4,35.5,2002
Isuzu,Hombre Pickup 2WD (FFV),20.7,32.6,2002
Isuzu,Hombre Pickup 2WD (FFV),24.4,35.5,2002
Ford,F150 Dual-fuel 2WD (CNG),0,0,2002
Ford,F150 Dual-fuel 4WD (CNG),0,0,2002
Ford,F150 Dual-fuel 2WD (LPG),0,0,2002
Ford,F150 Dual-fuel 4WD (LPG),0,0,2002
Honda,Civic CNG,33.2,43.9,2002
Chrysler,Town and Country/Voyager/Grand Voy. 2WD,19.6486,30.6508,2002
Honda,Accord,26,37,1986
Dodge,Caravan/Grand Caravan 2WD,19.6343,30.6649,2002
Chrysler,Town and Country/Voyager/Grand Voy. 2WD,19.6486,30.6508,2002
Chevrolet,Suburban 1500 2WD,15.6,23.4,2002
Chevrolet,Tahoe 1500 2WD,15.6,23.4,2002
GMC,Yukon 1500 2WD,15.6,23.4,2002
GMC,Yukon XL 1500 2WD,15.6,23.4,2002
Chevrolet,Suburban 1500 4WD,14.9,21.9,2002
Chevrolet,Tahoe 1500 4WD,15.0485,21.9,2002
GMC,Yukon 1500 4WD,15.0485,21.9,2002
GMC,Yukon XL 1500 4WD,14.9,21.9,2002
Honda,Accord,28,39,1986
Ford,Explorer 4WD FFV,16.9,26.1499,2002
Mercury,Mountaineer 4WD FFV,16.4088,24.2544,2002
Mercury,Sable,22.3,35.5,2002
Ford,Taurus,22.3,35.5,2002
Ford,Taurus Wagon,20.9,33.2,2002
Mercury,Sable Wagon,20.9,33.2,2002
Ford,Explorer 2WD FFV,16.7769,26.442,2002
Ford,Ranger 2WD FFV,18.8,27.2,2002
Mazda,B3000 FFV 2WD,18.8,27.2,2002
Mercury,Mountaineer 2WD FFV,16.7769,26.442,2002
Honda,Civic,41,55,1986
Toyota,RAV4 EV,124.8148,99.1176,2002
Ford,Explorer USPS Electric,62.4074,46.8056,2002
Acura,NSX,19.1342,30.2,2003
Acura,NSX,18.7,30.4,2003
BMW Alpina,Roadster V8,15.8809,26.8477,2003
Audi,TT Roadster,22,36.2,2003
Audi,TT Roadster quattro,22.2125,36.5387,2003
BMW,Z4 Roadster,22.9,35.9,2003
BMW,Z4 Roadster,22.4,35.7,2003
BMW,Z4 Roadster,22.0901,35.3914,2003
Mitsubishi,Tredia,26,38,1985
Honda,Civic,31,41,1986
BMW,Z4 Roadster,22.9,37.5,2003
BMW,Z8,14.9485,26.5,2003
Chevrolet,Corvette,19.7,32.5,2003
Chevrolet,Corvette,21.3,35.9,2003
Dodge,Viper Convertible,13.5,27.2,2003
Ferrari,Enzo Ferrari,8.4473,15.8,2003
Ferrari,360 Modena/Spider,11.9,20.2,2003
Ferrari,360 Modena/Spider,11.6498,20.4981,2003
Ferrari,575 M Maranello,10.6,20.3,2003
Ferrari,575 M Maranello,11.2498,21.4,2003
Honda,Civic,33.3333,44.8718,1986
Ford,Thunderbird,19.5,30.5,2003
Ford,Thunderbird,19.9469,31.7691,2003
Honda,Insight,62.8,71.4,2003
Honda,Insight,67.3785,87.2197,2003
Honda,S2000,22.6,33.8,2003
Lamborghini,L-147 Murcielago,10.1208,16.2936,2003
Lamborghini,L-147 Murcielago,10.1208,16.2936,2003
Lotus,Esprit V8,16.6889,28.8363,2003
Maserati,Spider Cambiocorsa/Spider GT,12.8,21.3,2003
Maserati,Spider Cambiocorsa/Spider GT,12.7263,21.5958,2003
Honda,Civic,33,42.3077,1986
Mazda,MX-5 Miata,24.5996,35.5,2003
Mazda,MX-5 Miata,25.8,36.4,2003
Mazda,MX-5 Miata,25.2,35.8,2003
Mercedes-Benz,SL500,17.0496,27.8695,2003
Mercedes-Benz,SL55 AMG,15.0974,25.2964,2003
Mercedes-Benz,SLK230 Kompressor,24.2691,35.6547,2003
Mercedes-Benz,SLK230 Kompressor,21.4149,35.4663,2003
Mercedes-Benz,SLK32 AMG,19.2,28.5,2003
Mercedes-Benz,SLK320,22.3499,33.3481,2003
Mercedes-Benz,SLK320,19.1195,32.7753,2003
Acura,Integra,27.7778,39.7436,1986
Morgan,Plus Eight,18.0409,30.16,2003
Nissan,350z,22,33.6,2003
Nissan,350z,20.7,32.9,2003
Porsche,Boxster,22.3,37.3494,2003
Porsche,Boxster,19.6707,33.3481,2003
Porsche,Boxster S,20.4,33.8,2003
Porsche,Boxster S,19.1479,33.6973,2003
Porsche,Turbo GT2,16.9,27.9,2003
Toyota,MR2,29.1,41.3,2003
Toyota,MR2,28.1,42.2,2003
Acura,Integra,29,39,1986
Aston Martin,Vanquish,13.55,24.7,2003
Aston Martin,DB-7 GT Coupe,11.4798,20.9931,2003
Aston Martin,DB-7 GT Volante,11.3842,21.7169,2003
Aston Martin,DB-7 Vantage Coupe,12.9453,24.5968,2003
Aston Martin,DB-7 Vantage Coupe,12.2802,23.4153,2003
Aston Martin,DB-7 Vantage Volante,12.5042,23.0769,2003
Aston Martin,DB-7 Vantage Volante,12.0754,22.7951,2003
Audi,TT Coupe,23,37.5,2003
Audi,TT Coupe quattro,22.2125,36.5387,2003
BMW,325ci Convertible,21.5,33.3,2003
Honda,Prelude,26,38,1986
BMW,325ci Convertible,20.8503,34.0228,2003
BMW,330ci Convertible,20.8,34.5,2003
BMW,330ci Convertible,21.9,35.8,2003
BMW,M3 Convertible,17.5,29.5431,2003
BMW,M3 Convertible,17.7191,28.1243,2003
Jaguar,XK8 Convertible,19.598,33.0439,2003
Jaguar,XKR Convertible,17.5722,29.1733,2003
Lexus,SC 300/SC 430,19.4718,29.9479,2003
Mitsubishi,Eclipse Spyder,25.5229,39.2073,2003
Mitsubishi,Eclipse Spyder,25.6,38.9,2003
Honda,Prelude,27,41.0256,1986
Mitsubishi,Eclipse Spyder,22.6224,33.8775,2003
Mitsubishi,Eclipse Spyder,22.4472,33.7499,2003
Mitsubishi,Eclipse Spyder,22.8963,36.6055,2003
Mitsubishi,Eclipse Spyder,22.2915,34.9278,2003
Porsche,Carrera 2 Cabriolet,20.135,32.9952,2003
Porsche,Carrera 2 Cabriolet,19.9,33.8,2003
Porsche,Carrera 2 Cabriolet Kit,20.135,32.9952,2003
Porsche,Carrera 2 Cabriolet Kit,19.9,33.8,2003
Porsche,Carrera 2 Coupe,20.1683,32.7973,2003
Porsche,Carrera 2 Coupe,19.6,33.4,2003
Honda,Prelude,26,37,1986
Porsche,Carrera 2 Coupe Kit,20.1683,32.7973,2003
Porsche,Carrera 2 Coupe Kit,19.6,33.4,2003
Porsche,Carrera 4 Cabriolet,18.9277,29.9987,2003
Porsche,Carrera 4 Cabriolet,18.7,30.3,2003
Porsche,Carrera 4 Cabriolet Kit,18.9277,29.9987,2003
Porsche,Carrera 4 Cabriolet Kit,18.7,30.3,2003
Porsche,Carrera 4 S,18.8276,29.1492,2003
Porsche,Carrera 4 S,18.9,30.3,2003
Porsche,Carrera 4 S Kit,18.8276,29.1492,2003
Porsche,Carrera 4 S Kit,18.9,30.3,2003
Honda,Prelude,28,39,1986
Porsche,Targa,20.135,32.9952,2003
Porsche,Targa,19.9,33.8,2003
Porsche,Targa Kit,20.135,32.9952,2003
Porsche,Targa Kit,19.9,33.8,2003
Porsche,Turbo,16.3976,28.5492,2003
Porsche,Turbo,16.9,27.9,2003
Porsche,Turbo Kit,16.3976,28.5492,2003
Porsche,Turbo Kit,16.9,27.9,2003
Volkswagen,New Beetle Convertible,26.3368,39.0489,2003
Volkswagen,New Beetle Convertible,24.1,37,2003
Hyundai,Pony Excel,30,36,1986
Acura,RSX,30.2,42.8,2003
Acura,RSX,27,39.9,2003
Acura,RSX,27.1632,42.2809,2003
Audi,A4 Cabriolet,25.5,38.6,2003
Audi,A4 Cabriolet,22.758,34.2738,2003
Bentley,Azure,12.6,20.4,2003
Bentley,Continental T,12.3,20,2003
BMW,325ci,22.1909,35.8408,2003
BMW,325ci,22.5982,37.6426,2003
BMW,330ci,22.0901,35.3914,2003
Mitsubishi,Tredia,26,38,1985
Hyundai,Pony Excel,31,39.7436,1986
BMW,330ci,23.1,38.1,2003
BMW,M3,18,30.9,2003
BMW,M3,18.3217,29.6138,2003
Ferrari,456 MGT/MGA,10.6991,19.1,2003
Ferrari,456 MGT/MGA,10.9,20.6,2003
Ford,Escort ZX2,29,39.7,2003
Ford,Escort ZX2,28.7,42,2003
Ford,Mustang,21.2828,34.7716,2003
Ford,Mustang,21.8,37.5,2003
Ford,Mustang,20.1853,30.6,2003
Hyundai,Pony Excel,32,44,1986
Ford,Mustang,19.4,29.4,2003
Ford,Mustang,19.7,32.7,2003
Ford,Mustang,18.9,31.9,2003
Ford,Mustang,18.2,28.6,2003
Hyundai,Tiburon,25.726,38.3265,2003
Hyundai,Tiburon,25.5136,39.6641,2003
Hyundai,Tiburon,24.1199,37.1596,2003
Hyundai,Tiburon,21.7,33.4,2003
Hyundai,Tiburon,21.4,33.7,2003
Hyundai,Tiburon,20.3,33.9,2003
Isuzu,I-Mark,34.4444,44,1986
Jaguar,XK8,19.598,33.0439,2003
Jaguar,XKR,17.5722,29.1723,2003
Maserati,Coupe Cambiocorsa/Coupe GT,12.8,21.3,2003
Maserati,Coupe Cambiocorsa/Coupe GT,12.7263,21.5958,2003
Mercedes-Benz,CLK320,21.4,34.1,2003
Mercedes-Benz,CLK320 (Cabriolet),21.8641,34.2519,2003
Mercedes-Benz,CLK430 (Cabriolet),19.5995,30.5997,2003
Mercedes-Benz,CLK500,18,29.4,2003
Mercedes-Benz,CLK55 AMG,17.1297,28.1492,2003
Mitsubishi,Eclipse,23.2767,35.2637,2003
Isuzu,I-Mark,42,54,1986
Mitsubishi,Eclipse,23.6,35.8974,2003
Mitsubishi,Eclipse,25.7389,39.8413,2003
Mitsubishi,Eclipse,26.0212,39.9785,2003
Mitsubishi,Eclipse,23.2784,35.2695,2003
Mitsubishi,Eclipse,23.1391,36.4,2003
Mitsubishi,Eclipse,22.9544,36.4,2003
Mitsubishi,Eclipse,22.374,34.8909,2003
Roush Performance,Stage 3 Mustang,19.2329,28.5391,2003
Roush Performance,Stage 3 Mustang,18.9981,31.4712,2003
Saab,9-3 Convertible,23.1993,37.5651,2003
Isuzu,I-Mark,37.7778,51.2821,1986
Saab,9-3 Convertible,24.9007,41.2425,2003
Subaru,Impreza AWD,21.3569,33.5215,2003
Subaru,Impreza AWD,22.4896,34.6329,2003
Subaru,Impreza AWD,23.8768,34.0395,2003
Subaru,Impreza AWD,23.2,35.3,2003
Toyota,Camry Solara Convertible,25.3,39.2,2003
Toyota,Camry Solara Convertible,20.9,33.1,2003
Toyota,Celica,32.1,46,2003
Toyota,Celica,29.5,42.8,2003
Toyota,Celica,25.7,40.5,2003
Isuzu,Impulse,23,31,1986
Toyota,Celica,25.6335,38.099,2003
Volkswagen,New Beetle,38.1,55.9,2003
Volkswagen,New Beetle,46.4302,62.6126,2003
Volkswagen,New Beetle,25.9069,37.6035,2003
Volkswagen,New Beetle,26.8698,40.2863,2003
Volvo,C70 Convertible,22,33,2003
Volvo,C70 Convertible,21.9002,33.5004,2003
Volvo,C70 Convertible,21.7974,33.4958,2003
Acura,3.2CL,21.3,36.1,2003
Acura,3.2CL,21.6719,37.33,2003
Isuzu,Impulse,24,32,1986
Audi,A4,25.5,37.8,2003
Audi,A4,24.6,40.1,2003
Audi,A4,22.3,35.9,2003
Audi,A4 quattro,23.162,36.9,2003
Audi,A4 quattro,22.4413,36.4288,2003
Audi,A4 quattro,19.4611,31.9847,2003
Audi,A4 quattro,20.4985,32.9501,2003
Bentley,Continental R,12.3,20,2003
BMW,325i,22.1909,35.8408,2003
BMW,325i,22.5982,37.6426,2003
Isuzu,Impulse,23,35,1986
BMW,325xi,21.4,33.4,2003
BMW,325xi,21.6,34.7,2003
BMW,330i,22.0901,35.3914,2003
BMW,330i,23.1,38.1,2003
BMW,330xi,20.1,32.2,2003
BMW,330xi,22,34.9,2003
BMW,525i,22.1909,35.8408,2003
BMW,525i,22.5982,37.6426,2003
BMW,530i,20.8,34.5,2003
BMW,530i,23.1,38.1,2003
Isuzu,Impulse,24,36,1986
BMW,540i,20,30.9,2003
BMW,540i,17.1994,29.1499,2003
BMW,540i,18.8,26.9361,2003
BMW,M5,14.9485,26.5,2003
Chevrolet,Cavalier,27.1,42.6,2003
Chevrolet,Cavalier,28.6,42.4,2003
Chrysler,Sebring,23.5,36.3,2003
Chrysler,Sebring,23.6,36.5,2003
Chrysler,Sebring,26.4,40.9,2003
Chrysler,Sebring,26.7,41.6,2003
Isuzu,Impulse,22,32,1986
Chrysler,Sebring,22.2,35.3,2003
Chrysler,Sebring,22.804,36.808,2003
Chrysler,Sebring,22.049,35.2499,2003
Chrysler,Sebring Convertible,24.6,37.9,2003
Chrysler,Sebring Convertible,23.4,35.3,2003
Chrysler,Sebring Convertible,21.9,34.8,2003
Chrysler,Sebring Convertible,23.6,35.9,2003
Daewoo,Lanos,24.6594,40.3856,2003
Daewoo,Lanos,25.9015,42.7884,2003
Daewoo,Nubira,22.021,34.9253,2003
Mitsubishi,Tredia,27,33,1985
Isuzu,Impulse,22,32.0513,1986
Daewoo,Nubira,23.6665,36.6829,2003
Dodge,Neon/SRT-4/SX 2.0,28.1,41.3,2003
Dodge,Neon/SRT-4/SX 2.0,32.2,45.7,2003
Dodge,Neon/SRT-4/SX 2.0,24.1,38,2003
Dodge,Stratus,23.5,36.3,2003
Dodge,Stratus,23.6,36.5,2003
Dodge,Stratus,26.4,40.9,2003
Dodge,Stratus,26.7,41.6,2003
Dodge,Stratus,22.2,35.3,2003
Dodge,Stratus,22.804,36.808,2003
Jaguar,XJS,14,22,1986
Dodge,Stratus,22.049,35.2499,2003
Ford,Focus,30.1973,42.3994,2003
Ford,Focus,27.5,38.5,2003
Ford,Focus,30.4,45.8,2003
Ford,Focus,27.3,40.4,2003
Ford,Focus,23,32.1,2003
Ford,Focus,26.5208,38.3221,2003
Ford,Focus,27.8,41.8,2003
Honda,Civic,38.5,51.6,2003
Honda,Civic,32.7,48.6,2003
Jaguar,XJ6,17,24,1986
Honda,Civic,33,48.2,2003
Honda,Civic,35,48.9,2003
Honda,Civic,40.2,56.2,2003
Honda,Civic,35.4,49.1,2003
Honda,Civic,28.5,39,2003
Honda,Civic Hybrid,53.8,60.8,2003
Honda,Civic Hybrid,50.9,64.9,2003
Hyundai,Accent/Brio,29.5,45.4,2003
Hyundai,Accent/Brio,31.4,45.9,2003
Hyundai,Accent/Brio,29.3,44.7,2003
Mercury,Capri,23,32,1986
Hyundai,Accent/Brio,32.2,42.8,2003
Hyundai,Elantra,27.572,42.82,2003
Hyundai,Elantra,27.1,42.4,2003
Hyundai,Elantra,27.2174,42.5244,2003
Infiniti,G35,21.8274,34.0365,2003
Infiniti,G35,20.5622,32.783,2003
Infiniti,G35,20.5622,32.783,2003
Infiniti,M45,19.2677,30.103,2003
Jaguar,X-Type,20.9484,33.549,2003
Jaguar,X-Type,21.6,35.3,2003
Mercury,Capri,26,35.8974,1986
Jaguar,X-Type,19.8499,32.6493,2003
Jaguar,X-Type,20.3,35.3,2003
Jaguar,XJ Sport,18.9995,30.2997,2003
Jaguar,XJ8,18.9995,30.2997,2003
Jaguar,XJR,17.6877,27.6049,2003
Kia,Rio,28.1,41.5,2003
Kia,Rio,29.4,41.7,2003
Kia,Spectra,23.9,38,2003
Kia,Spectra,26.2,40.6,2003
Lexus,IS 300,19.7385,31.5854,2003
Mercury,Capri,21.1111,30,1986
Lexus,IS 300,19.7693,31.2088,2003
Mazda,Protege/Protege 5,27.4,38.5,2003
Mazda,Protege/Protege 5,26.2,37.9,2003
Mazda,Protege/Protege 5,27.8,39.3,2003
Mazda,Protege/Protege 5,27.4,38.5,2003
Mercedes-Benz,C230 Kompressor,25.772,39.8267,2003
Mercedes-Benz,C230 Kompressor,23.1173,38.9601,2003
Mercedes-Benz,C230 Kompressor,26.0499,40.499,2003
Mercedes-Benz,C230 Kompressor,23.3962,39.7424,2003
Mercedes-Benz,C240,21.4443,31.7846,2003
Mercury,Capri,19,33,1986
Mercedes-Benz,C240,19.0467,32.7997,2003
Mercedes-Benz,C240 4matic,21.1649,31.8434,2003
Mercedes-Benz,C32 AMG,18.4,26.8,2003
Mercedes-Benz,C320,22.1995,33.7896,2003
Mercedes-Benz,C320,18.6788,32.5942,2003
Mercedes-Benz,C320 4matic,21.1649,31.8434,2003
Mercedes-Benz,C320 Sports Coupe,21.2981,31.7323,2003
Mercedes-Benz,C320 Sports Coupe,18.8734,32.5723,2003
Mercedes-Benz,CL500,17.4994,28.3457,2003
Mercedes-Benz,CL55 AMG,15.8943,27.9499,2003
Mercury,Capri,19,32,1986
Mercedes-Benz,CL600,14.2,23.9,2003
Mitsubishi,Lancer,27.2,37.2,2003
Mitsubishi,Lancer,30.8,42.3,2003
Mitsubishi,Lancer,26.8057,39.2684,2003
Mitsubishi,Lancer,29.7262,42.8298,2003
Mitsubishi,Lancer Evolution,20.5,32.7,2003
Nissan,Sentra,31.3427,44.4566,2003
Nissan,Sentra,31.6,46.1,2003
Nissan,Sentra,25.0499,35.4,2003
Nissan,Sentra,26.2,37.3,2003
Maserati,Biturbo 425,14.4444,19.2308,1986
Nissan,Sentra,25.8,37.8,2003
Oldsmobile,Alero,27.1,42.6,2003
Oldsmobile,Alero,28.6,42.4,2003
Oldsmobile,Alero,22.2222,37.1795,2003
Pontiac,Grand Am,27.1,42.6,2003
Pontiac,Grand Am,28.6,42.4,2003
Pontiac,Grand Am,22.2222,37.1795,2003
Pontiac,Sunfire,27.1,42.6,2003
Pontiac,Sunfire,28.6,42.4,2003
Saab,9-3 Sport Sedan,24.4791,39.19,2003
Mercedes-Benz,190,22,29,1986
Saab,9-3 Sport Sedan,25.184,40.0953,2003
Saturn,Ion,27.2,41.4,2003
Saturn,Ion,26.3,40.5,2003
Saturn,Ion,28.6,42.4,2003
Subaru,Legacy/Outback AWD,23.9621,35.5207,2003
Subaru,Legacy/Outback AWD,23.1486,34.5719,2003
Subaru,Legacy/Outback AWD,22.7253,35.1955,2003
Subaru,Legacy/Outback AWD,21.1236,32.6993,2003
Suzuki,Aerio,28.6167,39.5498,2003
Suzuki,Aerio,29.1088,41.1118,2003
Mitsubishi,Tredia,27.7778,41,1985
Mercedes-Benz,190,23,31,1986
Suzuki,Aerio 4WD,26.6,36.2,2003
Toyota,Camry Solara,26,40.8,2003
Toyota,Camry Solara,26,41.9,2003
Toyota,Camry Solara,21.7,34.2,2003
Toyota,Corolla,32.2,48.3,2003
Toyota,Corolla,36.0247,51.4819,2003
Toyota,Echo,36.7399,50.3196,2003
Toyota,Echo,39.2165,54.5414,2003
Toyota,Prius,57.3,57.9,2003
Volkswagen,Golf,38.0281,57.1205,2003
Mercedes-Benz,190,21,34,1986
Volkswagen,Golf,46.4302,62.6126,2003
Volkswagen,Golf,25.9069,37.6035,2003
Volkswagen,Golf,26.8698,40.2863,2003
Volkswagen,GTI,23.7481,37.7458,2003
Volkswagen,Jetta,38.0281,57.1205,2003
Volkswagen,Jetta,46.4302,62.6126,2003
Volkswagen,Jetta,25.9069,37.6035,2003
Volkswagen,Jetta,26.8698,40.2863,2003
Volkswagen,Jetta,23.7481,37.7458,2003
Volkswagen,Jetta,23.5,39.6,2003
Mercedes-Benz,190,20,33,1986
Volkswagen,Passat 4motion,20.7397,33.561,2003
Volkswagen,Passat 4motion,19.4499,31.5499,2003
Volvo,S40 FWD,23.9,37.9,2003
Volvo,S60 AWD,20.5,32,2003
Volvo,S60 FWD,22.8,34.7,2003
Volvo,S60 FWD,22.6,35.7,2003
Volvo,S60 FWD,24.3922,39.3284,2003
Volvo,S60 FWD,22.9004,36.0006,2003
Volvo,S60 FWD,24.2,38,2003
Acura,3.2TL,21.6364,37.4867,2003
Mercedes-Benz,190,33,43,1986
Acura,3.5RL,19.8,30.5,2003
Audi,A6,22.758,34.2738,2003
Audi,A6 quattro,20,32.5,2003
Audi,A6 quattro,19.9,32.2,2003
Audi,A6 quattro,20.4985,32.9501,2003
Audi,A6 quattro,18.9,31.8,2003
Audi,A8,18.9,31.8,2003
Audi,S8,17.4,27.2,2003
Bentley,Arnage,11.4,18.5499,2003
Buick,Century,22.7446,36.6079,2003
Mercedes-Benz,190,32,48,1986
Buick,Regal,19.4257,34.4016,2003
Buick,Regal,21.4,37.4,2003
Cadillac,CTS,20.298,32.8,2003
Cadillac,CTS,20.8,33.6,2003
Cadillac,Seville,19.5,34.5,2003
Chevrolet,Malibu,22.7446,36.6079,2003
Chevrolet,Monte Carlo,23.7,41,2003
Chevrolet,Monte Carlo,21.4,37.4,2003
Chrysler,Sebring 4 Door,24.6,37.9,2003
Chrysler,Sebring 4 Door,23.4,35.3,2003
Mitsubishi,Cordia,24.4444,35.8974,1986
Chrysler,Sebring 4 Door,23.6,35.9,2003
Dodge,Stratus 4 Door,24.6,37.9,2003
Dodge,Stratus 4 Door,23.4,35.3,2003
Dodge,Stratus 4 Door,21.9,34.8,2003
Dodge,Stratus 4 Door,23.6,35.9,2003
Honda,Accord,27.1342,42.9324,2003
Honda,Accord,28.8903,43.346,2003
Honda,Accord,23.3348,38.1194,2003
Honda,Accord,22.7,38,2003
Hyundai,Sonata,24,38.5,2003
Mitsubishi,Cordia,27,33,1986
Hyundai,Sonata,24.9,39.1,2003
Hyundai,Sonata,21.3,35.2,2003
Hyundai,Sonata,22.4,34.7,2003
Hyundai,XG350,18.8471,33.0988,2003
Infiniti,I35,21.7436,33.6572,2003
Jaguar,S-Type 3.0 Litre,20.1995,33.4997,2003
Jaguar,S-Type 3.0 Litre,19.9786,33.182,2003
Jaguar,S-Type 4.2 Litre,18.9253,32.9328,2003
Jaguar,S-Type R,18.2995,30.6987,2003
Jaguar,Super V8,17.6877,27.6049,2003
Mitsubishi,Cordia,28,41.0256,1986
Jaguar,Vanden Plas,18.9995,30.2997,2003
Kia,Optima,23.9474,38.4499,2003
Kia,Optima,25.1,38.4,2003
Kia,Optima,22.449,34.9997,2003
Kia,Optima,22.6,35.6,2003
Lexus,ES 300,23,37.4,2003
Lexus,GS 300/GS 430,19.9726,31.8922,2003
Lexus,GS 300/GS 430,19.4718,29.9479,2003
Lincoln,LS,21.9,33.2,2003
Lincoln,LS,22.4,34.9,2003
Mitsubishi,Mirage,32,41,1986
Lincoln,LS,19.5,30.5,2003
Lincoln,LS,19.9469,31.7691,2003
Mercury,Sable,22.1,35.8,2003
Mercury,Sable,22.7,34.9,2003
Mazda,6,27.3,41.4,2003
Mazda,6,25.0876,36.8814,2003
Mazda,6,21.715,34.8204,2003
Mazda,6,21.4231,34.5505,2003
Mercedes-Benz,E320,21.4,34.1,2003
Mercedes-Benz,E500,18,29.4,2003
Mitsubishi,Mirage,40,53,1986
Mitsubishi,Diamante Sedan,19.4,32.1,2003
Mitsubishi,Galant,23.4558,35.3559,2003
Mitsubishi,Galant,23.3,35.2,2003
Mitsubishi,Galant,22.5,34.7,2003
Nissan,Altima,25.1499,37.5,2003
Nissan,Altima,25.9,37.8,2003
Nissan,Altima,21.0499,32.9,2003
Nissan,Altima,23.4,33.6,2003
Nissan,Maxima,21.7436,33.6572,2003
Nissan,Maxima,23.4,35.9,2003
Plymouth,Colt,34.4444,49,1985
Mitsubishi,Mirage,36.6667,50,1986
Oldsmobile,Aurora,19,33.1,2003
Pontiac,Grand Prix,22.7446,36.6079,2003
Pontiac,Grand Prix,19.4257,34.4016,2003
Pontiac,Grand Prix,21.4,37.4,2003
Saab,5-Sep,21.8167,37.0942,2003
Saab,5-Sep,22.146,37.8075,2003
Saab,5-Sep,24.2174,39.7909,2003
Saab,5-Sep,24.0899,38.899,2003
Saab,5-Sep,20.4188,33.6758,2003
Saturn,L200,26.2116,40.5722,2003
Mitsubishi,Mirage,26.6667,33.3333,1986
Saturn,L200,26,40.2,2003
Saturn,L300,23,36.7,2003
Toyota,Camry,26,40.8,2003
Toyota,Camry,26,41.9,2003
Toyota,Camry,22.4,35.8,2003
Volkswagen,Passat,24.4,39.7,2003
Volkswagen,Passat,23.8,38.9,2003
Volkswagen,Passat,21.9,36.1,2003
Volkswagen,Passat,21.5,34.5,2003
Volvo,S80/S80 Executive,22.0008,35.3995,2003
Mitsubishi,Mirage,27,39.7436,1986
Volvo,S80/S80 Executive,20.7992,33.4987,2003
Audi,A8 L,19.1,31.5,2003
Bentley,Arnage LWB,11.4,18.5499,2003
BMW,745i,20,33.5,2003
BMW,745li,20,33.5,2003
Buick,LeSabre,21.6959,37.2,2003
Buick,Park Avenue,19.4257,34.4016,2003
Buick,Park Avenue,21.6959,37.2,2003
Cadillac,DeVille,19.5,34.5,2003
Cadillac,Funeral Coach / Hearse,15,24.3,2003
Mitsubishi,Starion,21,31,1986
Cadillac,Limousine,16,28,2003
Chevrolet,Impala,23.7,41,2003
Chevrolet,Impala,21.4,37.4,2003
Chrysler,300 M,20,34.5,2003
Chrysler,Concorde/LHS,23.7,37.4,2003
Chrysler,Concorde/LHS,20.9,35,2003
Dodge,Intrepid,23.7,37.4,2003
Dodge,Intrepid,20.9,35,2003
Dodge,Intrepid,20,34.5,2003
Ford,Crown Victoria,19.3,32.2,2003
Mitsubishi,Starion,20,30.7692,1986
Ford,Taurus,22.1,35.8,2003
Ford,Taurus,22.7,34.9,2003
Infiniti,Q45,19.2677,30.103,2003
Lexus,LS 430,20.5981,32.0493,2003
Mercury,Grand Marquis,19.3,32.2,2003
Mercury,Marauder,18.7,29.8,2003
Lincoln,Town Car,19.3,32.2,2003
Mercedes-Benz,S430,19.1467,30.8883,2003
Mercedes-Benz,S430 4matic,18.0978,27.9996,2003
Mercedes-Benz,S500,17.4994,28.3457,2003
Mitsubishi,Tredia,24.4444,35.8974,1986
Mercedes-Benz,S500 4matic,17.4499,26.9231,2003
Mercedes-Benz,S55 AMG,15.8943,27.9499,2003
Mercedes-Benz,S600,14.2,23.9,2003
Pontiac,Bonneville,19.4257,34.4016,2003
Pontiac,Bonneville,21.6959,37.2,2003
Toyota,Avalon,23.8,37.3,2003
Audi,A4 Avant quattro,23.162,36.9,2003
Audi,A4 Avant quattro,22.4413,36.4288,2003
Audi,A4 Avant quattro,19.4611,31.9847,2003
Audi,A4 Avant quattro,20.4985,32.9501,2003
Mitsubishi,Tredia,27,33,1986
BMW,325i Sport Wagon,22.1909,35.8408,2003
BMW,325i Sport Wagon,22.5982,37.6426,2003
BMW,325xi Sport Wagon,21.4,33.4,2003
BMW,325xi Sport Wagon,21.1,33.7,2003
BMW,525i Sport Wagon,21.5,33.3,2003
BMW,525i Sport Wagon,20.8503,34.0228,2003
BMW,540i Sport Wagon,18.8,26.9361,2003
Daewoo,Nubira Station Wagon,22.021,34.9253,2003
Daewoo,Nubira Station Wagon,23.6665,36.6829,2003
Mercedes-Benz,C240 (Wagon),21.4443,31.7846,2003
Mitsubishi,Tredia,27,40,1986
Mercedes-Benz,C240 (Wagon),19.0467,32.7997,2003
Mercedes-Benz,C240 4matic (Wagon),21.1649,31.8434,2003
Mercedes-Benz,C320 (Wagon),21.9783,33.7896,2003
Mercedes-Benz,C320 (Wagon),18.7985,32.1149,2003
Mercedes-Benz,C320 4matic (Wagon),21.1649,31.8434,2003
Pontiac,Vibe,31.6596,42.8769,2003
Pontiac,Vibe AWD,28.5,40.3,2003
Pontiac,Vibe,28.8861,38.8122,2003
Pontiac,Vibe,32.7,46.2,2003
Pontiac,Vibe,28,39.1,2003
Plymouth,Colt,32,41,1986
Subaru,Impreza Wagon/Outback SPT AWD,21.3569,33.5215,2003
Subaru,Impreza Wagon/Outback SPT AWD,22.4896,34.6329,2003
Subaru,Impreza Wagon/Outback SPT AWD,23.8768,34.0395,2003
Subaru,Impreza Wagon/Outback SPT AWD,23.313,34.7783,2003
Suzuki,Aerio SX,28.6167,39.5498,2003
Suzuki,Aerio SX,28.9359,41.3063,2003
Suzuki,Aerio SX 4WD,26.3,35.8,2003
Toyota,Matrix,31.6239,42.8455,2003
Toyota,Matrix AWD,28.5,40.3,2003
Toyota,Matrix,28.7732,38.6264,2003
Plymouth,Colt,40,53,1986
Toyota,Matrix,32.7,46.2,2003
Toyota,Matrix,28,39.1,2003
Volkswagen,Jetta Wagon,38.0281,57.1205,2003
Volkswagen,Jetta Wagon,46.7,64,2003
Volkswagen,Jetta Wagon,24.8246,37.0884,2003
Volkswagen,Jetta Wagon,26.3368,39.0489,2003
Volvo,V40,23.9,37.9,2003
Audi,A6 Avant quattro,20.4985,32.9501,2003
Audi,S6 Avant,16.3,26.8,2003
Ford,Focus Station Wagon,30.1973,42.3994,2003
Plymouth,Colt,26.6667,33.3333,1985
Plymouth,Colt,36.6667,50,1986
Ford,Focus Station Wagon,27.5,38.5,2003
Ford,Focus Station Wagon,30.4,45.8,2003
Ford,Focus Station Wagon,27.3,40.4,2003
Ford,Focus Station Wagon,26.5208,38.3221,2003
Ford,Focus Station Wagon,27.8,41.8,2003
Ford,Taurus Wagon,20.6,33,2003
Ford,Taurus Wagon,21.2,33.1,2003
Lexus,RX 300,20.6,29.8,2003
Lexus,RX 300 4WD,20,28.7,2003
Mercury,Sable Wagon,20.6,33,2003
Plymouth,Colt,26.6667,33.3333,1986
Mercury,Sable Wagon,21.2,33.1,2003
Mercedes-Benz,E320 (Wagon),21.6698,35.085,2003
Mercedes-Benz,E320 4Matic (Wagon),21.4496,33.5736,2003
Saab,9-5 Wagon,21.4726,35.8882,2003
Saab,9-5 Wagon,21.4891,36.2458,2003
Saab,9-5 Wagon,23.9802,38.4777,2003
Saab,9-5 Wagon,23.6839,37.9705,2003
Saab,9-5 Wagon,20.3709,33.175,2003
Saturn,LW200,26.2116,40.5722,2003
Saturn,LW200,26,40.2,2003
Plymouth,Colt,27,39.7436,1986
Saturn,LW300,23,36.7,2003
Subaru,Legacy/Outback Wagon AWD,23.9267,35.8974,2003
Subaru,Legacy/Outback Wagon AWD,23.1486,34.5719,2003
Subaru,Legacy/Outback Wagon AWD,22.071,33.3988,2003
Subaru,Legacy/Outback Wagon AWD,21.1236,32.6993,2003
Volkswagen,Passat Wagon,24.4,39.7,2003
Volkswagen,Passat Wagon,23.8,38.9,2003
Volkswagen,Passat Wagon,21.9,36.1,2003
Volkswagen,Passat Wagon,21.5,34.5,2003
Volkswagen,Passat Wagon 4motion,20.7397,33.561,2003
Plymouth,Conquest,21,31,1986
Volkswagen,Passat Wagon 4motion,19.4499,31.5499,2003
Volvo,V70 AWD,20.5,32,2003
Volvo,V70 FWD,21.9002,33.5004,2003
Volvo,V70 FWD,21.9,33.1,2003
Volvo,V70 FWD,23.9855,38.8518,2003
Volvo,V70 FWD,21.7974,33.4958,2003
Volvo,V70 FWD,24.2,38,2003
Chevrolet,S10 Pickup 2WD,20.5687,32.4558,2003
Chevrolet,S10 Pickup 2WD,24.4,35.5,2003
Chevrolet,S10 Pickup 2WD,19.025,29.5247,2003
Plymouth,Conquest,20,30.7692,1986
Chevrolet,S10 Pickup 2WD,18,30.8,2003
GMC,Sonoma 2WD,20.5687,32.4558,2003
GMC,Sonoma 2WD,24.4,35.5,2003
GMC,Sonoma 2WD,18.9414,29.4404,2003
GMC,Sonoma 2WD,18,30.8,2003
Chevrolet,Silverado 1500 2WD,17.0616,25.5654,2003
Chevrolet,Silverado 1500 2WD,17,26.7,2003
Chevrolet,Silverado 1500 2WD,17.0195,24.7371,2003
Chevrolet,Silverado 1500 2WD,17.3944,25.8,2003
Chevrolet,Silverado 1500 2WD,16.5653,24.0214,2003
Plymouth,Turismo,34,50,1986
Chevrolet,SSR Pickup 2WD,16.7,24.2,2003
Dodge,Dakota Pickup 2WD,19.9,24,2003
Dodge,Dakota Pickup 2WD,17.1,26.8,2003
Dodge,Dakota Pickup 2WD,17.0207,25.312,2003
Dodge,Dakota Pickup 2WD,16.6667,25.641,2003
Dodge,Dakota Pickup 2WD,14.5,22.5798,2003
Dodge,Ram 1500 Pickup 2WD,17.1,25.4,2003
Dodge,Ram 1500 Pickup 2WD,17.6,26.5,2003
Dodge,Ram 1500 Pickup 2WD,15.763,24.3826,2003
Dodge,Ram 1500 Pickup 2WD,15.2988,23.8204,2003
Plymouth,Turismo,31,42.3077,1986
Dodge,Ram 1500 Pickup 2WD,15.9,22.9,2003
Dodge,Ram 1500 Pickup 2WD,14.292,22.1633,2003
Ford,Explorer Sport Trac 2WD,18,26.1,2003
Ford,Explorer Sport Trac 2WD,19.1,27.2,2003
Ford,F150 Pickup 2WD,17.8499,26.2491,2003
Ford,F150 Pickup 2WD,18.5,26.1,2003
Ford,F150 Pickup 2WD,17.2517,25.8596,2003
Ford,F150 Pickup 2WD,17.0824,24.3634,2003
Ford,F150 Pickup 2WD,15.9445,24.0974,2003
Ford,F150 Pickup 2WD,13.623,20.5055,2003
Plymouth,Turismo,27,38,1986
Ford,Ranger Pickup 2WD,25.0996,33.6,2003
Ford,Ranger Pickup 2WD,26.8,36.6,2003
Ford,Ranger Pickup 2WD,19.3,28.4,2003
Ford,Ranger Pickup 2WD,20.7699,29.5214,2003
Ford,Ranger Pickup 2WD,18.0769,26.8797,2003
Ford,Ranger Pickup 2WD,18.4,27.7,2003
GMC,Sierra 1500 2WD,17.3989,25.8989,2003
GMC,Sierra 1500 2WD,17,26.7,2003
GMC,Sierra 1500 2WD,17.0122,24.7103,2003
GMC,Sierra 1500 2WD,17.2487,25.8,2003
Plymouth,Turismo,29,45,1986
GMC,Sierra 1500 2WD,16.6143,24.0864,2003
Lincoln,Blackwood 2WD,13.8203,21.5587,2003
Mazda,B2300 2WD,25.0996,33.6,2003
Mazda,B2300 2WD,26.8,36.6,2003
Mazda,B3000 2WD,19.3,28.4,2003
Mazda,B3000 2WD,20.7294,29.606,2003
Mazda,B4000 2WD,17.9,26.7,2003
Mazda,B4000 2WD,18.4,27.7,2003
Nissan,Frontier 2WD,21.9,29.9,2003
Nissan,Frontier 2WD,24.6,32.6,2003
Plymouth,Turismo,24.4444,38,1986
Nissan,Frontier V6 2WD,17.0113,23.8653,2003
Nissan,Frontier V6 2WD,18.4024,25.7652,2003
Nissan,Frontier V6 2WD,17,24.6,2003
Nissan,Frontier V6 2WD,19.0351,25.8668,2003
Toyota,Tacoma 2WD,23.9981,31.6927,2003
Toyota,Tacoma 2WD,24.6,34.9,2003
Toyota,Tacoma 2WD,20.7485,27.5601,2003
Toyota,Tacoma 2WD,18.5,25.8,2003
Toyota,Tacoma 2WD,21.1,30.9,2003
Toyota,Tundra 2WD,18.1888,24.9828,2003
Plymouth,Colt,26.6667,33.3333,1985
Pontiac,Firebird,26,41.0256,1986
Toyota,Tundra 2WD,18.2,25.3,2003
Toyota,Tundra 2WD,16.5498,24,2003
Chevrolet,Silverado 1500 4WD,15.8446,23.2173,2003
Chevrolet,Silverado 1500 4WD,15.3834,23.0768,2003
Chevrolet,Silverado 1500 4WD,15.8989,22.6982,2003
Chevrolet,Silverado 1500 4WD,15.4815,22.7763,2003
Chevrolet,Silverado 1500 4WD,15.4609,22.5413,2003
Chevrolet,Silverado SS 1500 AWD,14.7,21.2,2003
Chevrolet,S10 Pickup 4WD,16.8,24.8,2003
Chevrolet,S10 Pickup 4WD,15,22.8,2003
Pontiac,Firebird,21,35,1986
Dodge,Dakota Pickup 4WD,15.6995,21.8,2003
Dodge,Dakota Pickup 4WD,16.9,24.9,2003
Dodge,Dakota Pickup 4WD,15.5556,23.0769,2003
Dodge,Dakota Pickup 4WD,15.9445,23.8797,2003
Dodge,Dakota Pickup 4WD,13.7,22.2,2003
Dodge,Ram 1500 Pickup 4WD,15.3956,21.9767,2003
Dodge,Ram 1500 Pickup 4WD,15.1,22.5,2003
Dodge,Ram 1500 Pickup 4WD,14.1,21.2,2003
Dodge,Ram 1500 Pickup 4WD,13.5051,21.0764,2003
Ford,Explorer Sport Trac 4WD,17.1159,25.0181,2003
Pontiac,Firebird,19,33.3333,1986
Ford,Explorer Sport Trac 4WD,18,25.4,2003
Ford,F150 Pickup 4WD,16.9,24,2003
Ford,F150 Pickup 4WD,18.1,25.1,2003
Ford,F150 Pickup 4WD,16.3406,24.0204,2003
Ford,F150 Pickup 4WD,15.4,22.789,2003
Ford,F150 Pickup 4WD,15.1846,22.5103,2003
Ford,Ranger Pickup 4WD,18.1018,25.0027,2003
Ford,Ranger Pickup 4WD,19.7,26.9,2003
Ford,Ranger Pickup 4WD,17,23.9,2003
Ford,Ranger Pickup 4WD,16.9833,23.7591,2003
Pontiac,Firebird,19,32,1986
GMC,Sierra 1500 4WD,16.1236,23.6769,2003
GMC,Sierra 1500 4WD,15.5207,23.1742,2003
GMC,Sierra 1500 4WD,15.8978,22.6964,2003
GMC,Sierra 1500 4WD,15.4532,22.7402,2003
GMC,Sierra 1500 4WD,15.4975,22.5963,2003
GMC,Sierra Denali 1500 AWD,13.7,21,2003
GMC,Sonoma 4WD,16.8,24.8,2003
GMC,Sonoma 4WD,15,22.8,2003
Mazda,B3000 4WD,18.1018,25.0027,2003
Mazda,B3000 4WD,19.7,26.9,2003
Pontiac,Firebird,18,33,1986
Mazda,B4000 4WD,17,23.9,2003
Mazda,B4000 4WD,16.9833,23.7591,2003
Nissan,Frontier V6 4WD,16.6741,23.0454,2003
Nissan,Frontier V6 4WD,17.9059,25.728,2003
Nissan,Frontier V6 4WD,16.3,22.4,2003
Nissan,Frontier V6 4WD,18.876,25.664,2003
Toyota,Tacoma 4WD,20.3158,26.8,2003
Toyota,Tacoma 4WD,19.9,27.3,2003
Toyota,Tacoma 4WD,18,24.5,2003
Toyota,Tacoma 4WD,18.6,25.3,2003
Pontiac,Firebird,19,32,1986
Toyota,Tundra 4WD,17.2049,23.4148,2003
Toyota,Tundra 4WD,17.9974,24.2,2003
Toyota,Tundra 4WD,15.6358,21.7361,2003
Chevrolet,Astro 2WD (cargo),18.9,29.3986,2003
Chevrolet,Astro 2WD (cargo) Conversion,16.5,25,2003
Chevrolet,Astro AWD (cargo),16.8,24.8,2003
Chevrolet,Astro AWD (cargo) Conversion,15.1,22,2003
Chevrolet,Van 15/25 2WD Conversion,16,23.8,2003
Chevrolet,Van 15/25 2WD Conversion,15.2,22.8,2003
Chevrolet,Van 1500/2500 2WD,16.5,25,2003
Pontiac,Firefly,45,55,1986
Chevrolet,Van 1500/2500 2WD,15.7125,22.8848,2003
Chevrolet,Van 1500 AWD Conversion,14.5,21.7,2003
Chevrolet,Van 1500/2500 AWD,14.9,21.7,2003
Dodge,Ram Van 1500 2WD,16.2,20.3,2003
Dodge,Ram Van 1500 2WD,15.6,20.5,2003
Dodge,Ram Van 1500 2WD,14.3697,23.0363,2003
Dodge,Ram Van 2500 2WD,14.8,18.5,2003
Dodge,Ram Van 2500 2WD,15.6,20.5,2003
Dodge,Ram Van 2500 2WD,13.9,22.8,2003
Ford,E150 Econoline 2WD,16.3,23.8,2003
Pontiac,Firefly,49,64,1986
Ford,E150 Econoline 2WD,17.3,26.1,2003
Ford,E150 Econoline 2WD,14.6201,20.9722,2003
Ford,E250 Econoline 2WD,15.3495,22.3173,2003
Ford,E250 Econoline 2WD,15.3,23.5996,2003
Ford,E250 Econoline 2WD,14.6439,21.3254,2003
GMC,Savana 15/25 2WD Conversion (cargo),16,23.8,2003
GMC,Savana 15/25 2WD Conversion (cargo),15.2,22.8,2003
GMC,Savana 1500/2500 2WD (cargo),16.5001,25.0001,2003
GMC,Savana 1500/2500 2WD (cargo),16.1232,23.4334,2003
GMC,Savana 15/25 AWD Conversion (cargo),14.5,21.7,2003
Pontiac,Sunbird Convertible,22,34,1986
GMC,Savana 1500/2500 AWD (cargo),14.9,21.7,2003
GMC,Safari 2WD (cargo),18.9,29.3986,2003
GMC,Safari 2WD Conversion (cargo),16.5,25,2003
GMC,Safari AWD (cargo),16.8,24.8,2003
GMC,Safari AWD Conversion (cargo),15.1,22,2003
Chevrolet,Astro 2WD (passenger),17.4,25.9,2003
Chevrolet,Astro AWD (passenger),15.1,22,2003
Chevrolet,Express 1500/2500 2WD,16.6,25.2,2003
Chevrolet,Express 1500/2500 2WD,15.2,22.8,2003
Chevrolet,Express 1500 AWD,14.5,21.7,2003
Pontiac,Sunbird Convertible,27,38,1986
Ford,E150 Club Wagon,15.3495,22.3173,2003
Ford,E150 Club Wagon,15.8,23,2003
Ford,E150 Club Wagon,14.7,22.2,2003
GMC,Savana 1500/2500 2WD (Passenger),16.6,25.2,2003
GMC,Savana 1500/2500 2WD (Passenger),15.2,22.8,2003
GMC,Savana 1500 AWD (Passenger),14.5,21.7,2003
GMC,Safari 2WD (Passenger),17.4,25.9,2003
GMC,Safari AWD (Passenger),15.1,22,2003
Volkswagen,Eurovan Camper,17.0947,25.4,2003
Chevrolet,Venture FWD,21.3,33.2,2003
Mercedes-Benz,500SL,16,21,1985
Plymouth,Colt,27,39,1985
Pontiac,Sunbird Convertible,23.3333,36,1986
Chrysler,Town and Country/Voyager/Grand Voy. 2WD,22.8,34.9,2003
Chrysler,Town and Country/Voyager/Grand Voy. 2WD,20.4,31.8,2003
Dodge,Caravan/Grand Caravan 2WD,22.8,34.9,2003
Dodge,Caravan/Grand Caravan 2WD,20.4,31.8,2003
Ford,Windstar FWD Cargo Van,19.8,30.8,2003
Ford,Windstar FWD Wagon,19.2675,29.9819,2003
Honda,Odyssey,20.0471,32.0864,2003
Kia,Sedona,16.9976,25.5,2003
Mazda,MPV,19.7862,31.5139,2003
Oldsmobile,Silhouette 2WD,21.3,33.2,2003
Pontiac,Sunbird Convertible,29,45,1986
Pontiac,Montana FWD,21.3,33.2,2003
Toyota,Sienna 2WD,21.1,31.3527,2003
Volkswagen,Eurovan,18.5806,25.4499,2003
Chevrolet,Venture AWD,19.9,30.9,2003
Chrysler,Town and Country/Voyager/Grand Voy. AWD,17.9,29,2003
Dodge,Caravan/Grand Caravan AWD,18.6398,29.5003,2003
Oldsmobile,Silhouette AWD,19.9,30.9,2003
Pontiac,Montana AWD,19.9,30.9,2003
Buick,Rendezvous FWD,21.3,33.2,2003
Cadillac,Escalade 2WD,15.5,22.6,2003
Pontiac,Sunburst,34.4444,44,1986
Chevrolet,Blazer 2WD,18.9,29.3986,2003
Chevrolet,Blazer 2WD,17.1,27.2,2003
Chevrolet,Avalanche 1500 2WD,15.2,22.8,2003
Chevrolet,Suburban 1500 2WD,15.2,22.8,2003
Chevrolet,Tahoe 1500 2WD,15.7,23,2003
Chevrolet,Tahoe 1500 2WD,15.5,22.6,2003
Chevrolet,Tracker 2WD Convertible,25.7,33.2,2003
Chevrolet,Tracker 2WD Convertible,25.4,33.5,2003
Chevrolet,Tracker 2WD Hardtop,25.4,33.5,2003
Chevrolet,Tracker 2WD Hardtop,25.4,33.5,2003
Pontiac,Sunburst,42,54,1986
Chevrolet,Tracker 2WD Hardtop,21,26.7,2003
Chevrolet,Tracker LT 2WD,20.8,26.6,2003
Chevrolet,TrailBlazer 2WD,17.3,27.7,2003
Chevrolet,TrailBlazer Ext 2WD,16.8,26.1,2003
Chevrolet,TrailBlazer Ext 2WD,16.7,24.2,2003
Chrysler,PT Cruiser,20.9769,31.9997,2003
Chrysler,PT Cruiser,21.7,32.2,2003
Chrysler,PT Cruiser,22.9134,34.245,2003
Chrysler,PT Cruiser,23.7,36.9,2003
Dodge,Durango 2WD,15.5556,24.359,2003
Pontiac,1000,28,39,1986
Dodge,Durango 2WD,14.2599,22.9821,2003
Ford,Escape 2WD,25.3,35.3,2003
Ford,Escape 2WD,21.2,32.1,2003
Ford,Expedition 2WD,15.5,24.5,2003
Ford,Expedition 2WD,14.7,22.6,2003
Ford,Explorer 2WD,16.4,24.9,2003
Ford,Explorer Sport 2WD,17.9,26.7,2003
Ford,Explorer Sport 2WD,18.4,27.7,2003
GMC,Yukon 1500 2WD,15.7,23,2003
GMC,Yukon 1500 2WD,15.5,22.6,2003
Pontiac,1000,31,43,1986
GMC,Yukon XL 1500 2WD,15.2,22.8,2003
GMC,Envoy 2WD,17.3,27.7,2003
GMC,Envoy XL 2WD,16.8,26.1,2003
GMC,Envoy XL 2WD,16.7,24.2,2003
GMC,Jimmy 2WD,18.9,29.3986,2003
GMC,Jimmy 2WD,17.1,27.2,2003
Honda,CR-V 2WD,25.3,35.6,2003
Honda,Element 2WD,24.8,33.7,2003
Honda,Element 2WD,23.4,32.9,2003
Hyundai,Santa Fe 2WD,22.0959,34.6767,2003
Pontiac,1000,30,44,1986
Hyundai,Santa Fe 2WD,22.4,34.3,2003
Hyundai,Santa Fe 2WD,22.5472,33.2,2003
Hyundai,Santa Fe 2WD,18.3193,28.2827,2003
Infiniti,FX35 2WD,18.7394,29.9786,2003
Infiniti,QX4 2WD,17.9038,26.3643,2003
Isuzu,Ascender 2WD,16.8,26.1,2003
Isuzu,Ascender 2WD,16.7,24.2,2003
Isuzu,Axiom 2WD,18.4,26.4,2003
Isuzu,Rodeo 2WD,19.8,29.8,2003
Isuzu,Rodeo 2WD,22,30.9,2003
Renault,Alliance Convertible,23.3333,30,1986
Isuzu,Rodeo 2WD,19.2,28.9,2003
Isuzu,Rodeo Sport 2WD,19.8,29.8,2003
Isuzu,Rodeo Sport 2WD,22,30.9,2003
Isuzu,Rodeo Sport 2WD,19.2,28.9,2003
Jeep,Grand Cherokee 2WD,18,26.9231,2003
Jeep,Grand Cherokee 2WD,17.2059,25.641,2003
Jeep,Liberty/Cherokee 2WD,21.4,31,2003
Jeep,Liberty/Cherokee 2WD,18.8889,27,2003
Jeep,Liberty/Cherokee 2WD,18,27.8,2003
Kia,Sorento 2WD,16.9,25.1,2003
Renault,Alliance Convertible,30,41.0256,1986
Lincoln,Aviator 2WD,14.8291,23.7962,2003
Lincoln,Navigator 2WD,13.6,21.3,2003
Mazda,Tribute 2WD,25.3,35.3,2003
Mazda,Tribute 2WD,21.2,32.1,2003
Mercury,Mountaineer 2WD,16.1,24.8,2003
Mitsubishi,Montero Sport 2WD,19.8,28.4884,2003
Mitsubishi,Montero Sport 2WD,18.8484,27.2787,2003
Mitsubishi,Nativa 2WD(Puerto Rico Only),19.8,28.4884,2003
Mitsubishi,Outlander 2WD,23.2,33.9,2003
Nissan,Murano 2WD,22.7,32.3,2003
Renault,Fuego,22,30.7692,1986
Nissan,Pathfinder 2WD,17.9038,26.3643,2003
Nissan,Pathfinder 2WD,18.4,24.9,2003
Nissan,Xterra 2WD,20.7995,30.5,2003
Nissan,Xterra V6 2WD,17.0113,23.8653,2003
Nissan,Xterra V6 2WD,18.4024,25.7652,2003
Nissan,Xterra V6 2WD,17,24.6,2003
Nissan,Xterra V6 2WD,19.0351,25.8668,2003
Oldsmobile,Bravada 2WD,17.3,27.7,2003
Pontiac,Aztek FWD,21.3,33.2,2003
Saturn,Vue FWD,24,35.6,2003
Plymouth,Colt,27,39,1985
Renault,Fuego,25,39.7436,1986
Saturn,Vue FWD,25.5,35.8,2003
Saturn,Vue FWD,21.7,32.7951,2003
Suzuki,Grand Vitara,21,26.7,2003
Suzuki,Grand Vitara,21.3,28.3,2003
Suzuki,Grand Vitara XL7,19.1,25.45,2003
Suzuki,Grand Vitara XL7,19.6,26,2003
Suzuki,Vitara 2 Door,24.9,32,2003
Suzuki,Vitara 2 Door,25.4,33.5,2003
Suzuki,Vitara 4 Door,24.6,32.2,2003
Suzuki,Vitara 4 Door,24.6,32.0513,2003
Rolls-Royce,Corniche II/Continental,9,14,1986
Toyota,4Runner 2WD,20.1,27.3,2003
Toyota,4Runner 2WD,18.3,25.5,2003
Toyota,Highlander 2WD,24.4,34.8,2003
Toyota,Highlander 2WD,20.6,29.8,2003
Toyota,RAV4 2WD,26.3,37,2003
Toyota,RAV4 2WD,27.6,39.4,2003
Toyota,Sequoia 2WD,15.7,23,2003
Volvo,XC90 FWD,19.7,30.9,2003
Acura,MDX 4WD,18.6496,29.399,2003
Audi,Allroad quattro,17.6,29.4,2003
Subaru,Hatchback,34,46,1986
Audi,Allroad quattro,18.3,28.2,2003
BMW,X5,17.5,26.7,2003
BMW,X5,16.9,26.6,2003
BMW,X5,15.9,23.3,2003
BMW,X5 4.6is,14.6,22.3,2003
Buick,Rendezvous AWD,19.9,30.9,2003
Cadillac,Escalade AWD,13.7,21,2003
Cadillac,Escalade ESV AWD,13.7,21,2003
Cadillac,Escalade Ext AWD,13.7,21,2003
Chevrolet,Blazer 4WD,16.5345,23.9752,2003
Subaru,Hatchback,31,41,1986
Chevrolet,Blazer 4WD,16.6,25.4,2003
Chevrolet,Avalanche 1500 4WD,14.5,21.7,2003
Chevrolet,Avalanche 1500 AWD,14.5,21.7,2003
Chevrolet,Suburban 1500 4WD,14.5,21.7,2003
Chevrolet,Suburban 1500 AWD,14.5,21.7,2003
Chevrolet,Tahoe 1500 4WD,15.2,22.7,2003
Chevrolet,Tahoe 1500 4WD,14.5,21.7,2003
Chevrolet,Tahoe 1500 AWD,14.5,21.7,2003
Chevrolet,Tracker 4WD Convertible,24.9,32,2003
Chevrolet,Tracker 4WD Convertible,25.2,32.1,2003
Subaru,Hatchback,26,32.0513,1986
Chevrolet,Tracker 4WD Hardtop,24.6,32.2,2003
Chevrolet,Tracker 4WD Hardtop,24.6,32.4,2003
Chevrolet,Tracker 4WD Hardtop,20.2,26.2,2003
Chevrolet,Tracker LT 4WD,20,26.1,2003
Chevrolet,Tracker ZR2 4WD,20.1,26.2,2003
Chevrolet,Tracker ZR2 4WD Convertible,24.3,32.1,2003
Chevrolet,Tracker ZR2 4WD Convertible,25.4,32.4,2003
Chevrolet,TrailBlazer 4WD,16.6,26.3,2003
Chevrolet,TrailBlazer Ext 4WD,16.6,25.641,2003
Chevrolet,TrailBlazer Ext 4WD,15.5,22.6,2003
Subaru,Hatchback,29,40,1986
Dodge,Durango 4WD,15.5556,23.0769,2003
Dodge,Durango 4WD,13.7,22.2,2003
Ford,Escape 4WD,24.3,32.1,2003
Ford,Escape 4WD,19.9,29.3,2003
Ford,Expedition 4WD,15,23.5,2003
Ford,Expedition 4WD,14.6,22.3,2003
Ford,Explorer 4WD,16,24.5,2003
Ford,Explorer Sport 4WD,17.1159,25.0181,2003
Ford,Explorer Sport 4WD,16.9833,23.7591,2003
GMC,Envoy 4WD,16.6,26.3,2003
Subaru,XT,25,32,1986
GMC,Envoy XL 4WD,16.6,25.641,2003
GMC,Envoy XL 4WD,15.5,22.6,2003
GMC,Jimmy 4WD,16.7932,24.7785,2003
GMC,Jimmy 4WD,16.6,25.4,2003
GMC,Yukon 1500 4WD,15.2,22.7,2003
GMC,Yukon 1500 4WD,14.5,21.7,2003
GMC,Yukon 1500 AWD,14.5,21.7,2003
GMC,Yukon 1500 AWD,13.7,21,2003
GMC,Yukon XL 1500 4WD,14.5,21.7,2003
GMC,Yukon XL 1500 AWD,14.5,21.7,2003
Subaru,XT,27,34,1986
GMC,Yukon XL 1500 AWD,13.7,21,2003
Honda,CR-V 4WD,24.3464,33.7993,2003
Honda,CR-V 4WD,23.8,31.8,2003
Honda,Element 4WD,23.8,31.4,2003
Honda,Pilot 4WD,18.9455,28.5129,2003
Hyundai,Santa Fe 4WD,20.2995,30.1433,2003
Hyundai,Santa Fe 4WD,18.7435,26.8387,2003
Infiniti,FX35 AWD,18.2783,27.6553,2003
Infiniti,FX45 AWD,16.4,24.6,2003
Infiniti,QX4 4WD,16.8617,24.5025,2003
Subaru,XT,27.7778,39,1986
Isuzu,Ascender 4WD,16.6,25.641,2003
Isuzu,Ascender 4WD,15.5,22.6,2003
Isuzu,Axiom 4WD,17.8,25.8,2003
Isuzu,Rodeo 4WD,19,28.6,2003
Isuzu,Rodeo 4WD,19.3,27,2003
Isuzu,Rodeo Sport 4WD,19,28.6,2003
Jeep,Grand Cherokee 4WD,17.8,26.9231,2003
Jeep,Grand Cherokee 4WD,17,25.9,2003
Jeep,Liberty/Cherokee 4WD,21.9,30.9,2003
Jeep,Liberty/Cherokee 4WD,18.8889,27,2003
Subaru,XT,28,41,1986
Jeep,Liberty/Cherokee 4WD,17.9,28.2,2003
Jeep,Wrangler/TJ 4WD,20.2,24.3,2003
Jeep,Wrangler/TJ 4WD,20.4,25,2003
Jeep,Wrangler/TJ 4WD,17.8,24.359,2003
Jeep,Wrangler/TJ 4WD,18.3,24,2003
Kia,Sorento 4WD,16.3,23.7,2003
Land Rover,Freelander 3 Door,19.1228,25.9236,2003
Land Rover,Freelander 5 Door,19.1442,26.2534,2003
Land Rover,Discovery Series II,13.3498,19.9499,2003
Land Rover,Range Rover,13.5396,21.4579,2003
Plymouth,Conquest,21,31,1985
Toyota,Celica,25,37,1986
Lexus,GX 470,16.7231,23.7,2003
Lexus,LX 470,14.5062,21.363,2003
Lincoln,Aviator 4WD,14.8,23,2003
Mazda,Tribute 4WD,24.3,32.1,2003
Mazda,Tribute 4WD,19.9,29.3,2003
Mercedes-Benz,G500,14,18.5,2003
Mercedes-Benz,G55 AMG,15,19.4,2003
Mercedes-Benz,ML320,17.1994,23.8993,2003
Mercedes-Benz,ML350,16.9,23.1,2003
Mercedes-Benz,ML500,15.6,21.6,2003
Toyota,Celica,27.7778,39,1986
Mercedes-Benz,ML55 AMG,15.6498,23.2,2003
Mercury,Mountaineer 4WD,16,24.5,2003
Mitsubishi,Montero,16.8,24.3,2003
Mitsubishi,Montero,16.2699,24.3,2003
Mitsubishi,Montero Sport 4WD,18.9554,25.6916,2003
Mitsubishi,Montero Sport 4WD,17.5978,23.2323,2003
Mitsubishi,Outlander 4WD,22.1,32,2003
Nissan,Murano AWD,22.5,31.3,2003
Nissan,Pathfinder 4WD,16.8617,24.5025,2003
Nissan,Pathfinder 4WD,18.4,24.9,2003
Toyota,Celica,25,37,1986
Nissan,Xterra V6 4WD,16.7667,23.231,2003
Nissan,Xterra V6 4WD,17.7,25.8727,2003
Nissan,Xterra V6 4WD,16.8,24,2003
Nissan,Xterra V6 4WD,18.6,25.6185,2003
Oldsmobile,Bravada AWD,16.6,26.3,2003
Pontiac,Aztek AWD,19.9,30.9,2003
Saturn,Vue AWD,23.2,33.1,2003
Saturn,Vue AWD,20.8,32,2003
Subaru,Baja AWD,22.9,33.2,2003
Subaru,Baja AWD,22.1,32,2003
Toyota,Celica,28,39.7436,1986
Subaru,Forester AWD,23.8768,34.0395,2003
Subaru,Forester AWD,23.313,34.7783,2003
Suzuki,Grand Vitara 4WD,20.2,26.2,2003
Suzuki,Grand Vitara 4WD,20.9,27.4,2003
Suzuki,Grand Vitara XL7 4WD,18.8,25.15,2003
Suzuki,Grand Vitara XL7 4WD,19.3,26.1,2003
Suzuki,Vitara 2 Door 4WD,24.6,32.2,2003
Suzuki,Vitara 2 Door 4WD,24.6,32.4,2003
Suzuki,Vitara 4 Door 4WD,24.6,32.2,2003
Suzuki,Vitara 4 Door 4WD,24.6,32.4,2003
Toyota,Celica Supra,21,31,1986
Toyota,4Runner 4WD,19.1995,26.4,2003
Toyota,4Runner 4WD,16.9,24.1,2003
Toyota,Highlander 4WD,21.5,30.3,2003
Toyota,Highlander 4WD,20,28.7,2003
Toyota,Land Cruiser Wagon 4WD,14.5062,21.363,2003
Toyota,RAV4 4WD,24.9379,34.429,2003
Toyota,RAV4 4WD,24.9,34.6,2003
Toyota,Sequoia 4WD,15.4485,22.3996,2003
Volvo,XC70 AWD,20.5,32,2003
Volvo,XC90 AWD,19.6356,30.4496,2003
Toyota,Celica Supra,20,28.2051,1986
Volvo,XC90 AWD,16.8,26,2003
Ford,F150 CNG,13.7,20.7,2003
Dodge,Ram Van 2500 2WD CNG,12.5,24.7,2003
Ford,F150 Dual-fuel 2WD (LPG),0,0,2003
Ford,F150 Dual-fuel 4WD (LPG),0,0,2003
Chrysler,Town and Country/Voyager/Grand Voy. 2WD,21.7988,33.6333,2003
Dodge,Caravan/Grand Caravan 2WD,21.2865,33.064,2003
Chevrolet,Suburban 1500 2WD,15.4,23.1,2003
Chevrolet,Tahoe 1500 2WD,15.8,23.9,2003
GMC,Yukon 1500 2WD,15.8,23.9,2003
Toyota,Corolla Sport,30,42.3077,1986
GMC,Yukon XL 1500 2WD,15.4,23.1,2003
Ford,Explorer 4WD FFV,17.1,26.6,2003
Mercury,Mountaineer 4WD FFV,17,26,2003
Ford,Explorer 2WD FFV,16.9,26.7,2003
Ford,Ranger 2WD FFV,18.8,27.2,2003
Mazda,B3000 2WD FFV,18.8,27.2,2003
Mercury,Mountaineer 2WD FFV,16.9,26.7,2003
Chevrolet,Silverado 1500 2WD,16.4761,24.6473,2003
GMC,Sierra 1500 2WD,16.4614,24.6765,2003
Chevrolet,Avalanche 1500 2WD,15.4,23.1,2003
Toyota,Corolla Sport,31.1111,42.3077,1986
Chrysler,Sebring Convertible,23.4,35.3,2003
Chrysler,Sebring 4 Door,23.4,35.3,2003
Dodge,Stratus 4 Door,23.4,35.3,2003
Chevrolet,Cavalier Dual-fuel,27.0137,42.1955,2003
Chrysler,Town and Country/Voyager/Grand Voy. 2WD,20,31.6,2003
GMC,Yukon 1500 4WD,15.4,23.3,2003
GMC,Yukon 1500 AWD,15.4,23.3,2003
GMC,Yukon XL 1500 4WD,15.4,23.3,2003
GMC,Yukon XL 1500 AWD,15.4,23.3,2003
Chevrolet,Silverado 1500 4WD,14.9702,21.5702,2003
Toyota,Corolla Sport,29,39.7436,1986
GMC,Sierra 1500 4WD,14.9643,21.5644,2003
Chevrolet,Avalanche 1500 4WD,15.4,23.3,2003
Chevrolet,Avalanche 1500 AWD,15.4,23.3,2003
Chevrolet,Suburban 1500 4WD,15.4,23.3,2003
Chevrolet,Suburban 1500 AWD,15.4,23.3,2003
Chevrolet,Tahoe 1500 4WD,15.4,23.3,2003
Chevrolet,Silverado 2500 2WD (Bifuel),11.6655,15.6145,2003
Mercury,Sable,21.3,34.3,2003
Ford,Taurus,21.3,34.3,2003
Ford,Taurus Wagon,20.9,33.3,2003
Toyota,Supra,20,29,1986
Mercury,Sable Wagon,20.9,33.3,2003
Chevrolet,Tahoe 1500 AWD,15.4,23.3,2003
Honda,Civic CNG,33.2,43.9,2003
Ford,Crown Victoria CNG,14.3,23.6,2003
Ford,F150 Dual-fuel 2WD (CNG),13.7,20.5,2003
Ford,F150 Dual-fuel 4WD (CNG),13.2,19.5,2003
Toyota,RAV4 EV,124.8148,99.1176,2003
MINI,Cooper S,27.4,43.8,2003
MINI,Cooper,27.5935,41.039,2003
MINI,Cooper,31.6,47.1,2003
Plymouth,Conquest,21,31,1985
Toyota,Supra,19,29,1986
BMW,760li,16.5,29.2,2003
Honda,Civic Hybrid,52.6,60.9,2003
Honda,Civic Hybrid,50,64.8,2003
BMW,Z4 Roadster,22.3982,37.6275,2003
Volkswagen,New Beetle Convertible,26.8362,39.8007,2003
Volkswagen,New Beetle Convertible,23.9,36.9,2003
Volkswagen,New Beetle,25.3,37.8,2003
Volkswagen,New Beetle,26.9065,39.4373,2003
Volkswagen,New Beetle,25.5,38.7,2003
BMW,330i,21.9766,38.2804,2003
Toyota,Tercel,33,41,1986
BMW,330xi,22.1,37.4,2003
Saab,9-3 Sport Sedan,22.5679,37.8656,2003
Saab,9-3 Sport Sedan,23.9315,39.0539,2003
Volkswagen,GTI,26.9065,39.4373,2003
Volkswagen,GTI,25.5,38.7,2003
Volkswagen,GTI,24.2667,37.2918,2003
Volkswagen,Jetta,26.8362,39.8007,2003
Volkswagen,Jetta,24.2667,37.2918,2003
Volkswagen,Passat 4motion,18.7,31.2,2003
Toyota,Camry,22,36,2003
Toyota,Tercel,39,50,1986
Volkswagen,Jetta Wagon,26.8362,39.8007,2003
Volkswagen,Jetta Wagon,24.2667,37.2918,2003
Porsche,Cayenne S,15.3,23.7,2003
Porsche,Cayenne Turbo,14.3,23.6,2003
Aston Martin,DB AR1,12.5042,23.0769,2003
Aston Martin,DB AR1,11.3842,21.7169,2003
BMW,Z4 Roadster,22.3716,37.8783,2003
Ferrari,360 Modena/Spider,11.7,20.9,2003
Audi,RS6,16.9,28.2,2003
Mercedes-Benz,E55 AMG,15.9423,26.6996,2003
Toyota,Tercel,34,48.7179,1986
Honda,Element 4WD,23.2486,30.234,2003
Volkswagen,Passat Wagon 4motion,18.7,31.2,2003
Acura,NSX,19.4,31,2004
Acura,NSX,19.3,31.1,2004
Audi,TT Roadster,22,36.2,2004
Audi,TT Roadster quattro,22.226,36.5285,2004
Audi,TT Roadster quattro,23.9,34.2,2004
BMW,Z4 Roadster,22.4,35.7,2004
BMW,Z4 Roadster,22.9,35.9,2004
BMW,Z4 Roadster,22.4989,37.7865,2004
Volkswagen,Scirocco,25,32,1986
BMW,Z4 Roadster,22.9,37.5,2004
BMW,Z4 Roadster,21.4578,34.858,2004
BMW,Z4 Roadster,22.3982,37.6275,2004
Cadillac,XLR,18.4,31.7,2004
Chevrolet,Corvette,19.7,32.5,2004
Chevrolet,Corvette,21.3,35.9,2004
Chrysler,Crossfire,23.4,35.4,2004
Chrysler,Crossfire,18.8,32.4,2004
Dodge,Viper Convertible,13.4,25.9,2004
Ferrari,360 Modena/Spider/Challenge,11.9,20.2,2004
Volkswagen,Scirocco,27,37,1986
Ferrari,360 Modena/Spider/Challenge,11.7,20.9,2004
Ferrari,360 Modena/Spider/Challenge,11.6498,20.498,2004
Ferrari,575 M Maranello,10.6,20.3,2004
Ferrari,575 M Maranello,11.2498,21.4,2004
Ford,Thunderbird,19.2,29.4872,2004
Ford,Thunderbird,19.2,31.3,2004
Honda,Insight,62.8,71.4,2004
Honda,Insight,67.1,84.1,2004
Honda,S2000,21.7,32.5,2004
Lamborghini,L-140/141 Gallardo,10.1,19.7,2004
Volkswagen,Scirocco 16v,26,36,1986
Lamborghini,L-140/141 Gallardo,10.6,21.9,2004
Lamborghini,L-147/148 Murcielago,10.1,17.1,2004
Lamborghini,L-147/148 Murcielago,10.9,19.6,2004
Lotus,Esprit V8,16.7,28.8,2004
Maserati,Spider Cambiocorsa/Spider GT,12.8,21.2,2004
Maserati,Spider Cambiocorsa/Spider GT,12.7263,21.5958,2004
Mazda,MX-5 Miata,24.6,35.6,2004
Mazda,MX-5 Miata,25.8,36.4,2004
Mazda,MX-5 Miata,25.7,35.6,2004
Mazda,MX-5 Miata,22.7,33,2004
Bitter Gmbh and Co. Kg,Bitter SC,17,27,1986
Mercedes-Benz,SL500,17.4,29.1,2004
Mercedes-Benz,SL55 AMG,15.7842,26.9499,2004
Mercedes-Benz,SL600,14.2,23.9,2004
Mercedes-Benz,SLK230,24.2,35.7,2004
Mercedes-Benz,SLK230,23.4,37,2004
Mercedes-Benz,SLK32 AMG,19,28.8,2004
Mercedes-Benz,SLK320,22.2,33.7,2004
Mercedes-Benz,SLK320,20.6,33.4,2004
Nissan,350z,22,33.6,2004
Nissan,350z,20.7,32.9,2004
BMW,5 Series,26,37,1986
Nissan,350z Roadster,21.7691,33.3444,2004
Nissan,350z Roadster,19.9691,31.6691,2004
Porsche,Boxster,22.3,37.3494,2004
Porsche,Boxster,19.6707,33.3481,2004
Porsche,Boxster S,20.4,33.8,2004
Porsche,Boxster S,19.1479,33.6973,2004
Porsche,Carrera 2 911 GT3,16.7,29.4,2004
Porsche,Carrera GT,11.5,20.2,2004
Porsche,Turbo 2 911 Gt2,16.7976,29.9,2004
Toyota,MR2,29.1,41.3,2004
BMW,5 Series,20,31,1986
Toyota,MR2,29,42.1,2004
Aston Martin,V12 Vanquish,13.5498,24.4963,2004
Audi,TT Coupe,23.1,37.1,2004
Audi,TT Coupe quattro,22.226,36.5285,2004
Audi,TT Coupe quattro,24.7,34.1,2004
BMW,325ci Convertible,20.8,34.5,2004
BMW,325ci Convertible,20.5,33.9,2004
BMW,325ci Convertible,22.0452,36.3753,2004
BMW,330ci Convertible,21.6,36.5,2004
BMW,330ci Convertible,20.4,32.5,2004
Plymouth,Conquest,20,30,1985
BMW,5 Series,22.2222,31,1986
BMW,330ci Convertible,21.1528,34.7518,2004
BMW,M3 Convertible,17.5,29.5431,2004
BMW,M3 Convertible,17.7191,28.1243,2004
Jaguar,XK8 Convertible,19.598,33.0439,2004
Jaguar,XKR Convertible,17.5722,29.1723,2004
Lexus,SC 430,19.4718,29.9479,2004
MINI,Cooper,27.5935,41.039,2004
MINI,Cooper,31.6,47.1,2004
MINI,Cooper S,27.3913,43.773,2004
Mitsubishi,Eclipse Spyder,25.5,39.2566,2004
BMW,5 Series,18,27,1986
Mitsubishi,Eclipse Spyder,22.6215,33.8784,2004
Mitsubishi,Eclipse Spyder,23,36.4,2004
Mitsubishi,Eclipse Spyder,22.6,36.8,2004
Mitsubishi,Eclipse Spyder,22.7,34.7,2004
Mitsubishi,Eclipse Spyder,22.3,35.5,2004
Porsche,Carrera 2 Cabriolet,20.1461,32.9291,2004
Porsche,Carrera 2 Cabriolet,19.7784,33.6382,2004
Porsche,Carrera 2 Cabriolet Kit,19.7784,33.6382,2004
Porsche,Carrera 2 Coupe,20.1461,32.9291,2004
Porsche,Carrera 2 Coupe,19.7784,33.6382,2004
BMW,5 Series,17.7778,28,1986
Porsche,Carrera 2 Coupe Kit,19.7784,33.6382,2004
Porsche,Carrera 4 Cabriolet,18.8938,29.7064,2004
Porsche,Carrera 4 Cabriolet,18.7944,30.3,2004
Porsche,Carrera 4 Cabriolet Kit,18.7944,30.3,2004
Porsche,Carrera 4 S Cabriolet,18.8938,29.7064,2004
Porsche,Carrera 4 S Cabriolet,18.7944,30.3,2004
Porsche,Carrera 4 S Cabriolet Kit,18.7944,30.3,2004
Porsche,Carrera 4 S Coupe,18.8938,29.7064,2004
Porsche,Carrera 4 S Coupe,18.7944,30.3,2004
Porsche,Carrera 4 S Kit,18.7944,30.3,2004
BMW,7 Series,17,24,1986
Porsche,Targa,20.1461,32.9291,2004
Porsche,Targa,19.7784,33.6382,2004
Porsche,Targa Kit,19.7784,33.6382,2004
Porsche,Turbo 4 911,16.0498,28.2986,2004
Porsche,Turbo 4 911,16.6,28.3,2004
Porsche,Turbo 4 911 Cab,15.6994,27.7996,2004
Porsche,Turbo 4 911 Cab,16.6,28.7,2004
Porsche,Turbo 4 911 Cab Kit,15.6994,27.7996,2004
Porsche,Turbo 4 911 Cab Kit,16.6,28.7,2004
Porsche,Turbo 4 911 Kit,16.0498,28.2986,2004
BMW,7 Series,17,26,1986
Porsche,Turbo 4 911 Kit,16.6,28.3,2004
Volkswagen,New Beetle Convertible,26.6419,39.8887,2004
Volkswagen,New Beetle Convertible,23.9,36.9,2004
Volkswagen,New Beetle Convertible,26.5459,38.938,2004
Volkswagen,New Beetle Convertible,23.8,39.4,2004
Acura,RSX,30.2,42.8,2004
Acura,RSX,27,39.9,2004
Acura,RSX,28.2,43.2,2004
Audi,A4 Cabriolet,25.5,38.6,2004
Audi,A4 Cabriolet,22.645,34.415,2004
Buick,Skyhawk,22,34,1986
Audi,A4 Cabriolet quattro,20.3534,32.5077,2004
Audi,S4 Cabriolet,16.5,27.2,2004
Audi,S4 Cabriolet,19.7,29.7,2004
BMW,325ci,22.6,37.8,2004
BMW,325ci,21.5624,34.9976,2004
BMW,325ci,23.3162,38.8644,2004
BMW,330ci,22.15,37.934,2004
BMW,330ci,21.4578,34.858,2004
BMW,330ci,22.2354,37.2131,2004
BMW,645ci,18.4,32.4,2004
Buick,Skyhawk,27,39.7436,1986
BMW,645ci,20.1374,33.7,2004
BMW,645ci,18.1978,31.2077,2004
BMW,645ci Convertible,16.6,29.4,2004
BMW,645ci Convertible,20,33.5,2004
BMW,645ci Convertible,16.5462,28.5247,2004
BMW,M3,18,30.9,2004
BMW,M3,18.3217,29.4788,2004
Ford,Mustang,21.604,34.5178,2004
Ford,Mustang,22.1,37.3,2004
Ford,Mustang,21.3,33.8,2004
Buick,Skyhawk,23.3333,36,1986
Ford,Mustang,22.3644,37.4527,2004
Ford,Mustang,19.8207,29.5282,2004
Ford,Mustang,19,29,2004
Ford,Mustang,18.7,31.9,2004
Ford,Mustang,18.7499,32.6997,2004
Ford,Mustang,18.6,30.4,2004
Hyundai,Tiburon,25.2,37.2,2004
Hyundai,Tiburon,26.2,38.7,2004
Hyundai,Tiburon,21.7,33.4,2004
Hyundai,Tiburon,21.4,33.7,2004
Buick,Skyhawk,30,48,1986
Hyundai,Tiburon,20.3,33.9,2004
Jaguar,XK8,19.598,33.0439,2004
Jaguar,XKR,17.5722,29.1723,2004
Maserati,Coupe Cambiocorsa/Coupe GT,12.8,21.2,2004
Maserati,Coupe Cambiocorsa/Coupe GT,12.7263,21.5958,2004
Mazda,RX-8,19.9,30.9,2004
Mazda,RX-8,20.3,31.7,2004
Mercedes-Benz,CLK320,22.2,33.7,2004
Mercedes-Benz,CLK320 (Cabriolet),22.2,33.7,2004
Mercedes-Benz,CLK500,18.6,28.8,2004
Buick,Skyhawk,25,37,1986
Mercedes-Benz,CLK500 (Cabriolet),18.6,28.8,2004
Mercedes-Benz,CLK55 AMG,17.1,28.1,2004
Mercedes-Benz,CLK55 AMG (Cabriolet),17.1,28.1,2004
Mitsubishi,Eclipse,23.2734,35.2523,2004
Mitsubishi,Eclipse,25.6764,39.7193,2004
Mitsubishi,Eclipse,23.274,35.2544,2004
Mitsubishi,Eclipse,23,36.4,2004
Mitsubishi,Eclipse,22.6,37.1,2004
Mitsubishi,Eclipse,22.9,34.6,2004
Mitsubishi,Eclipse,22.3,35.5,2004
Plymouth,Conquest,21,31,1985
Buick,Skyhawk,28,41,1986
Roush Performance,Stage 3 Mustang,18.6,32.1,2004
Saab,9-3 Convertible,23.4682,37.4357,2004
Saab,9-3 Convertible,23.1,38.9,2004
Saab,9-3 Convertible,21.1702,35.6924,2004
Subaru,Impreza AWD,21.372,32.709,2004
Subaru,Impreza AWD,21.9866,34.5379,2004
Subaru,Impreza AWD,24.4921,36.0461,2004
Subaru,Impreza AWD,23.1,36.2,2004
Subaru,Impreza AWD,19.5,30.5,2004
Toyota,Camry Solara Convertible,22.5,37.1,2004
Buick,Somerset/Skylark,25,41,1986
Toyota,Celica,32.1,46,2004
Toyota,Celica,29.5,42.8,2004
Toyota,Celica,27.2,41.7,2004
Toyota,Celica,27.6708,39.7484,2004
Scion,xA,35.4,48.3,2004
Scion,xA,35,48.3,2004
Volkswagen,New Beetle,25.3,37.8,2004
Volkswagen,New Beetle,26.874,39.6363,2004
Volkswagen,New Beetle,25.5,38.7,2004
Volkswagen,New Beetle,41.8691,59.583,2004
Buick,Somerset/Skylark,26,43,1986
Volkswagen,New Beetle,39.9,53.3,2004
Volkswagen,New Beetle,26.7465,38.5338,2004
Volkswagen,New Beetle,26.5922,39.3543,2004
Volkswagen,R32,20.6,33.5,2004
Volvo,C70 Convertible,20.4,32,2004
Volvo,C70 Convertible,21.9,33.5,2004
Volvo,C70 Convertible,20.3,34.4482,2004
Acura,TSX,24,37.3,2004
Acura,TSX,25.3,40.5,2004
Audi,A4,25.5,37.8,2004
Buick,Somerset/Skylark,21,35,1986
Audi,A4,24.6,40.1,2004
Audi,A4,22.3,35.9,2004
Audi,A4 quattro,23.4,38.2,2004
Audi,A4 quattro,22.4603,36.4194,2004
Audi,A4 quattro,19.4,33.851,2004
Audi,A4 quattro,20.3534,32.5077,2004
Audi,S4,16.5324,27.1131,2004
Audi,S4,19.5,30.3,2004
Bentley,Continental GT,12.5498,22.7,2004
BMW,325i,22.6,37.8,2004
Cadillac,Cimarron,24,35,1986
BMW,325i,21.5624,34.9976,2004
BMW,325i,23.3162,38.8644,2004
BMW,325xi,21.6,34.7,2004
BMW,325xi,21.4,33.4,2004
BMW,330i,22.15,37.934,2004
BMW,330i,21.4578,34.858,2004
BMW,330i,22.2354,37.2131,2004
BMW,330xi,22.1,37.4,2004
BMW,330xi,20.1,32.2,2004
Chevrolet,Aveo,28.9986,43.3,2004
Cadillac,Cimarron,27,41,1986
Chevrolet,Aveo,29.6,45.5,2004
Chevrolet,Cavalier,26.6,43.5,2004
Chevrolet,Cavalier,29.1,47,2004
Chevrolet,Optra,24.5996,38.4958,2004
Chevrolet,Optra,24.7,38.1,2004
Chrysler,Sebring,23.5,36.3,2004
Chrysler,Sebring,26.4,40.9,2004
Chrysler,Sebring,22.3,35.5,2004
Chrysler,Sebring,22.6041,36.8086,2004
Chrysler,Sebring,22.3,35.5,2004
Cadillac,Cimarron,20,32,1986
Chrysler,Sebring Convertible,24.6,37.9,2004
Chrysler,Sebring Convertible,21.9,34.8465,2004
Daewoo,Kalos,28.9986,43.3,2004
Daewoo,Kalos,29.6,45.5,2004
Daewoo,Lacetti,24.5996,38.4958,2004
Daewoo,Lacetti,24.7,38.1,2004
Dodge,Neon/SRT-4/SX 2.0,28.1,41.3,2004
Dodge,Neon/SRT-4/SX 2.0,32.2,45.7,2004
Dodge,Neon/SRT-4/SX 2.0,24.2,38.5,2004
Dodge,Stratus,23.5,36.3,2004
Cadillac,Cimarron,19,28.2051,1986
Dodge,Stratus,26.4,40.9,2004
Dodge,Stratus,22.3,35.5,2004
Dodge,Stratus,22.6041,36.8086,2004
Dodge,Stratus,22.3,35.5,2004
Ford,Focus,29.1,41.6,2004
Ford,Focus,27.4499,38.8499,2004
Ford,Focus,30.5499,45.5991,2004
Ford,Focus,28.6,42.1,2004
Ford,Focus,23.1,35.7,2004
Ford,Focus,26.6524,38.5002,2004
Chevrolet,Cavalier,25,37,1986
Ford,Focus,27.8,41.8,2004
Honda,Civic,38.5,51.6,2004
Honda,Civic,32.7,48.4,2004
Honda,Civic,33.9,49.3,2004
Honda,Civic,35,48.7,2004
Honda,Civic,35.1,47.4,2004
Honda,Civic,40.2,56.2,2004
Honda,Civic,28.4,39.5,2004
Honda,Civic Hybrid,52.6,60.9,2004
Honda,Civic Hybrid,53.2,60.5,2004
Chevrolet,Cavalier,28.8889,42,1986
Honda,Civic Hybrid,50,64.8,2004
Honda,Civic Hybrid,51.2,64.9,2004
Hyundai,Accent/Brio,29.5,45.4,2004
Hyundai,Accent/Brio,31.4,45.9,2004
Hyundai,Accent/Brio,29.3,44.7,2004
Hyundai,Accent/Brio,32.2,42.8,2004
Hyundai,Elantra,27.1,41.1,2004
Hyundai,Elantra,29.4,43.2,2004
Infiniti,G35,21.8403,34.0073,2004
Infiniti,G35,21.8403,34.0073,2004
Plymouth,Conquest,20,30,1985
Chevrolet,Cavalier,27,41,1986
Infiniti,G35,20.2931,32.7132,2004
Infiniti,G35,19.3,30.3,2004
Infiniti,G35,20.2931,32.7132,2004
Infiniti,M45,19.2791,30.037,2004
Jaguar,X-Type,20.1489,32.8851,2004
Jaguar,X-Type,19.4499,32.3,2004
Kia,Rio,28.1,41.5,2004
Kia,Rio,26.3398,40.296,2004
Kia,Rio,29.4,41.7,2004
Kia,Rio,28.02,40.2,2004
Chevrolet,Cavalier,21.1111,31,1986
Kia,Spectra 1.8L,23.9,38,2004
Kia,Spectra 1.8L,26.2,40.6,2004
Lexus,IS 300,19.7385,31.5854,2004
Lexus,IS 300,19.864,31.1669,2004
Mazda,3,30.7,44.4951,2004
Mazda,3,28.6074,43.3076,2004
Mazda,3,28.6538,43.3076,2004
Mazda,3,28.2623,41.1099,2004
Mazda,3,26.5801,36.8213,2004
Mercedes-Benz,C240,20.2,33,2004
Chevrolet,Cavalier,21,33,1986
Mercedes-Benz,C320 4matic Sedan,21.4,34.1,2004
Mercedes-Benz,C230 Kompressor,25.5,39.1,2004
Mercedes-Benz,C230 Kompressor,24.8,38.4,2004
Mercedes-Benz,C230 Kompressor Sports Coupe,25.5,39.1,2004
Mercedes-Benz,C230 Kompressor Sports Coupe,24.8,38.4,2004
Mercedes-Benz,C240,21.1,31.1,2004
Mercedes-Benz,C240 4matic,21.2,31.8,2004
Mercedes-Benz,C32 AMG,17.9,26.9,2004
Mercedes-Benz,C320,20.6,33.4,2004
Mercedes-Benz,C320 Sports Coupe,20.6,33.4,2004
Chevrolet,Nova,31.1111,41.0256,1986
Mercedes-Benz,CL500,17.8,30.5,2004
Mercedes-Benz,CL55 AMG,15.7842,26.9499,2004
Mercedes-Benz,CL600,14.2,23.9,2004
Mitsubishi,Lancer,27.8344,39.7517,2004
Mitsubishi,Lancer,30.9796,44.917,2004
Mitsubishi,Lancer,24.8,35.8,2004
Mitsubishi,Lancer,25.8,37.3,2004
Mitsubishi,Lancer Evolution,20.5,32.7,2004
Nissan,Sentra,31.4443,44.2777,2004
Nissan,Sentra,30.9,45.2,2004
Chevrolet,Nova,33,47,1986
Nissan,Sentra,25.6127,35.7746,2004
Nissan,Sentra,25.6,37.7,2004
Oldsmobile,Alero,26.6,43.5,2004
Oldsmobile,Alero,29.1,47,2004
Oldsmobile,Alero,22.2222,37.1795,2004
Pontiac,Grand Am,26.6,43.5,2004
Pontiac,Grand Am,29.1,47,2004
Pontiac,Grand Am,22.2222,37.1795,2004
Pontiac,GTO,18.1,27.4,2004
Pontiac,GTO,19.3,36.7,2004
Nissan,Maxima,20,31,1986
Pontiac,Sunfire,26.6,43.5,2004
Pontiac,Sunfire,29.1,47,2004
Saab,9-3 Sport Sedan,25.6964,42.8495,2004
Saab,9-3 Sport Sedan,24.1594,38.5881,2004
Saab,9-3 Sport Sedan,22.7,35.4,2004
Saab,9-3 Sport Sedan,23.6272,38.4372,2004
Saab,9-3 Sport Sedan,22.7037,37.5169,2004
Saturn,Ion,25.5,36.8,2004
Saturn,Ion,27.5,40.8,2004
Saturn,Ion,25.5,41.5,2004
Nissan,Maxima,21.1111,33,1986
Saturn,Ion,29.1,44.8718,2004
Subaru,Legacy/Outback AWD,23.9641,35.1166,2004
Subaru,Legacy/Outback AWD,23.7061,35.5227,2004
Subaru,Legacy/Outback AWD,22.7597,35.179,2004
Subaru,Legacy/Outback AWD,21.1238,32.7009,2004
Suzuki,Aerio,27.9527,39.5,2004
Suzuki,Aerio,27.8,39.625,2004
Suzuki,Aerio AWD,26.3994,36.6495,2004
Suzuki,Forenza,24.5996,38.4958,2004
Suzuki,Forenza,24.7,38.1,2004
Nissan,Stanza,25,33,1986
Suzuki,Swift,28.9986,43.3,2004
Suzuki,Swift,29.6,45.5,2004
Toyota,Camry Solara,25.8154,40.7781,2004
Toyota,Camry Solara,26.6,42.5,2004
Toyota,Camry Solara,22.6,37.5,2004
Toyota,Corolla,32.2,48.3,2004
Toyota,Corolla,35.9542,51.4497,2004
Toyota,Echo,36.7399,50.3196,2004
Toyota,Echo,39.1987,54.5382,2004
Volkswagen,Golf,41.8692,59.5832,2004
Nissan,Stanza,29,42,1986
Volkswagen,Golf,35.8652,55.6253,2004
Volkswagen,Golf,26.7465,38.5338,2004
Volkswagen,Golf,26.5922,39.3543,2004
Volkswagen,GTI,26.874,39.6363,2004
Volkswagen,GTI,24.2528,37.2883,2004
Volkswagen,GTI,23.668,37.8585,2004
Volkswagen,Jetta,26.6419,39.8887,2004
Volkswagen,Jetta,23.4,37.3,2004
Volkswagen,Jetta,24.2528,37.2883,2004
Volkswagen,Jetta,41.8692,59.5832,2004
Dodge,Omni,34,50,1986
Volkswagen,Jetta,35.8652,55.6253,2004
Volkswagen,Jetta,26.7465,38.5338,2004
Volkswagen,Jetta,26.5922,39.3543,2004
Volkswagen,Jetta,23.668,37.8585,2004
Volkswagen,Passat 4motion,23.8,38.8,2004
Volkswagen,Passat 4motion,22.3949,36.4516,2004
Volkswagen,Passat 4motion,20.6969,33.5505,2004
Volkswagen,Passat 4motion,18.7,31.2,2004
Volkswagen,Passat 4motion,19.4499,31.5499,2004
Volvo,S40 FWD,24.1807,37.7741,2004
Plymouth,Conquest,21,31,1985
Dodge,Omni,31,42.3077,1986
Volvo,S40 FWD,24.3,38.6,2004
Volvo,S40 FWD,24.5,39.8,2004
Volvo,S60 AWD,22.3022,35.0035,2004
Volvo,S60 FWD,22.8,34.7,2004
Volvo,S60 FWD,22.6,35.7,2004
Volvo,S60 FWD,24.3819,39.2349,2004
Volvo,S60 FWD,24.2,38,2004
Volvo,S60 FWD,24,38.4,2004
Volvo,S60 R AWD,19.9,32.1,2004
Volvo,S60 R AWD,19.886,32.3738,2004
Dodge,Omni,27,37,1986
Acura,3.5RL,20.1,30.5,2004
Acura,TL,22.6,38.5,2004
Acura,TL,22.6,36.5,2004
Audi,A6,22.645,34.415,2004
Audi,A6 quattro,20,32.5,2004
Audi,A6 quattro,19.8916,32.2042,2004
Audi,A6 quattro,20.3534,32.5077,2004
Audi,A6 quattro,19.1,31.1,2004
Bentley,Arnage,11.4,18.5499,2004
BMW,525i,21,36.2,2004
Dodge,Omni,29,45,1986
BMW,525i,20.9,36.2,2004
BMW,530i,22.15,37.934,2004
BMW,530i,22.2354,37.2131,2004
BMW,530i,21.4981,36.8989,2004
BMW,545i,18.4,32.4,2004
BMW,545i,20.1374,33.7,2004
BMW,545i,18.1978,31.2077,2004
Buick,Century,22.4,38.2,2004
Buick,Regal,22.2,38.9,2004
Buick,Regal,20.4725,35.7807,2004
Dodge,Omni,24.4444,38,1986
Cadillac,CTS,20.1782,32.4784,2004
Cadillac,CTS,20.8,33.6,2004
Cadillac,CTS,19.513,35.2989,2004
Cadillac,CTS-V,17.7778,32.0513,2004
Cadillac,Seville,19.6,33.9,2004
Cadillac,Seville,19.6,33.9,2004
Chevrolet,Epica,21.9,35.1997,2004
Chevrolet,Classic,26.6,43.5,2004
Chevrolet,Malibu,27,43.7,2004
Chevrolet,Malibu,25.2,40.9,2004
Dodge,Omni,22,35,1986
Chevrolet,Monte Carlo,23.5,40.8,2004
Chevrolet,Monte Carlo,22.2,38.9,2004
Chevrolet,Monte Carlo,20.4725,35.7807,2004
Chrysler,Sebring 4 Door,24.6,37.9,2004
Daewoo,Magnus,21.9,35.1997,2004
Dodge,Stratus 4 Door,24.6,37.9,2004
Dodge,Stratus 4 Door,21.9,34.8465,2004
Honda,Accord,26.5646,43.1985,2004
Honda,Accord,28.6566,42.9768,2004
Honda,Accord,23.1347,37.9075,2004
Ford,Escort,27,37,1986
Honda,Accord,22.7,37.9,2004
Hyundai,Elantra Hatchback,30.1,44,2004
Hyundai,Sonata,24,38.5494,2004
Hyundai,Sonata,24.9,39.1,2004
Hyundai,Sonata,21.2958,35.2499,2004
Hyundai,Sonata,22.4,34.7,2004
Hyundai,XG350,18.8471,33.0988,2004
Infiniti,I35,21.6393,33.5396,2004
Infiniti,Q45,19.2791,30.037,2004
Jaguar,S-Type 3.0 Litre,20.1995,33.4997,2004
Ford,Escort,33,50,1986
Jaguar,S-Type 3.0 Litre,20,33.2,2004
Jaguar,S-Type 4.2 Litre,20.4499,35.4997,2004
Jaguar,S-Type R,19.2488,31.2499,2004
Kia,Spectra 2.0L,27.1379,44.0149,2004
Kia,Spectra 2.0L,27.9639,40.8051,2004
Kia,Optima,23.9474,38.4499,2004
Kia,Optima,25.1,38.4,2004
Kia,Optima,22.449,34.9997,2004
Kia,Optima,22.6,35.6,2004
Lexus,ES 330,22.6,37.5,2004
Ford,Escort,29,44,1986
Lexus,GS 300/GS 430,19.9726,31.8922,2004
Lexus,GS 300/GS 430,19.4718,29.9479,2004
Lincoln,LS,21.9,33.2,2004
Lincoln,LS,22.4,34.9,2004
Lincoln,LS,19.2,29.4872,2004
Lincoln,LS,19.2,31.3,2004
Mercury,Sable,21.1,33.6,2004
Mercury,Sable,22.2,34.6,2004
Mazda,6,27.024,40.8859,2004
Mazda,6,24.8486,36.5359,2004
Ford,Escort,24.4444,36,1986
Mazda,6,21.4622,33.866,2004
Mazda,6,20.8905,33.7929,2004
Mercedes-Benz,E320,21.4,34.1,2004
Mercedes-Benz,E320 4matic,20.4,31.2,2004
Mercedes-Benz,E500,18.2,30.5,2004
Mercedes-Benz,E500 4matic,17.8,26.1,2004
Mercedes-Benz,E55 AMG,15.7842,26.9499,2004
Mitsubishi,Diamante Sedan,18.9,32.1,2004
Mitsubishi,Diamante Sedan,18.9,32.1,2004
Mitsubishi,Galant,25.6,38.3279,2004
Ford,Escort,27,41,1986
Mitsubishi,Galant,20.6222,34.1639,2004
Nissan,Altima,25.2804,37.2809,2004
Nissan,Altima,25.1984,38.5,2004
Nissan,Altima,21.2,33.3,2004
Nissan,Altima,23.2,33.2,2004
Nissan,Maxima,22.4499,35.1,2004
Nissan,Maxima,22.7,37.8,2004
Nissan,Maxima,22,36.4,2004
Pontiac,Grand Prix,22.2,38.9,2004
Pontiac,Grand Prix,20.2,34.4,2004
Plymouth,Turismo,33.3333,51,1985
Ford,Escort,40,55,1986
Pontiac,Grand Prix,20.4725,35.7807,2004
Rolls-Royce,Phantom,13.9,23.8,2004
Saab,5-Sep,22.09,38.2832,2004
Saab,5-Sep,23.1,37.3,2004
Saab,5-Sep,21.0226,36.3744,2004
Saab,5-Sep,21.2499,35.5494,2004
Saturn,L300,27,43.7,2004
Saturn,L300,22.5222,35.6298,2004
Suzuki,Verona,21.9,35.1997,2004
Toyota,Camry,25.8154,40.7781,2004
Ford,Escort FS,45,63,1986
Toyota,Camry,26.6,42.5,2004
Toyota,Camry,22.9,37.1,2004
Toyota,Camry,22.6207,37.4039,2004
Toyota,Prius,66.6,64.8,2004
Volkswagen,Passat,24.4,39.7,2004
Volkswagen,Passat,23.8,38.9,2004
Volkswagen,Passat,21.9,36.1,2004
Volkswagen,Passat,21.5,34.5,2004
Volvo,S80 AWD,22.3022,35.0035,2004
Volvo,S80/S80 Premier,22.7,35.7,2004
Ford,Tempo,40,56,1986
Volvo,S80/S80 Premier,22,35.3732,2004
Volvo,S80/S80 Premier,20.8,33.5,2004
Audi,A8 L,19.4,31.2,2004
Bentley,Arnage LWB,11.4,18.5499,2004
BMW,745i,20,33.5,2004
BMW,745li,20,33.5,2004
BMW,760li,16.3486,28.9986,2004
Buick,LeSabre,22,37.8,2004
Buick,Park Avenue,22,37.8,2004
Buick,Park Avenue,20.4725,35.7807,2004
Ford,Tempo,28,42,1986
Cadillac,Armored Deville,15.6037,25.0628,2004
Cadillac,DeVille,19.6,33.9,2004
Cadillac,DeVille,19.6,33.9,2004
Cadillac,Funeral Coach / Hearse,15.6,25,2004
Cadillac,Limousine,16.4,27.3,2004
Chevrolet,Impala,23.5,40.8,2004
Chevrolet,Impala,22.2,38.9,2004
Chevrolet,Impala,20.4725,35.7807,2004
Chevrolet,Malibu Maxx,24.4444,38.4615,2004
Chrysler,300 M,20,34.4441,2004
Ford,Tempo,26,35.8974,1986
Chrysler,Concorde/LHS,23.7,37.3,2004
Chrysler,Concorde/LHS,20.9,34.9,2004
Dodge,Intrepid,23.7,37.3,2004
Dodge,Intrepid,20.9,34.9,2004
Dodge,Intrepid,20,34.4441,2004
Ford,Crown Victoria,18.8006,31.8896,2004
Ford,Taurus,22.2,34.6,2004
Ford,Taurus,21.1,33.6,2004
Jaguar,Vdp 4.2 Litre,20.4499,35.4997,2004
Jaguar,XJ8 4.2 Litre,20.4499,35.4997,2004
Ford,Tempo,25,40,1986
Jaguar,XJR 4.2 Litre,19.2488,31.2499,2004
Kia,Amanti,18.339,31.7493,2004
Lexus,LS 430,19.8381,32.0673,2004
Mercury,Grand Marquis,18.8006,31.8896,2004
Mercury,Marauder,18.7,29.8,2004
Lincoln,Town Car,18.8006,31.8896,2004
Maybach,57,13.3,22.2,2004
Maybach,62,13.1,22,2004
Mercedes-Benz,S430,19.6,33.5,2004
Mercedes-Benz,S430 4matic,18.4,28.5,2004
Ford,Thunderbird,20,28,1986
Mercedes-Benz,S500,17.8,30.5,2004
Mercedes-Benz,S500 4matic,17.4,27.6,2004
Mercedes-Benz,S55 AMG,15.7842,26.9499,2004
Mercedes-Benz,S600,13.8,23.9,2004
Pontiac,Bonneville,22,37.8,2004
Pontiac,Bonneville,20.4725,35.7807,2004
Pontiac,Bonneville,18.8889,30.7692,2004
Toyota,Avalon,23.8,37.3,2004
Volkswagen,Phaeton,17.4,28.5986,2004
Volkswagen,Phaeton,13.6,24,2004
Ford,Thunderbird,22,33,1986
Audi,A4 Avant quattro,23.6,38.9,2004
Audi,A4 Avant quattro,22.4603,36.4194,2004
Audi,A4 Avant quattro,19.4,33.851,2004
Audi,A4 Avant quattro,20.3534,32.5077,2004
Audi,S4 Avant,16.5324,27.1131,2004
Audi,S4 Avant,19.5,30.3,2004
BMW,325i Sport Wagon,22.6,37.8,2004
BMW,325i Sport Wagon,21.5624,34.9976,2004
BMW,325i Sport Wagon,23.3162,38.8644,2004
BMW,325xi Sport Wagon,21.1,33.7,2004
Ford,Thunderbird,21,29,1986
BMW,325xi Sport Wagon,21.4,33.4,2004
Mercedes-Benz,C240 (Wagon),19.2,32.6,2004
Mercedes-Benz,C240 (Wagon),21.3,31.5,2004
Mercedes-Benz,C240 4matic (Wagon),21.2,31.8,2004
Mercedes-Benz,C320 4matic (Wagon),21.4,34.1,2004
Mitsubishi,Lancer Sportback,24.9759,36.4735,2004
Pontiac,Vibe,31.8,43,2004
Pontiac,Vibe AWD,28.5,40.3,2004
Pontiac,Vibe,32.7,46.2,2004
Pontiac,Vibe,27.7,40.6,2004
Ford,Thunderbird,21,33,1986
Subaru,Impreza Wagon/Outback SPT AWD,21.372,32.709,2004
Subaru,Impreza Wagon/Outback SPT AWD,21.9866,34.5379,2004
Subaru,Impreza Wagon/Outback SPT AWD,24.4921,36.0461,2004
Subaru,Impreza Wagon/Outback SPT AWD,23.1706,35.6869,2004
Suzuki,Aerio SX,27.5,39.1,2004
Suzuki,Aerio SX,27.8,39.6,2004
Suzuki,Aerio SX AWD,26.3996,36.6494,2004
Toyota,Matrix,31.6441,42.8397,2004
Toyota,Matrix AWD,28.5,40.3,2004
Toyota,Matrix,32.7,46.2,2004
Plymouth,Turismo,34,51,1985
Ford,Thunderbird,20,33,1986
Toyota,Matrix,27.5489,40.4276,2004
Scion,xB,33.2,43.8,2004
Scion,xB,34.3,45.1,2004
Volkswagen,Jetta Wagon,26.6419,39.8887,2004
Volkswagen,Jetta Wagon,24.2528,37.2883,2004
Volkswagen,Jetta Wagon,40.5,60.2,2004
Volkswagen,Jetta Wagon,35.8652,55.6253,2004
Volkswagen,Jetta Wagon,25.6754,38.2619,2004
Volkswagen,Jetta Wagon,26.5459,38.938,2004
Volvo,V40,24.1807,37.7741,2004
Acura,Legend,21,31,1986
Audi,A6 Avant quattro,20.3534,32.5077,2004
Ford,Focus Station Wagon,27.4499,38.8499,2004
Ford,Focus Station Wagon,29.7,45.0499,2004
Ford,Focus Station Wagon,28.6,42.1,2004
Ford,Focus Station Wagon,26.6524,38.5002,2004
Ford,Focus Station Wagon,27.8,41.8,2004
Ford,Taurus Wagon,21.5995,32.8973,2004
Ford,Taurus Wagon,20.4,31.9,2004
Mercury,Sable Wagon,21.5995,32.8973,2004
Mercury,Sable Wagon,20.4,31.9,2004
Acura,Legend,22,32,1986
Mazda,6 Sport Wagon,21.4622,33.866,2004
Mazda,6 Sport Wagon,20.8905,33.7929,2004
Mercedes-Benz,E320 (Wagon),21.4,34.1,2004
Mercedes-Benz,E320 4matic (Wagon),19.9,29.9,2004
Mercedes-Benz,E500 (Wagon),17.8,30.5,2004
Mercedes-Benz,E500 4matic (Wagon),17.4,27.6,2004
Saab,9-5 Wagon,22.428,35.8763,2004
Saab,9-5 Wagon,22.7,36.8,2004
Saab,9-5 Wagon,23.2,37.7,2004
Saab,9-5 Wagon,21.4566,36.6456,2004
Lambda Control Systems,300E,20,27,1986
Saab,9-5 Wagon,21.5471,35.6482,2004
Saab,9-5 Wagon,21.449,35.8955,2004
Saturn,LW300,27,43.7,2004
Saturn,LW300,22.5222,35.6298,2004
Subaru,Legacy/Outback Wagon AWD,23.8985,35.518,2004
Subaru,Legacy/Outback Wagon AWD,23.684,35.4988,2004
Subaru,Legacy/Outback Wagon AWD,22.2299,33.979,2004
Subaru,Legacy/Outback Wagon AWD,21.1238,32.7009,2004
Volkswagen,Passat Wagon,24.4,39.7,2004
Volkswagen,Passat Wagon,23.8,38.9,2004
Mercury,Cougar,20,28,1986
Volkswagen,Passat Wagon,21.9,36.1,2004
Volkswagen,Passat Wagon,21.5,34.5,2004
Volkswagen,Passat Wagon 4motion,23.8,38.8,2004
Volkswagen,Passat Wagon 4motion,22.3949,36.4516,2004
Volkswagen,Passat Wagon 4motion,20.6969,33.5505,2004
Volkswagen,Passat Wagon 4motion,18.7,31.2,2004
Volkswagen,Passat Wagon 4motion,19.4499,31.5499,2004
Volvo,V70 AWD,22.3022,35.0035,2004
Volvo,V70 FWD,21.9,33.5,2004
Volvo,V70 FWD,20.4,32,2004
Mercury,Cougar,22,33,1986
Volvo,V70 FWD,23.9624,38.7734,2004
Volvo,V70 FWD,24.2,38,2004
Volvo,V70 FWD,22.7,35.7,2004
Volvo,V70 R AWD,19.9,32.1,2004
Volvo,V70 R AWD,19.886,32.3738,2004
Chevrolet,SSR Pickup 2WD,17.5,24.6,2004
Chevrolet,Silverado 15 Hybrid 2WD,19.6,25.9,2004
Chevrolet,Silverado 1500 2WD,17.0791,25.6734,2004
Chevrolet,Silverado 1500 2WD,17,26.7,2004
Chevrolet,Silverado 1500 2WD,18.5,25.9,2004
Mercury,Cougar,21,29,1986
Chevrolet,Silverado 1500 2WD,17.1,25.8,2004
Chevrolet,Silverado 1500 2WD,17.476,24.569,2004
Chevrolet,Silverado 1500 2WD,15.8,22.4499,2004
Chevrolet,Colorado 2WD,19.7,31.6728,2004
Chevrolet,Colorado 2WD,22.7537,34.0611,2004
Chevrolet,Colorado 2WD,20.4769,30.2926,2004
Chevrolet,Colorado 2WD,21.4472,32.3041,2004
Chevrolet,Colorado Crew Cab 2WD,19.7,31.8,2004
Chevrolet,Colorado Crew Cab 2WD,22.6,34.1,2004
Chevrolet,Colorado Crew Cab 2WD,20.4,30.2,2004
Mercury,Cougar,21,33,1986
Dodge,Dakota Pickup 2WD,18.6648,28.2051,2004
Dodge,Dakota Pickup 2WD,17.8327,28.0134,2004
Dodge,Dakota Pickup 2WD,16.6717,25.5725,2004
Dodge,Dakota Pickup 2WD,16.2475,25.5,2004
Dodge,Ram 1500 Pickup 2WD,16.6667,26.9,2004
Dodge,Ram 1500 Pickup 2WD,17.6323,26.8933,2004
Dodge,Ram 1500 Pickup 2WD,15.3907,23.8747,2004
Dodge,Ram 1500 Pickup 2WD,15.6,23.8465,2004
Dodge,Ram 1500 Pickup 2WD,15.0979,23.0769,2004
Dodge,Ram 1500 Pickup 2WD,10.4734,18.7,2004
Mercury,Cougar,20,33,1986
Ford,F150 Pickup 2WD,17.4994,24.5499,2004
Ford,F150 Pickup 2WD,18.5,26.1,2004
Ford,F150 Pickup 2WD,16.6656,24.5467,2004
Ford,F150 Pickup 2WD,16.6879,24.493,2004
Ford,F150 Pickup 2WD,14,21.1,2004
Ford,Ranger Pickup 2WD,24.2416,33.4997,2004
Ford,Ranger Pickup 2WD,26.1535,37.1214,2004
Ford,Ranger Pickup 2WD,19.5499,28.6,2004
Ford,Ranger Pickup 2WD,19.8998,29.1004,2004
Ford,Ranger Pickup 2WD,18.5,27.7,2004
Mercury,Lynx,27,37,1986
Ford,Ranger Pickup 2WD,18.5,27.7,2004
Ford,Ranger Pickup 2WD,19,29.2,2004
GMC,Sierra 15 Hybrid 2WD,19.6,25.9,2004
GMC,Sierra 1500 2WD,17.4,25.9,2004
GMC,Sierra 1500 2WD,17,26.7,2004
GMC,Sierra 1500 2WD,18.5,25.9,2004
GMC,Sierra 1500 2WD,17.1,25.8,2004
GMC,Sierra 1500 2WD,17.4129,24.4969,2004
GMC,Sierra 1500 2WD,15.8,22.4499,2004
GMC,Canyon 2WD,19.7,31.661,2004
Bertone,X1/9,25,36,1985
Lotus,Esprit Turbo,14,25,1985
Plymouth,Turismo,31,42.3077,1985
Mercury,Lynx,33,50,1986
GMC,Canyon 2WD,22.8311,34.0417,2004
GMC,Canyon 2WD,20.4841,30.3013,2004
GMC,Canyon 2WD,21.4338,32.3312,2004
GMC,Canyon Crew Cab 2WD,19.7,31.8,2004
GMC,Canyon Crew Cab 2WD,22.6,34.1,2004
GMC,Canyon Crew Cab 2WD,20.4,30.2,2004
Mazda,B2300 2WD,24.2416,33.4997,2004
Mazda,B2300 2WD,26.1535,37.1214,2004
Mazda,B3000,19.5499,28.6,2004
Mazda,B3000,19.8061,29.2835,2004
Mercury,Lynx,29,44,1986
Mazda,B4000 2WD,18.5,27.7,2004
Mazda,B4000 2WD,19,29.2,2004
Nissan,Frontier 2WD,21.7,30.9,2004
Nissan,Frontier 2WD,24.9,34.1,2004
Nissan,Frontier V6 2WD,16.9,24.2418,2004
Nissan,Frontier V6 2WD,18.6,27.1846,2004
Nissan,Frontier V6 2WD,16.7,23.5,2004
Nissan,Frontier V6 2WD,18.8446,25.9356,2004
Nissan,Titan 2WD,15.4739,23.7416,2004
Toyota,Tacoma 2WD,24.0148,31.7429,2004
Mercury,Lynx,24.4444,35.8974,1986
Toyota,Tacoma 2WD,24.6,34.9,2004
Toyota,Tacoma 2WD,20.7807,27.5731,2004
Toyota,Tacoma 2WD,18.4003,25.7003,2004
Toyota,Tacoma 2WD,21.1,30.9,2004
Toyota,Tundra 2WD,18.2138,25.0204,2004
Toyota,Tundra 2WD,18.2,25.3,2004
Toyota,Tundra 2WD,15.7921,22.6836,2004
Chevrolet,Colorado 4WD,19.5,29.6,2004
Chevrolet,Colorado 4WD,20.8,30,2004
Chevrolet,Colorado 4WD,19.9,29.3,2004
Mercury,Lynx,27,40,1986
Chevrolet,Colorado 4WD,20.4,29.4,2004
Chevrolet,Colorado Crew Cab 4WD,19.5,29.6,2004
Chevrolet,Colorado Crew Cab 4WD,20.8,30,2004
Chevrolet,Colorado Crew Cab 4WD,18.7,28.5,2004
Chevrolet,Silverado 15 Hybrid 4WD,18.7,23.9,2004
Chevrolet,Silverado 1500 4WD,16.0958,23.6312,2004
Chevrolet,Silverado 1500 4WD,15.9822,23.7233,2004
Chevrolet,Silverado 1500 4WD,16.6,23.7,2004
Chevrolet,Silverado 1500 4WD,15.4,22.6,2004
Chevrolet,Silverado 1500 4WD,16.2442,23.2924,2004
Mercury,Lynx,40,55,1986
Chevrolet,Silverado 1500 AWD,14.7,21.2,2004
Chevrolet,S10 Pickup 4WD,16.8,24.8,2004
Dodge,Dakota Pickup 4WD,16.6667,24.359,2004
Dodge,Dakota Pickup 4WD,17.6002,25.641,2004
Dodge,Dakota Pickup 4WD,15.6243,23.6012,2004
Dodge,Dakota Pickup 4WD,16.2,23.9,2004
Dodge,Ram 1500 Pickup 4WD,15.0071,21.7949,2004
Dodge,Ram 1500 Pickup 4WD,14.9993,22.2898,2004
Dodge,Ram 1500 Pickup 4WD,14.5598,22.3367,2004
Ford,F150 Pickup 4WD,16.9535,23.8223,2004
Mercury,Topaz,40,56,1986
Ford,F150 Pickup 4WD,16.6,24.2,2004
Ford,F150 Pickup 4WD,15.7498,23.5187,2004
Ford,F150 Pickup 4WD,13.6895,20.2486,2004
Ford,F150 Pickup 4WD,15.8063,23.5,2004
Ford,Ranger Pickup 4WD,18,25.4,2004
Ford,Ranger Pickup 4WD,19.1,26.3,2004
Ford,Ranger Pickup 4WD,17,24.3,2004
Ford,Ranger Pickup 4WD,16.8,23.8,2004
GMC,Canyon 4WD,19.5,29.6,2004
GMC,Canyon 4WD,20.8,30,2004
Mercury,Topaz,28,42,1986
GMC,Canyon 4WD,19.9,29.3,2004
GMC,Canyon 4WD,20.4,29.4,2004
GMC,Canyon Crew Cab 4WD,19.5,29.6,2004
GMC,Canyon Crew Cab 4WD,20.8,30,2004
GMC,Canyon Crew Cab 4WD,18.7,28.5,2004
GMC,Sierra 15 Hybrid 4WD,18.7,23.9,2004
GMC,Sierra 1500 4WD,15.7327,23.0335,2004
GMC,Sierra 1500 4WD,15.8779,23.4803,2004
GMC,Sierra 1500 4WD,16.6,23.7,2004
GMC,Sierra 1500 4WD,15.4,22.6,2004
Mercury,Topaz,26,35.8974,1986
GMC,Sierra 1500 4WD,16.2747,23.3331,2004
GMC,Sierra 1500 AWD,14.6,21.9,2004
Mazda,B4000 4WD,17,24.3,2004
Mazda,B4000 4WD,16.8,23.8,2004
Nissan,Frontier V6 4WD,16.4756,23.6193,2004
Nissan,Frontier V6 4WD,18.1409,26.1163,2004
Nissan,Frontier V6 4WD,16.6,23.3,2004
Nissan,Frontier V6 4WD,18.7913,25.7398,2004
Nissan,Titan 4WD,15.1563,23.413,2004
Toyota,Tacoma 4WD,20.3158,26.8,2004
Mercury,Topaz,25,39.7436,1986
Toyota,Tacoma 4WD,19.7502,27.1503,2004
Toyota,Tacoma 4WD,17.9,24.4,2004
Toyota,Tacoma 4WD,18.5,25.1,2004
Toyota,Tundra 4WD,17.2049,23.4148,2004
Toyota,Tundra 4WD,17.9974,24.2,2004
Toyota,Tundra 4WD,15.6518,22.0362,2004
Chevrolet,Astro 2WD (cargo),17.9,26.8,2004
Chevrolet,Astro 2WD (cargo) Conversion,16.7,25.4,2004
Chevrolet,Astro AWD (cargo),16.8,24.8,2004
Chevrolet,Astro AWD (cargo) Conversion,15.1,22,2004
Merkur,XR4Ti,20,28,1986
Chevrolet,Van 15/25 2WD Conversion,16,23.8,2004
Chevrolet,Van 15/25 2WD Conversion,17,25.1,2004
Chevrolet,Van 1500/2500 2WD,16.6993,25.3985,2004
Chevrolet,Van 1500/2500 2WD,16.3508,23.2904,2004
Chevrolet,Van 1500 AWD Conversion,15.6,23.2,2004
Chevrolet,Van 1500/2500 AWD,15.7037,23.1787,2004
Ford,E150 Econoline 2WD,16.5,24.3,2004
Ford,E150 Econoline 2WD,15.5,22.3,2004
Ford,E250 Econoline 2WD,16.7,24.6,2004
GMC,Savana 15/25 2WD Conversion (cargo),16,23.8,2004
Plymouth,Turismo,27,37,1985
Merkur,XR4Ti,21,31,1986
GMC,Savana 15/25 2WD Conversion (cargo),17,25.1,2004
GMC,Savana 1500/2500 2WD (cargo),16.6972,25.3943,2004
GMC,Savana 1500/2500 2WD (cargo),16.3975,23.3444,2004
GMC,Savana 15/25 AWD Conversion (cargo),15.6,23.2,2004
GMC,Savana 1500/2500 AWD (cargo),15.7361,23.1721,2004
GMC,Safari 2WD (cargo),17.9,26.8,2004
GMC,Safari 2WD Conversion (cargo),16.7,25.4,2004
GMC,Safari AWD (cargo),16.8,24.8,2004
GMC,Safari AWD Conversion (cargo),15.1,22,2004
Chevrolet,Astro 2WD (passenger),17.4,25.9,2004
Mazda,323,27.7778,39,1986
Chevrolet,Astro AWD (passenger),15.1,22,2004
Chevrolet,Express 1500/2500 2WD,16.6,25.2,2004
Chevrolet,Express 1500/2500 2WD,17,25.1,2004
Chevrolet,Express 1500 AWD,15.6,23.2,2004
Ford,E150 Club Wagon,16.7,24.6,2004
Ford,E150 Club Wagon,14.7,22.4,2004
GMC,Savana 1500/2500 2WD (Passenger),16.6,25.2,2004
GMC,Savana 1500/2500 2WD (Passenger),17,25.1,2004
GMC,Savana 1500 AWD (Passenger),15.6,23.2,2004
GMC,Safari 2WD (Passenger),17.4,25.9,2004
Mazda,323,29,38,1986
GMC,Safari AWD (Passenger),15.1,22,2004
Chevrolet,Venture FWD,21.2,33.3333,2004
Chrysler,Town and Country/Voyager/Grand Voy. 2WD,21.8,33.5481,2004
Chrysler,Town and Country/Voyager/Grand Voy. 2WD,20.5829,32.8499,2004
Chrysler,Town and Country/Voyager/Grand Voy. 2WD,19.8499,31.7499,2004
Dodge,Caravan/Grand Caravan 2WD,21.8,33.5481,2004
Dodge,Caravan/Grand Caravan 2WD,20.8068,33.1253,2004
Dodge,Caravan/Grand Caravan 2WD,19.8499,31.7499,2004
Ford,Freestar Cargo Van FWD,19,29.8,2004
Ford,Freestar Wagon FWD,18.7,29.4,2004
Mazda,323,31,43,1986
Ford,Freestar Wagon FWD,18.1,28.8478,2004
Honda,Odyssey,20.1234,32.193,2004
Kia,Sedona,17.4,28.7,2004
Mazda,MPV,19.7891,31.5189,2004
Mercury,Monterey Wagon FWD,18.1,28.8478,2004
Nissan,Quest,20.7,33.1,2004
Nissan,Quest,19.7,32.1,2004
Oldsmobile,Silhouette 2WD,21.2,33.3333,2004
Pontiac,Montana FWD,21.2,33.3333,2004
Toyota,Sienna 2WD,21.4,34.2,2004
Mazda,626,26.6667,35.8974,1986
Chevrolet,Venture AWD,20,30.7692,2004
Chrysler,Town and Country/Voyager/Grand Voy. AWD,18.7499,29.6499,2004
Dodge,Caravan/Grand Caravan AWD,18.7499,29.6499,2004
Oldsmobile,Silhouette AWD,20,30.7692,2004
Pontiac,Montana AWD,20,30.7692,2004
Toyota,Sienna 4WD,19.9899,31.159,2004
Buick,Rainier 2WD,17.3,26.6,2004
Buick,Rainier 2WD,17.5,24.6,2004
Buick,Rendezvous FWD,21.2,33.3333,2004
Cadillac,Escalade 2WD,16.1,23,2004
Mazda,626,29,41,1986
Cadillac,SRX 2WD,18.0994,29.6459,2004
Cadillac,SRX 2WD,16.7463,26.3864,2004
Chevrolet,Blazer 2WD,17.9,26.8,2004
Chevrolet,Blazer 2WD,16.9,26.6,2004
Chevrolet,Avalanche 1500 2WD,17,25.1,2004
Chevrolet,Suburban 1500 2WD,17,25.1,2004
Chevrolet,Tahoe 1500 2WD,17.3,24.3,2004
Chevrolet,Tahoe 1500 2WD,16.1,23,2004
Chevrolet,Tracker 2WD Hardtop,21,28.2,2004
Chevrolet,Tracker LT 2WD,21,28.2,2004
Mazda,626,24.4444,36,1986
Chevrolet,TrailBlazer 2WD,17.3,26.6,2004
Chevrolet,TrailBlazer Ext 2WD,16.2,24.4,2004
Chevrolet,TrailBlazer Ext 2WD,17.5,24.6,2004
Chrysler,Pacifica 2WD,18.6499,29.526,2004
Chrysler,PT Cruiser,21.1111,33.3333,2004
Chrysler,PT Cruiser,23.7,33.3333,2004
Chrysler,PT Cruiser,23.3333,34.9,2004
Chrysler,PT Cruiser,24.4444,36.6858,2004
Dodge,Durango 2WD,17.7,26.9,2004
Dodge,Durango 2WD,15.4,23.9,2004
Mercedes-Benz,300E,20,28,1986
Dodge,Durango 2WD,15.1,24.1,2004
Ford,Escape 2WD,25.3,35.3,2004
Ford,Escape 2WD,21,32.5,2004
Ford,Expedition 2WD,16.7,24.6,2004
Ford,Expedition 2WD,14.7,22.4,2004
Ford,Explorer 2WD,16.2753,25.0503,2004
GMC,Yukon 1500 2WD,17.3,24.3,2004
GMC,Yukon 1500 2WD,16.1,23,2004
GMC,Yukon XL 1500 2WD,17,25.1,2004
GMC,Envoy 2WD,17.3,26.6,2004
Mercedes-Benz,300E,20,32,1986
GMC,Envoy XL 2WD,16.2,24.4,2004
GMC,Envoy XL 2WD,17.5,24.6,2004
GMC,Jimmy 2WD,16.9,26.6,2004
Honda,CR-V 2WD,25.2,36.8,2004
Honda,Element 2WD,24.8,33.7,2004
Honda,Element 2WD,23.5,32.9,2004
Hyundai,Santa Fe 2WD,22.0959,34.6767,2004
Hyundai,Santa Fe 2WD,22.4,34.3,2004
Hyundai,Santa Fe 2WD,22.5472,33.2,2004
Hyundai,Santa Fe 2WD,18.3193,28.2827,2004
Mercedes-Benz,560SEC,15,21,1986
Infiniti,FX35 RWD,18.7394,29.9786,2004
Infiniti,QX56 2WD,14.8,24.3,2004
Isuzu,Ascender 2WD,16.2,24.4,2004
Isuzu,Ascender 2WD,17.5,24.6,2004
Isuzu,Ascender 5-passenger 2WD,17.3,26.6,2004
Isuzu,Axiom 2WD,20.5,29.9,2004
Isuzu,Rodeo 2WD,19.5,29.4,2004
Isuzu,Rodeo 2WD,19.3,27,2004
Isuzu,Rodeo 2WD,20.5,29.9,2004
Jeep,Grand Cherokee 2WD,18,26.9231,2004
Plymouth,Turismo,28,47,1985
Mitsubishi,Galant,23,33.3333,1986
Jeep,Grand Cherokee 2WD,17.2067,25.641,2004
Jeep,Liberty/Cherokee 2WD,21.3981,31,2004
Jeep,Liberty/Cherokee 2WD,18.9,28.2051,2004
Jeep,Liberty/Cherokee 2WD,17.865,28.2468,2004
Kia,Sorento 2WD,17.4,24.5,2004
Kia,Sorento 2WD,17.6,24.8,2004
Lexus,RX 330 2WD,21.7829,32.8499,2004
Lexus,RX 330 2WD,21.7983,32.9023,2004
Lincoln,Aviator 2WD,14.7,23.2,2004
Lincoln,Navigator 2WD,14.0993,22.6996,2004
Oldsmobile,Calais,25,41,1986
Mazda,Tribute 2WD,25.3,35.3,2004
Mazda,Tribute 2WD,21,32.5,2004
Mercury,Mountaineer 2WD,16.2753,25.0503,2004
Mitsubishi,Endeavor,19.2397,29.6187,2004
Mitsubishi,Montero Sport 2WD,18.8,26,2004
Mitsubishi,Nativa 2WD(Puerto Rico Only),18.8,26,2004
Mitsubishi,Outlander 2WD,23.8,34.1,2004
Nissan,Murano 2WD,22.2,32.4,2004
Nissan,Pathfinder 2WD,17.9579,26.6192,2004
Nissan,Pathfinder Armada 2WD,14.9634,24.3679,2004
Oldsmobile,Calais,26,43,1986
Nissan,Xterra 2WD,20.9,31.3,2004
Nissan,Xterra V6 2WD,16.9,24.2418,2004
Nissan,Xterra V6 2WD,18.6,27.1846,2004
Nissan,Xterra V6 2WD,18.8446,25.9356,2004
Oldsmobile,Bravada 2WD,17.3,26.6,2004
Pontiac,Aztek FWD,21.2,33.3333,2004
Saturn,Vue FWD,24,35.6,2004
Saturn,Vue FWD,26.3,37,2004
Saturn,Vue FWD,22,35.3,2004
Suzuki,Grand Vitara,20.9,28.4,2004
Oldsmobile,Calais,21,35,1986
Suzuki,Grand Vitara,20.6,28.5,2004
Suzuki,Grand Vitara XL7,19.6,28.8,2004
Suzuki,Grand Vitara XL7,19.2,27.9,2004
Suzuki,Vitara 4 Door,20.9,28.4,2004
Suzuki,Vitara 4 Door,20.6,28.5,2004
Toyota,4Runner 2WD,20.1,27.3,2004
Toyota,4Runner 2WD,18.3,25.5,2004
Toyota,Highlander 2WD,24.5,34.8,2004
Toyota,Highlander 2WD,21.4,31.5,2004
Toyota,RAV4 2WD,27.1,37.2,2004
Oldsmobile,Firenza,27,39.7436,1986
Toyota,RAV4 2WD,26.5499,38.3,2004
Toyota,Sequoia 2WD,15.6,22.8,2004
Volvo,XC90 FWD,20.4,31.2,2004
Acura,MDX 4WD,18.5,29.3,2004
Audi,Allroad quattro,17.6,29.4,2004
Audi,Allroad quattro,18.3,28.2,2004
Audi,Allroad quattro,17.8,26.6,2004
BMW,X3,19.2,31.2,2004
BMW,X3,18.5,30.1,2004
BMW,X3,19,31.6,2004
Oldsmobile,Firenza,22,34,1986
BMW,X3,17.7,29.8,2004
BMW,X5,16.4,27.4,2004
BMW,X5,17.5,26.7,2004
BMW,X5,17.7,28,2004
Buick,Rainier AWD,16.9027,26.4981,2004
Buick,Rainier AWD,16.4,23.5,2004
Buick,Rendezvous AWD,20,30.7692,2004
Buick,Rendezvous AWD,19.6601,32.5994,2004
Cadillac,Escalade AWD,14.6,21.9,2004
Cadillac,Escalade ESV AWD,14.6,21.9,2004
Oldsmobile,Firenza,23.3333,36,1986
Cadillac,Escalade Ext AWD,14.6,21.9,2004
Cadillac,SRX AWD,17.5994,28.6457,2004
Cadillac,SRX AWD,16.6462,26.2385,2004
Chevrolet,Blazer 4WD,16.5804,24.1155,2004
Chevrolet,Blazer 4WD,16.6,25.4,2004
Chevrolet,Avalanche 1500 4WD,15.6,23.2,2004
Chevrolet,Suburban 1500 4WD,15.6,23.2,2004
Chevrolet,Suburban 1500 AWD,15.6,23.2,2004
Chevrolet,Tahoe 1500 4WD,16.2,24,2004
Chevrolet,Tahoe 1500 4WD,15.6,23.2,2004
Oldsmobile,Firenza,30,48,1986
Chevrolet,Tahoe 1500 AWD,15.6,23.2,2004
Chevrolet,Tracker 4WD Hardtop,20.8,28.4,2004
Chevrolet,Tracker LT 4WD,20.8,28.4,2004
Chevrolet,Tracker ZR2 4WD,20.8,28.4,2004
Chevrolet,TrailBlazer 4WD,16.9027,26.4981,2004
Chevrolet,TrailBlazer Ext 4WD,16.9027,25.641,2004
Chevrolet,TrailBlazer Ext 4WD,16.4,23.5,2004
Chrysler,Pacifica AWD,18.3995,28.0996,2004
Dodge,Durango 4WD,15.2,22.9,2004
Dodge,Durango 4WD,14.5361,22.4657,2004
Oldsmobile,Firenza,25,37,1986
Ford,Escape 4WD,20.0526,30.0809,2004
Ford,Expedition 4WD,15.2,23.2,2004
Ford,Expedition 4WD,14.7,21.8,2004
Ford,Explorer 4WD,16.1258,24.7773,2004
GMC,Envoy 4WD,16.9027,26.4981,2004
GMC,Envoy XL 4WD,16.349,25.4796,2004
GMC,Envoy XL 4WD,16.1405,23.154,2004
GMC,Jimmy 4WD,16.6,25.4,2004
GMC,Yukon 1500 4WD,16.2,24,2004
GMC,Yukon 1500 4WD,15.6,23.2,2004
Oldsmobile,Firenza,28,41,1986
GMC,Yukon 1500 AWD,15.6,23.2,2004
GMC,Yukon 1500 AWD,14.6,21.9,2004
GMC,Yukon XL 1500 4WD,15.6,23.2,2004
GMC,Yukon XL 1500 AWD,15.6,23.2,2004
GMC,Yukon XL 1500 AWD,14.6,21.9,2004
Honda,CR-V 4WD,24,33.6,2004
Honda,CR-V 4WD,23.6,32.2,2004
Honda,Element 4WD,23.5,31.4,2004
Honda,Element 4WD,23.2488,30.345,2004
Honda,Pilot 4WD,18.8703,28.4966,2004
Plymouth,Turismo,29,47,1985
Oldsmobile,Firenza,21,31,1986
Hyundai,Santa Fe 4WD,20.2995,30.1433,2004
Hyundai,Santa Fe 4WD,18.7435,26.8387,2004
Infiniti,FX35 AWD,18.2783,27.6553,2004
Infiniti,FX45 AWD,16.4,24.6,2004
Infiniti,QX56 4WD,14.4,22.9,2004
Isuzu,Ascender 4WD,16.9027,25.641,2004
Isuzu,Ascender 4WD,16.1,23.1,2004
Isuzu,Ascender 5-passenger 4WD,16.8902,26.4594,2004
Isuzu,Axiom 4WD,18.9979,27.0996,2004
Isuzu,Rodeo 4WD,19,29.1,2004
Oldsmobile,Firenza,21,33,1986
Isuzu,Rodeo 4WD,19.3,27,2004
Isuzu,Rodeo 4WD,18.9979,27.0996,2004
Jeep,Grand Cherokee 4WD,17.8,26.9231,2004
Jeep,Grand Cherokee 4WD,16.6667,25.641,2004
Jeep,Liberty/Cherokee 4WD,21.8959,30.8987,2004
Jeep,Liberty/Cherokee 4WD,18.3673,26.9231,2004
Jeep,Liberty/Cherokee 4WD,17.347,27.7898,2004
Jeep,Wrangler/TJ 4WD,19.5,25.8,2004
Jeep,Wrangler/TJ 4WD,19.8,26.4,2004
Jeep,Wrangler/TJ 4WD,17.5977,25.641,2004
Peugeot,505 Sedan,22,30,1986
Jeep,Wrangler/TJ 4WD,17.9,24.359,2004
Kia,Sorento 4WD,17,25,2004
Kia,Sorento 4WD,17.2,24.7,2004
Land Rover,Freelander,19.5145,26.2985,2004
Land Rover,Discovery Series II,13.3498,19.9499,2004
Land Rover,Range Rover,12.9409,20.6691,2004
Lexus,GX 470,16.6922,23.7249,2004
Lexus,LX 470,14.5054,21.3672,2004
Lexus,RX 330 4WD,20.5138,30.8635,2004
Lexus,RX 330 4WD,20.52,30.8943,2004
Peugeot,505 Sedan,22,31,1986
Lincoln,Aviator 4WD,14.4498,22.249,2004
Mazda,Tribute 4WD,24.3,32.1,2004
Mazda,Tribute 4WD,20.0526,30.0809,2004
Mercedes-Benz,G500,14,18.5,2004
Mercedes-Benz,G55 AMG,15,19.4,2004
Mercedes-Benz,ML350,16.9,23.1,2004
Mercedes-Benz,ML500,15.9,22.1,2004
Mercury,Mountaineer 4WD,16.1258,24.7773,2004
Mitsubishi,Endeavor,18.8397,27.6968,2004
Mitsubishi,Montero,16.6,24.8,2004
Peugeot,505 Sedan,21,28,1986
Mitsubishi,Montero Sport 4WD,17.7,23.4,2004
Mitsubishi,Outlander 4WD,22.5,32.7,2004
Nissan,Murano AWD,22.2,31.3,2004
Nissan,Pathfinder 4WD,16.8794,24.6191,2004
Nissan,Pathfinder Armada 4WD,14.5387,23.096,2004
Nissan,Xterra V6 4WD,16.4321,23.591,2004
Nissan,Xterra V6 4WD,17.9312,26.1262,2004
Nissan,Xterra V6 4WD,18.7065,25.6926,2004
Oldsmobile,Bravada AWD,16.9027,26.4981,2004
Pontiac,Aztek AWD,20,30.7692,2004
Peugeot,505 Sedan,21,31,1986
Porsche,Cayenne,16.8,24.6,2004
Porsche,Cayenne S,15.3,23.7,2004
Porsche,Cayenne Turbo,14.3,23.6,2004
Saturn,Vue AWD,23.7,33.3333,2004
Saturn,Vue AWD,20.7,32.6,2004
Subaru,Baja AWD,23.7,35.4,2004
Subaru,Baja AWD,19.7,30.3,2004
Subaru,Baja AWD,23.7,34.2,2004
Subaru,Baja AWD,20,29.4,2004
Subaru,Forester AWD,20.9,29.7,2004
Peugeot,505 Sedan,26.6667,34,1986
Subaru,Forester AWD,23.9801,35.0201,2004
Subaru,Forester AWD,20.1,29.9,2004
Subaru,Forester AWD,23.7061,35.5227,2004
Suzuki,Grand Vitara 4WD,20.6,28.2,2004
Suzuki,Grand Vitara 4WD,20.7,28.4,2004
Suzuki,Grand Vitara XL7 4WD,19.2,28.3,2004
Suzuki,Grand Vitara XL7 4WD,19,27.6,2004
Suzuki,Vitara 4 Door 4WD,20.6,28.2,2004
Suzuki,Vitara 4 Door 4WD,20.7,28.4,2004
Toyota,4Runner 4WD,19.1995,26.4,2004
Peugeot,505 Sedan,31,42,1986
Toyota,4Runner 4WD,16.9,24.1,2004
Toyota,Highlander 4WD,22.8,32.6,2004
Toyota,Highlander 4WD,20.5,30.6,2004
Toyota,Land Cruiser Wagon 4WD,14.5054,21.3672,2004
Toyota,RAV4 4WD,24.9,34,2004
Toyota,RAV4 4WD,24.1,34.6,2004
Toyota,Sequoia 4WD,15.4248,22.1353,2004
Volkswagen,Touareg,16.6,25.7,2004
Volkswagen,Touareg,15.1,23.4473,2004
Volkswagen,Touareg,19,30.1,2004
Plymouth,Horizon,34,50,1986
Volvo,XC70 AWD,20.7,31.3,2004
Volvo,XC90 AWD,19.6573,30.2905,2004
Volvo,XC90 AWD,16.8,26,2004
Ford,F150 CNG,13.7,20.7,2004
Ford,F150 Dual-fuel 2WD (CNG),13.422,19.9407,2004
Ford,F150 Dual-fuel 4WD (CNG),13.2,19.5,2004
Chevrolet,Silverado 1500 4WD,15.113,22,2004
Chevrolet,Silverado 1500 2WD,16.3399,24.4196,2004
GMC,Sierra 1500 2WD,16.3399,24.4196,2004
GMC,Sierra 1500 4WD,15.1,22,2004
Plymouth,Horizon,31,42.3077,1986
Chevrolet,Avalanche 1500 2WD,15.4,23.1,2004
Chevrolet,Suburban 1500 2WD,15.4,23.1,2004
Chevrolet,Tahoe 1500 2WD,15.9,23.9,2004
GMC,Yukon 1500 2WD,15.9,23.9,2004
GMC,Yukon XL 1500 2WD,15.4,23.1,2004
Chevrolet,Avalanche 1500 4WD,15.4,23.5,2004
Chevrolet,Avalanche 1500 AWD,15.4,23.5,2004
Chevrolet,Suburban 1500 4WD,15.4,23.5,2004
Chevrolet,Suburban 1500 AWD,15.4,23.5,2004
Chevrolet,Tahoe 1500 4WD,15.4,23.5,2004
Plymouth,Turismo,23,38,1985
Plymouth,Horizon,27,37,1986
Chevrolet,Tahoe 1500 AWD,15.4,23.5,2004
GMC,Yukon 1500 4WD,15.4,23.5,2004
GMC,Yukon 1500 AWD,15.4,23.5,2004
GMC,Yukon XL 1500 4WD,15.4,23.5,2004
GMC,Yukon XL 1500 AWD,15.4,23.5,2004
Chevrolet,Cavalier Dual-fuel,27.1455,41.4,2004
Honda,Civic CNG,33.2,43.9,2004
Chevrolet,Silverado 2500 HD 2WD CNG,11.1,15.5,2004
Chrysler,Sebring Convertible,23.5983,35.9931,2004
Chrysler,Sebring Convertible,23.4,35.2989,2004
Plymouth,Horizon,29,45,1986
Chrysler,Sebring 4 Door,23.4,35.3,2004
Dodge,Stratus 4 Door,23.4,35.2989,2004
Chrysler,Sebring 4 Door,23.5983,35.9931,2004
Dodge,Stratus 4 Door,23.5983,35.9931,2004
Ford,Explorer Sport Trac 2WD FFV,17.5646,27.211,2004
Ford,Explorer Sport Trac 4WD FFV,17.0987,25.5955,2004
Ford,Explorer 4WD FFV,17.0987,25.5955,2004
Ford,Explorer 2WD FFV,17.5646,27.211,2004
Mercury,Mountaineer 2WD FFV,17.5646,27.211,2004
Mercedes-Benz,C240 FFV,21.8,32,2004
Pontiac,Grand Am,25,41,1986
Mercedes-Benz,C320 FFV,22.2,33.7,2004
Mercedes-Benz,C320 Sports Coupe FFV,22.2,33.7,2004
Mercedes-Benz,C240 FFV (Wagon),21.8,32.4,2004
Mercedes-Benz,C320 FFV (Wagon),22.2,33.7,2004
Ford,F150 Dual-fuel 2WD (LPG),0,0,2004
Ford,F150 Dual-fuel 4WD (LPG),0,0,2004
Chevrolet,Express Cargo (Bi-fuel),0,0,2004
Chevrolet,Express Passenger (Bi-fuel),0,0,2004
GMC,Savana (cargo) (Bi-fuel),0,0,2004
GMC,Savana Passenger (Bi-fuel),0,0,2004
Pontiac,Grand Am,25,43,1986
Chevrolet,Express Cargo (dedicated CNG),0,0,2004
Chevrolet,Express Passenger (dedicated CNG),0,0,2004
GMC,Savana Cargo (dedicated CNG),0,0,2004
GMC,Savana Passenger (dedicated CNG),0,0,2004
Mercury,Mountaineer 4WD FFV,16.4765,24.7288,2004
Ford,Crown Victoria CNG,14.4,23.5,2004
Mercury,Sable,21.7,34.8,2004
Mercury,Sable Wagon,21.2,33,2004
Ford,Taurus,21.7,34.8,2004
Ford,Taurus Wagon,21.2,33,2004
Pontiac,Grand Am,21,35,1986
Dodge,Ram 1500 Pickup 2WD,13.5,19.2308,2004
Dodge,Ram 1500 Pickup 4WD,13.5,19.2308,2004
BMW,525i,23.3162,38.8644,2004
Volkswagen,Passat,29.9,48.4,2004
BMW,760i,16.3486,28.9986,2004
Volkswagen,Passat Wagon,29.9,48.4,2004
Ford,Explorer 2WD,17.3682,26.8199,2004
Mercury,Mountaineer 2WD,17.3682,26.8199,2004
BMW,X5 4.8IS,17.8,27.4,2004
Ford,Explorer 4WD,16.9,25.7,2004
Pontiac,Sunbird,27,39.7436,1986
Mercury,Mountaineer 4WD,16.7,25.5,2004
Acura,NSX,19.4,31,2005
Acura,NSX,19.3,31.1,2005
Audi,TT Roadster,22,36.2,2005
Audi,TT Roadster quattro,22.1726,36.5686,2005
Audi,TT Roadster quattro,20.6641,32.5215,2005
BMW,Z4 Roadster,22.4,35.7,2005
BMW,Z4 Roadster,22.9,35.9,2005
BMW,Z4 Roadster,22.9,37.5,2005
BMW,Z4 Roadster,21.2536,34.5372,2005
Pontiac,Sunbird,22,34,1986
BMW,Z4 Roadster,22.3982,37.6275,2005
Cadillac,XLR,18.4,31.7,2005
Chevrolet,Corvette,20.4,33.3333,2005
Chevrolet,Corvette,19.8,36.4,2005
Chrysler,Crossfire Coupe,23.4,35.4,2005
Chrysler,Crossfire Coupe,19.1,30.9,2005
Chrysler,Crossfire Coupe,18.8,32.4,2005
Chrysler,Crossfire Roadster,23.4,35.4,2005
Chrysler,Crossfire Roadster,19.1,30.9,2005
Chrysler,Crossfire Roadster,18.8,32.4,2005
Pontiac,Sunbird,23.3333,36,1986
Dodge,Viper Convertible,13.4,25.9,2005
Ferrari,360 Modena/Spider/Challenge,11.9,20.2,2005
Ferrari,360 Modena/Spider/Challenge,11.6498,20.498,2005
Ferrari,575 M Maranello and Superamerica,10.6,20.3,2005
Ferrari,575 M Maranello and Superamerica,11.2498,21.4,2005
Ford,GT,14.4444,26.9,2005
Ford,Thunderbird,19.7,30.8,2005
Ford,Thunderbird,19.3468,31.1,2005
Honda,Insight,62.8,71.4,2005
Honda,Insight,67.7,84.4,2005
Pontiac,Sunbird,30,48,1986
Honda,S2000,21.7,32.5,2005
Lamborghini,L-140/141 Gallardo,10.1,19.7,2005
Lamborghini,L-140/141 Gallardo,10.6,21.9,2005
Lamborghini,L-147/148 Murcielago,10.1,17.1,2005
Lamborghini,L-147/148 Murcielago,10.9,19.6,2005
Lotus,Elise/exige,25.8,34.9,2005
Maserati,Spyder Cambiocorsa/GT/90 ANV,12.8,21.2,2005
Maserati,Spyder Cambiocorsa/GT/90 ANV,12.9755,21.9403,2005
Mazda,MX-5 Miata,24.6,35.6,2005
Mazda,MX-5 Miata,25.8,36.4,2005
Pontiac,Sunbird,28,41,1986
Mazda,MX-5 Miata,25.7,35.6,2005
Mazda,MX-5 Miata,22.7,33,2005
Mercedes-Benz,SLR,14.1746,22.541,2005
Mercedes-Benz,SL500,17.4,29.1,2005
Mercedes-Benz,SL55 AMG,15.0974,25.2964,2005
Mercedes-Benz,SL600,14.1,24.3,2005
Mercedes-Benz,SL65 AMG,13.7193,24.545,2005
Mercedes-Benz,SLK350,21.2,32.6,2005
Mercedes-Benz,SLK350,20.2,32.5,2005
Mercedes-Benz,SLK55 AMG,17.4,28.1,2005
Pontiac,Firebird,24.4444,41.0256,1985
Renault,Alliance/Encore,29,38,1986
Nissan,350z,21.9307,33.6614,2005
Nissan,350z,21.5596,32.6894,2005
Nissan,350z,21.1,32.7,2005
Nissan,350z Roadster,21.7,33.1666,2005
Nissan,350z Roadster,20.5304,31.7653,2005
Porsche,Carrera 2 911 GT3,16.7007,29.3824,2005
Porsche,Carrera GT,11.5093,20.2159,2005
Porsche,Turbo 2 911 GT2,16.833,29.93,2005
Toyota,MR2,29.1,41.3,2005
Toyota,MR2,29,42.1,2005
Renault,Alliance/Encore,38.8889,53,1986
Aston Martin,DB9,13.6012,24.4345,2005
Aston Martin,DB9 Volante,13.9288,23.3504,2005
Aston Martin,V12 Vanquish S,12.1251,21.9955,2005
Audi,TT Coupe,23.1,37.1,2005
Audi,TT Coupe quattro,22.1726,36.5686,2005
Audi,TT Coupe quattro,21.2571,33.2283,2005
BMW,325ci Convertible,20.8,34.5,2005
BMW,325ci Convertible,20.5,33.9,2005
BMW,330ci Convertible,21.6,36.5,2005
BMW,330ci Convertible,20.4,32.5,2005
Renault,Alliance/Encore,35,49,1986
BMW,330ci Convertible,21.1528,34.7518,2005
BMW,M3 Convertible,17.5,29.5431,2005
BMW,M3 Convertible,17.7191,28.1243,2005
Jaguar,XK8 Convertible,19.598,33.0439,2005
Jaguar,XKR Convertible,17.5722,29.1723,2005
Lexus,SC 430,19.4718,29.9479,2005
MINI,Cooper,28.9,44.2,2005
MINI,Cooper,31.1,46.7,2005
MINI,Cooper Convertible,28.8,41.9,2005
MINI,Cooper Convertible,30.4,45.2,2005
Renault,Alliance/Encore,36.6667,50,1986
MINI,Cooper S,27.3735,41.0299,2005
MINI,Cooper S Convertible,27.3735,41.0299,2005
Mitsubishi,Eclipse Spyder,25.5,39.2589,2005
Mitsubishi,Eclipse Spyder,22.6205,33.8793,2005
Mitsubishi,Eclipse Spyder,22.6,36.8,2005
Mitsubishi,Eclipse Spyder,22.7,36.5,2005
Mitsubishi,Eclipse Spyder,22.3,35.5,2005
Mitsubishi,Eclipse Spyder,22.2465,34.3393,2005
Porsche,Carrera 2 Cabriolet,20.8149,33.7593,2005
Porsche,Carrera 2 Cabriolet,20.135,32.9952,2005
Renault,Alliance/Encore,27,36,1986
Porsche,Carrera 2 Cabriolet,19.9,33.8,2005
Porsche,Carrera 2 Cabriolet Kit,20.135,32.9952,2005
Porsche,Carrera 2 Cabriolet Kit,19.9,33.8,2005
Porsche,Carrera 2 Coupe,20.9314,33.9237,2005
Porsche,Carrera 2 Coupe,20.1683,32.7973,2005
Porsche,Carrera 2 Coupe,19.6,33.4,2005
Porsche,Carrera 2 Coupe Kit,20.1683,32.7973,2005
Porsche,Carrera 2 Coupe Kit,19.6,33.4,2005
Porsche,Carrera 2 S Cabriolet,21.1111,33.3333,2005
Porsche,Carrera 2 S Cabriolet,19.9597,33.3333,2005
Renault,Alliance/Encore,33,47,1986
Porsche,Carrera 2 S Coupe,20.5677,32.8016,2005
Porsche,Carrera 2 S Coupe,19.863,32.9215,2005
Porsche,Carrera 4 Cabriolet,18.9277,29.9987,2005
Porsche,Carrera 4 Cabriolet,18.7,30.3,2005
Porsche,Carrera 4 Cabriolet Kit,18.9277,29.9987,2005
Porsche,Carrera 4 Cabriolet Kit,18.7,30.3,2005
Porsche,Carrera 4 S Cabriolet,18.9277,29.9987,2005
Porsche,Carrera 4 S Cabriolet,18.7,30.3,2005
Porsche,Carrera 4 S Cabriolet Kit,18.9277,29.9987,2005
Porsche,Carrera 4 S Cabriolet Kit,18.7,30.3,2005
Rolls-Royce,Camargue,9,14,1986
Porsche,Carrera 4 S Coupe,18.8276,29.1492,2005
Porsche,Carrera 4 S Coupe,18.9,30.3,2005
Porsche,Carrera 4 S Kit,18.8276,29.1492,2005
Porsche,Carrera 4 S Kit,18.9,30.3,2005
Porsche,Targa,20.135,32.9952,2005
Porsche,Targa,19.9,33.8,2005
Porsche,Targa Kit,20.135,32.9952,2005
Porsche,Targa Kit,19.9,33.8,2005
Porsche,Turbo 4 911 Turbo,16.0257,28.2799,2005
Porsche,Turbo 4 911 Turbo,16.5805,28.3585,2005
Saab,900,20,28,1986
Porsche,Turbo 4 911 Cab,15.7187,27.7531,2005
Porsche,Turbo 4 911 Cab,16.7753,28.6776,2005
Porsche,Turbo 4 911 Cab Kit,15.7187,27.7531,2005
Porsche,Turbo 4 911 Cab Kit,16.7753,28.6776,2005
Porsche,Turbo 4 911 Turbo Cab S,15.7187,27.7531,2005
Porsche,Turbo 4 911 Turbo Cab S,16.7753,28.6776,2005
Porsche,Turbo 4 911 Kit,16.0257,28.2799,2005
Porsche,Turbo 4 911 Kit,16.62,28.3386,2005
Porsche,Turbo 4 911 S,16.0257,28.2799,2005
Porsche,Turbo 4 911 S,16.62,28.3386,2005
Saab,900,21,29,1986
Volkswagen,New Beetle Convertible,27.3,38.6,2005
Volkswagen,New Beetle Convertible,24.4057,38.6291,2005
Volkswagen,New Beetle Convertible,26.5131,38.907,2005
Volkswagen,New Beetle Convertible,23.8,39.4,2005
Acura,RSX,30.4,43.3,2005
Acura,RSX,25.2,39.7,2005
Acura,RSX,28,43.3,2005
Audi,A4 Cabriolet,25.5,38.6,2005
Audi,A4 Cabriolet,23.1,36.6,2005
Audi,A4 Cabriolet quattro,20.2445,32.9971,2005
Saab,900,22,31,1986
Audi,S4 Cabriolet,16.5,27.2,2005
Audi,S4 Cabriolet,16.8366,28.3951,2005
BMW,325ci,22.6,37.8,2005
BMW,325ci,21.3158,34.7275,2005
BMW,330ci,22.1254,38.153,2005
BMW,330ci,21.2536,34.5372,2005
BMW,330ci,22.2354,37.2131,2005
BMW,645ci,18.4,32.4,2005
BMW,645ci,20.1469,33.7,2005
BMW,645ci,18.1978,31.2077,2005
Pontiac,Firebird,24.4444,36,1985
Saab,900,22,33,1986
BMW,645ci Convertible,16.6,29.4,2005
BMW,645ci Convertible,20,33.5,2005
BMW,645ci Convertible,16.5462,28.5247,2005
BMW,M3,18,30.9,2005
BMW,M3,18.3217,29.6138,2005
Chevrolet,Cobalt,25.6,37.2,2005
Chevrolet,Cobalt,26.6667,41.0256,2005
Chevrolet,Cobalt,27.7778,43.5897,2005
Ford,Mustang,20.8875,32.2362,2005
Ford,Mustang,21.3,36.3,2005
Saab,900,23.3333,36,1986
Ford,Mustang,19.5145,29.9156,2005
Ford,Mustang,18.7,31.5,2005
Hyundai,Tiburon,24.1325,37.9239,2005
Hyundai,Tiburon,26.2,38.7,2005
Hyundai,Tiburon,21.0924,33.2499,2005
Hyundai,Tiburon,21.4,33.7,2005
Hyundai,Tiburon,20.3,33.9,2005
Jaguar,XK8,19.598,33.0439,2005
Jaguar,XKR,17.5722,29.1723,2005
Maserati,Coupe and Gransport,12.8,21.2,2005
Subaru,Sedan/3 Door,29,40,1986
Maserati,Coupe and Gransport,12.9755,21.9403,2005
Mazda,RX-8,20.4,30.2,2005
Mazda,RX-8,19.9,30.9,2005
Mercedes-Benz,CLK320,22.2,35.7,2005
Mercedes-Benz,CLK320 (Cabriolet),22.2,33.8,2005
Mercedes-Benz,CLK500,18.7,31.7,2005
Mercedes-Benz,CLK500 (Cabriolet),18.7,31.7,2005
Mercedes-Benz,CLK55 AMG,17.6992,28.7,2005
Mercedes-Benz,CLK55 AMG (Cabriolet),17.3632,28.5997,2005
Mitsubishi,Eclipse,23.2774,35.2661,2005
Subaru,Sedan/3 Door,25,32,1986
Mitsubishi,Eclipse,25.6256,39.5837,2005
Mitsubishi,Eclipse,23.2783,35.2691,2005
Mitsubishi,Eclipse,22.6,37.1,2005
Mitsubishi,Eclipse,22.4,37,2005
Mitsubishi,Eclipse,22.3,35.5,2005
Mitsubishi,Eclipse,22.8,35.3,2005
Saab,9-3 Convertible,23.8,36.3,2005
Saab,9-3 Convertible,20.6,34.2,2005
Subaru,Impreza AWD,21.3632,32.8686,2005
Subaru,Impreza AWD,21.9711,34.4961,2005
Subaru,Sedan/3 Door,27.7778,34,1986
Subaru,Impreza AWD,24.8623,36.2274,2005
Subaru,Impreza AWD,25.0837,38.2256,2005
Subaru,Impreza AWD,19.5,30.5,2005
Toyota,Celica,32.1,46,2005
Toyota,Celica,29.5,42.8,2005
Toyota,Celica,27.2,41.7,2005
Toyota,Celica,27.6708,39.7484,2005
Scion,tC,25.7,38.3997,2005
Scion,tC,24.3,37.3,2005
Scion,xA,34.8,49.1,2005
Subaru,Sedan/3 Door,27.7778,39,1986
Scion,xA,35.3,47.5,2005
Volkswagen,New Beetle,27.3,38.8,2005
Volkswagen,New Beetle,24.4057,38.6291,2005
Volkswagen,New Beetle,41.7052,59.0861,2005
Volkswagen,New Beetle,39.1083,53.5772,2005
Volkswagen,New Beetle,26.6264,39.4047,2005
Volkswagen,New Beetle,24.5,39.9,2005
Acura,TSX,23.8,38,2005
Acura,TSX,24.6,39.2,2005
Audi,A4,25.1,37.6,2005
Subaru,3 Door 4WD Turbo,27,37.1795,1986
Audi,A4,24.6,40.1,2005
Audi,A4,23.8,36.9,2005
Audi,A4 quattro,23.4,38.2,2005
Audi,A4 quattro,22.4655,36.8743,2005
Audi,A4 quattro,20.3754,33.4805,2005
Audi,A4 quattro,20.2445,32.9971,2005
Audi,S4,16.5105,27.1174,2005
Audi,S4,17.0836,29.3724,2005
Bentley,Continental GT,12.5498,22.7,2005
BMW,325i,22.6,37.8,2005
Texas Coach Company,500 SEC,13.3333,19,1986
BMW,325i,21.3158,34.7275,2005
BMW,325xi,21.6,34.7,2005
BMW,325xi,21.4,33.4,2005
BMW,330i,22.1254,38.153,2005
BMW,330i,21.2536,34.5372,2005
BMW,330i,22.2354,37.2131,2005
BMW,330xi,22.1,37.4,2005
BMW,330xi,20.1,32.2,2005
Chevrolet,Aveo,28.8,43.3,2005
Chevrolet,Aveo,29.6,45.5,2005
Toyota,Camry,33.3333,46,1986
Chevrolet,Aveo 5,28.8,43.3,2005
Chevrolet,Aveo 5,29.6,45.5,2005
Chevrolet,Cavalier,26.6667,43.6063,2005
Chevrolet,Cavalier,28.8889,46.5883,2005
Chevrolet,Optra,24.5996,38.4958,2005
Chevrolet,Optra,24.7,38.1,2005
Chevrolet,Optra 5,24.5996,38.4958,2005
Chevrolet,Optra 5,24.7,38.1,2005
Chrysler,Sebring,23.5,36.3,2005
Chrysler,Sebring,26.4,40.9,2005
Toyota,Camry,29,41.0256,1986
Chrysler,Sebring,22.3,35.5,2005
Chrysler,Sebring,22.8829,37.4028,2005
Chrysler,Sebring,22.3,35.5,2005
Chrysler,Sebring Convertible,24.6,37.9,2005
Dodge,Neon/SRT-4/SX 2.0,28.1,41.3,2005
Dodge,Neon/SRT-4/SX 2.0,32.2,45.7,2005
Dodge,Neon/SRT-4/SX 2.0,24.2,38.5,2005
Dodge,Stratus,23.5,36.3,2005
Dodge,Stratus,26.4,40.9,2005
Dodge,Stratus,22.3,35.5,2005
Pontiac,Firebird,26.6667,43,1985
Toyota,Camry,31,43,1986
Dodge,Stratus,22.8829,37.4028,2005
Dodge,Stratus,22.3,35.5,2005
Ford,Focus,28.5595,40.6,2005
Ford,Focus,28.4,44.4,2005
Ford,Focus,24.6,39.8424,2005
Honda,Civic,38.5,51.6,2005
Honda,Civic,32.7,48.4,2005
Honda,Civic,33.9,49.3,2005
Honda,Civic,35,48.7,2005
Honda,Civic,40.2,56.2,2005
Toyota,Corolla,31,42,1986
Honda,Civic,35.1,47.4,2005
Honda,Civic,28.4,39.4,2005
Honda,Civic Hybrid,52.6,60.9,2005
Honda,Civic Hybrid,53.2,60.5,2005
Honda,Civic Hybrid,50,64.8,2005
Honda,Civic Hybrid,51.2,64.9,2005
Hyundai,Accent/Brio,29.5,45.4,2005
Hyundai,Accent/Brio,31.4,45.9,2005
Hyundai,Accent/Brio,29.3,44.7,2005
Hyundai,Accent/Brio,32.2,42.8,2005
Toyota,Corolla,31,44.8718,1986
Infiniti,G35,21.6,33.6,2005
Infiniti,G35,20.3661,32.6551,2005
Infiniti,G35,19.3,30.3,2005
Infiniti,G35,20.3661,32.6551,2005
Jaguar,X-Type,20.1489,32.8851,2005
Jaguar,X-Type,21.6,35.3,2005
Jaguar,X-Type,19.4499,32.3,2005
Jaguar,X-Type,20.3,35.3,2005
Kia,Rio,26.3398,40.296,2005
Kia,Rio,28.0199,40.2,2005
Toyota,Corolla,34,48,1986
Lexus,IS 300,19.816,31.7575,2005
Lexus,IS 300,19.9275,31.3085,2005
Mazda,3,30.6472,44.5071,2005
Mazda,3,28.6555,43.3385,2005
Mazda,3,28.19,41.0324,2005
Mazda,3,26.5407,36.835,2005
Mercedes-Benz,C230 Kompressor,26.4,41.4,2005
Mercedes-Benz,C230 Kompressor,25.4,40.5,2005
Mercedes-Benz,C230 Kompressor Sports Coupe,26,40.4,2005
Mercedes-Benz,C230 Kompressor Sports Coupe,26,39.7,2005
Toyota,Cressida,21,29,1986
Mercedes-Benz,C240 4matic,21.2,31.8,2005
Mercedes-Benz,C320,20.6,33.4,2005
Mercedes-Benz,C320 4matic,21.4,32.8,2005
Mercedes-Benz,C320 Sports Coupe,19.3,30.8,2005
Mercedes-Benz,C55 AMG,17.5989,27.8,2005
Mercedes-Benz,CL500,17.8,30.5,2005
Mercedes-Benz,CL55 AMG,15.8943,27.9499,2005
Mercedes-Benz,CL600,14.2,23.9,2005
Mercedes-Benz,CL65 AMG,13.5816,24.8996,2005
Mitsubishi,Lancer,27.7802,39.5386,2005
Toyota,Cressida,21,30.7692,1986
Mitsubishi,Lancer,30.3436,43.6448,2005
Mitsubishi,Lancer,24.9,35.9774,2005
Mitsubishi,Lancer,25.7369,37.3379,2005
Mitsubishi,Lancer Evolution,20.9,32.9,2005
Mitsubishi,Lancer Evolution,20.8,32.7,2005
Nissan,Sentra,31.0202,43.8573,2005
Nissan,Sentra,30.9,45.2,2005
Nissan,Sentra,25.9181,35.727,2005
Nissan,Sentra,25.7,37.4,2005
Pontiac,G6,24.9,41.3,2005
Volkswagen,Golf,41,57,1986
Pontiac,G6,23.3,36.6,2005
Pontiac,Grand Am,27.6149,43.6063,2005
Pontiac,Grand Am,22.2222,37.1795,2005
Pontiac,GTO,18.3466,32,2005
Pontiac,Sunfire,26.6667,43.6063,2005
Pontiac,Sunfire,29.1741,45.766,2005
Pontiac,Wave,28.8,43.3,2005
Pontiac,Wave,29.6,45.5,2005
Pontiac,Wave 5,28.8,43.3,2005
Pontiac,Wave 5,29.6,45.5,2005
Volkswagen,Golf,26,35,1986
Saab,9-3 Sport Sedan,24.3,40.4,2005
Saab,9-3 Sport Sedan,24.2,38.5,2005
Saab,9-3 Sport Sedan,23.8,36.4,2005
Saab,9-3 Sport Sedan,23.8,39.9,2005
Saturn,Ion,25.6,37.2,2005
Saturn,Ion,26.6667,41.0256,2005
Saturn,Ion,29.1741,44.8718,2005
Subaru,Legacy AWD,21.0991,32.3197,2005
Subaru,Legacy AWD,25.0241,38.1096,2005
Subaru,Legacy AWD,24.9993,38.1044,2005
Volkswagen,Golf,30,44,1986
Subaru,Legacy AWD,21.2491,32.1107,2005
Suzuki,Aerio,27.8973,39.5,2005
Suzuki,Aerio,27.8,39.6581,2005
Suzuki,Aerio AWD,26.3996,36.6494,2005
Suzuki,Forenza,24.5996,38.4958,2005
Suzuki,Forenza,24.7,38.1,2005
Suzuki,Reno,24.5996,38.4958,2005
Suzuki,Reno,24.7,38.1,2005
Suzuki,Swift,28.8,43.3,2005
Suzuki,Swift,29.6,45.5,2005
Volkswagen,GTI,29,40,1986
Suzuki,Swift x,28.8,43.3,2005
Suzuki,Swift x,29.6,45.5,2005
Toyota,Camry Solara,25.9,40.6,2005
Toyota,Camry Solara,26.6,42.5,2005
Toyota,Camry Solara,22.8,37.8,2005
Toyota,Camry Solara Convertible,22.4,36.8,2005
Toyota,Corolla,33.5463,49.0495,2005
Toyota,Corolla,35.7499,52.5496,2005
Toyota,Corolla,28.5,43.1,2005
Toyota,Echo,36.7599,50.3796,2005
Pontiac,Firebird,20,33.3333,1985
Volkswagen,Jetta,40,55,1986
Toyota,Echo,39.1838,54.263,2005
Volkswagen,Golf,41.7052,59.0861,2005
Volkswagen,Golf,35.6943,55.3104,2005
Volkswagen,Golf,26.7596,38.5009,2005
Volkswagen,Golf,26.6264,39.4047,2005
Volkswagen,GTI,26.8,40.1,2005
Volkswagen,GTI,24.2363,37.2843,2005
Volkswagen,GTI,24,37.4,2005
Volkswagen,Jetta,26.5,39.994,2005
Volkswagen,Jetta,23.4,37.3,2005
Volkswagen,Jetta,41,57,1986
Volkswagen,Jetta,24.2363,37.2843,2005
Volkswagen,Jetta,41.7052,59.0861,2005
Volkswagen,Jetta,35.6943,55.3104,2005
Volkswagen,Jetta,26.7596,38.5009,2005
Volkswagen,Jetta,26.6264,39.4047,2005
Volkswagen,Passat 4motion,23.8,38.8,2005
Volkswagen,Passat 4motion,22.3518,36.7895,2005
Volkswagen,Passat 4motion,20.578,33.5211,2005
Volvo,S40 AWD,21.6,34.4,2005
Volvo,S40 AWD,22.2,34.6,2005
Volkswagen,Jetta,26,35,1986
Volvo,S40 FWD,24,37.5,2005
Volvo,S40 FWD,24.0179,37.8481,2005
Volvo,S40 FWD,24.1,40,2005
Volvo,S40 FWD,23.6,37.9,2005
Volvo,S60 AWD,21.4725,33.4684,2005
Volvo,S60 FWD,23.6,37.1,2005
Volvo,S60 FWD,24,37.5,2005
Volvo,S60 FWD,22.9,35.6,2005
Volvo,S60 FWD,22.8,37,2005
Volvo,S60 FWD,23.6,37.9,2005
Volkswagen,Jetta,30,44,1986
Volvo,S60 R AWD,20.2,31.3,2005
Volvo,S60 R AWD,19.766,31.162,2005
Acura,RL,20.3,33.0439,2005
Acura,TL,22.5,37,2005
Acura,TL,22.2,36.7,2005
Audi,A8,19.4975,31.1008,2005
Bentley,Arnage,11.4,18.5499,2005
BMW,525i,21,36.2,2005
BMW,525i,20.9,36.2,2005
Volkswagen,Jetta GLI,26.6667,34,1986
BMW,530i,22.1254,38.153,2005
BMW,530i,22.2354,37.2131,2005
BMW,530i,21.4981,36.8989,2005
BMW,545i,18.4,32.4,2005
BMW,545i,20.1469,33.7,2005
BMW,545i,18.1978,31.2077,2005
Buick,Century,22.4,38.2,2005
Buick,Lacrosse/Allure,21,34.8,2005
Buick,Lacrosse/Allure,22,37.8,2005
Cadillac,CTS,19.3,34.5,2005
Volkswagen,Jetta GLI,29,40,1986
Cadillac,CTS,19.513,35.1989,2005
Cadillac,CTS,18.5,34,2005
Cadillac,CTS-V,16.6318,29.2945,2005
Cadillac,STS 2WD,19.3,31.4,2005
Cadillac,STS 2WD,18.4995,32.6958,2005
Cadillac,STS AWD,17.6994,28.7986,2005
Chevrolet,Classic,27.6149,43.6063,2005
Chevrolet,Epica,22.5,35.4,2005
Chevrolet,Malibu,27.1,44.4,2005
Chevrolet,Malibu,24.9,41.3,2005
Volkswagen,Quantum,20,28.2051,1986
Chevrolet,Monte Carlo,23.6,40.5,2005
Chevrolet,Monte Carlo,20.7,36.3,2005
Chevrolet,Monte Carlo,22.2,38.9,2005
Chrysler,Sebring 4 Door,24.6,37.9,2005
Dodge,Stratus 4 Door,24.6,37.9,2005
Ferrari,612 Scaglietti,11.8,21.3,2005
Ferrari,612 Scaglietti,11.3991,21.5499,2005
Honda,Accord,26.3641,43.3201,2005
Honda,Accord,28.9914,43.5319,2005
Honda,Accord,23.4385,38.4844,2005
Volkswagen,Quantum,21,31,1986
Honda,Accord,22.6,38.1,2005
Hyundai,Elantra,27.1,41.4,2005
Hyundai,Elantra,29.7459,43.5963,2005
Hyundai,Sonata,24,38.4,2005
Hyundai,Sonata,24.9,39.1,2005
Hyundai,Sonata,21.6,35.2,2005
Hyundai,Sonata,22.4,34.7,2005
Hyundai,XG350,19.9,33.3,2005
Infiniti,Q45,19.4092,30.1121,2005
Jaguar,S-Type 3.0 Litre,20.1995,33.4997,2005
Volvo,240 DL/240 GL,23,31,1986
Jaguar,S-Type 3.0 Litre,20,33.2,2005
Jaguar,S-Type 4.2 Litre,20.4499,35.4997,2005
Jaguar,S-Type R,19.2488,31.2499,2005
Jaguar,X-Type Sport Brake,20.8995,33.6988,2005
Jaguar,X-Type Sport Brake,21.5,34.9,2005
Jaguar,X-Type Sport Brake,19.7995,31.3,2005
Jaguar,X-Type Sport Brake,20.4,34.3,2005
Kia,Optima,24.2,38.5,2005
Kia,Optima,25.1,38.4,2005
Kia,Optima,22.6,35.1,2005
Volvo,240 DL/240 GL,25,36,1986
Kia,Optima,22.6,35.6,2005
Kia,Spectra,26.7501,43.4688,2005
Kia,Spectra,27.4,41.7,2005
Lexus,ES 330,22.8,37.8,2005
Lexus,GS 300/GS 430,19.9726,31.8922,2005
Lexus,GS 300/GS 430,19.4718,29.9479,2005
Lincoln,LS,21.7,33.8,2005
Lincoln,LS,21.7,33.8,2005
Lincoln,LS,19.7,30.8,2005
Lincoln,LS,19.3468,31.1,2005
Pontiac,Firebird,20,34,1985
Dodge,GLH-S,21,34,1986
Mercury,Sable,22.1,34.6,2005
Mercury,Sable,22.2,34.6,2005
Mazda,6,26.0349,39.8387,2005
Mazda,6,25.0942,35.8974,2005
Mazda,6,21.2925,33.9386,2005
Mazda,6,21.7672,34.823,2005
Mercedes-Benz,E320,22,35.6,2005
Mercedes-Benz,E320 4matic,21,31.8,2005
Mercedes-Benz,E320 Cdi,29.5,47.1,2005
Mercedes-Benz,E500,18.7,31.7,2005
Audi,5000 CS quattro,19,32.0513,1986
Mercedes-Benz,E500 4matic,17.8,26.1,2005
Mercedes-Benz,E55 AMG,15.7842,26.9499,2005
Mitsubishi,Diamante Sedan,18.9,32.1,2005
Mitsubishi,Galant,25.3423,38.0843,2005
Mitsubishi,Galant,20.6177,34.158,2005
Nissan,Altima,26.0375,37.7502,2005
Nissan,Altima,26.6,40.2,2005
Nissan,Altima,23.8,34.8,2005
Nissan,Altima,22.2,36.2,2005
Nissan,Altima,22.6,38.7,2005
Audi,5000 S,20,28,1986
Nissan,Maxima,22.6,37.7,2005
Nissan,Maxima,22.2,36.5,2005
Pontiac,Grand Prix,20.7,36.3,2005
Pontiac,Grand Prix,22.0747,38.2058,2005
Pontiac,Grand Prix,20.0349,34.1053,2005
Rolls-Royce,Phantom,13.7238,23.8,2005
Saab,5-Sep,22.1079,38.642,2005
Saab,5-Sep,21.0232,36.4234,2005
Saturn,L300,22.9,35.9,2005
Suzuki,Verona,22.5,35.4,2005
Audi,5000 S,20,28,1986
Toyota,Camry,26.9016,43.4403,2005
Toyota,Camry,26.6,42.5,2005
Toyota,Camry,22.5,36.2,2005
Toyota,Camry,22.8,37.8,2005
Toyota,Prius,66.6,64.8,2005
Volkswagen,Passat,24.4,39.7,2005
Volkswagen,Passat,23.8,38.9,2005
Volkswagen,Passat,29.9,48.4,2005
Volkswagen,Passat,21.9,36.1,2005
Volkswagen,Passat,21.5,34.5,2005
Audi,5000 S,21,33,1986
Volvo,S80 AWD,21.3,33.2,2005
Volvo,S80 FWD,23.2,38,2005
Volvo,S80 FWD,20.294,33.6827,2005
Audi,A8 L,19.4975,31.1008,2005
Audi,A8 L,16.3,26.3,2005
Bentley,Arnage LWB,11.4,18.5499,2005
BMW,745i,20,33.5,2005
BMW,745li,20,33.5,2005
BMW,760i,16.2814,28.9089,2005
BMW,760li,16.2814,28.9089,2005
Audi,5000 S,20,33,1986
Buick,LeSabre,22,37.8,2005
Buick,Park Avenue,20.7,36.3,2005
Buick,Park Avenue,22,37.8,2005
Cadillac,Armored Deville,15.7183,25.3807,2005
Cadillac,DeVille,18.8889,30.7692,2005
Cadillac,DeVille,19.6,33.9,2005
Cadillac,Funeral Coach / Hearse,15.7183,25.3807,2005
Cadillac,Limousine,16.6,27.2,2005
Chevrolet,Impala,23.6,40.5,2005
Chevrolet,Impala,20.7,36.3,2005
Buick,Century,24.4444,41,1986
Chevrolet,Impala,22.0259,37.9399,2005
Chevrolet,Malibu Maxx,24.9,38.4615,2005
Chrysler,300C AWD,18.8,30.8,2005
Chrysler,300C AWD,19.2,30.6,2005
Chrysler,300C/SRT-8,23.1,35.8989,2005
Chrysler,300C/SRT-8,21.5,34.2,2005
Chrysler,300C/SRT-8,18.7979,31.4992,2005
Ford,Crown Victoria,19.8831,32.0675,2005
Ford,Five Hundred AWD,21.1499,32.6972,2005
Ford,Five Hundred FWD,22,35.2,2005
Buick,Century,21.1111,33,1986
Ford,Five Hundred FWD,23.4,37,2005
Ford,Taurus,22.1,34.6,2005
Ford,Taurus,22.2,34.6,2005
Jaguar,Super V8,19.2488,31.2499,2005
Jaguar,Vdp Lwb,19.6995,34.4988,2005
Jaguar,XJ8 4.2 Litre,20.4499,35.4997,2005
Jaguar,XJ8l,20.4499,35.4997,2005
Jaguar,XJR 4.2 Litre,19.1,31.2499,2005
Kia,Amanti,18.8,31.9,2005
Lexus,LS 430,19.7581,31.8074,2005
Buick,Century,22,35.8974,1986
Mercury,Grand Marquis,19.8831,32.0675,2005
Mercury,Montego AWD,21.1499,32.6972,2005
Mercury,Montego FWD,22,35.2,2005
Mercury,Montego FWD,23.4,37,2005
Lincoln,Town Car,19.8831,32.0675,2005
Maserati,Quattroporte,13.7,19.8499,2005
Maybach,57,13.3,22.2,2005
Maybach,62,13.4,21.9,2005
Mercedes-Benz,S430,19.4,33.5,2005
Mercedes-Benz,S430 4matic,18.4,28.5,2005
Buick,Century,21,37,1986
Mercedes-Benz,S500,17.8,30.5,2005
Mercedes-Benz,S500 4matic,17.4,27.6,2005
Mercedes-Benz,S55 AMG,15.8943,27.9499,2005
Mercedes-Benz,S600,13.8,23.9,2005
Pontiac,Bonneville,22,37.8,2005
Pontiac,Bonneville,18.8889,30.7692,2005
Volkswagen,Phaeton,17.4,28.5986,2005
Volkswagen,Phaeton,13.6,24,2005
Audi,A4 Avant quattro,23.6,38.9,2005
Audi,A4 Avant quattro,22.4655,36.8743,2005
Mazda,RX-7,19,28.2051,1985
Pontiac,Firebird,17.7778,28.2051,1985
Buick,Regal,20,31,1986
Audi,A4 Avant quattro,20.3754,33.4805,2005
Audi,A4 Avant quattro,20.2445,32.9971,2005
Audi,S4 Avant,16.5105,27.1174,2005
Audi,S4 Avant,17.0836,29.3724,2005
BMW,325i Sport Wagon,22.6,37.8,2005
BMW,325i Sport Wagon,21.3158,34.7275,2005
BMW,325xi Sport Wagon,21.1,33.7,2005
BMW,325xi Sport Wagon,21.4,33.4,2005
Chevrolet,Optra Wagon,22.5,35.9,2005
Chevrolet,Optra Wagon,22.7,37.9,2005
Buick,Regal,18.8889,31,1986
Mercedes-Benz,C240 4matic (Wagon),20.6,30.2,2005
Mitsubishi,Lancer Sportback,24.8441,36.6055,2005
Pontiac,Vibe,31.7,43.8,2005
Pontiac,Vibe AWD,28.5,40.3,2005
Pontiac,Vibe,33.5,46.6,2005
Pontiac,Vibe,28.3,41.1,2005
Saab,9-2x Wagon AWD,21.0943,31.8538,2005
Saab,9-2x Wagon AWD,21.6982,33.6772,2005
Saab,9-2x Wagon AWD,25.4,37,2005
Saab,9-2x Wagon AWD,24.9,37.7,2005
Buick,Regal,19,29,1986
Subaru,Impreza Wagon/Outback SPT AWD,21.3632,32.8686,2005
Subaru,Impreza Wagon/Outback SPT AWD,21.9711,34.4961,2005
Subaru,Impreza Wagon/Outback SPT AWD,24.8623,36.2274,2005
Subaru,Impreza Wagon/Outback SPT AWD,25.0241,38.1096,2005
Suzuki,Aerio SX,27.5,39.1,2005
Suzuki,Aerio SX,27.8,39.6,2005
Suzuki,Aerio SX AWD,26.3996,36.6494,2005
Suzuki,Forenza Wagon,22.5,35.9,2005
Suzuki,Forenza Wagon,22.7,37.9,2005
Toyota,Matrix,31.6145,43.6936,2005
Buick,Regal,20,32,1986
Toyota,Matrix AWD,28.5,40.3,2005
Toyota,Matrix,33.36,46.4691,2005
Toyota,Matrix,28.1804,40.3986,2005
Scion,xB,34.6,44.7,2005
Scion,xB,34.3,43.5,2005
Volkswagen,Jetta Wagon,26.5,39.994,2005
Volkswagen,Jetta Wagon,24.2363,37.2843,2005
Volkswagen,Jetta Wagon,40.0012,55.1223,2005
Volkswagen,Jetta Wagon,35.6943,55.3104,2005
Volkswagen,Jetta Wagon,25.2981,37.637,2005
Buick,Riviera,21,38,1986
Volkswagen,Jetta Wagon,26.5131,38.907,2005
Volvo,V50 AWD,21.6,34.4,2005
Volvo,V50 AWD,21.4725,33.4684,2005
Volvo,V50 FWD,24,37.5,2005
Volvo,V50 FWD,24.0179,37.8481,2005
Volvo,V50 FWD,24.1,40,2005
Volvo,V50 FWD,23.6,37.9,2005
Ford,Focus Station Wagon,28.5595,40.6,2005
Ford,Focus Station Wagon,28.4,44.4,2005
Ford,Taurus Wagon,21.1,32.6,2005
Cadillac,Eldorado,19,33,1986
Ford,Taurus Wagon,20.8,34.1,2005
Mercury,Sable Wagon,21.1,32.6,2005
Mercury,Sable Wagon,20.8,34.1,2005
Mazda,6 Sport Wagon,21.2925,33.9386,2005
Mazda,6 Sport Wagon,21.7672,34.823,2005
Mercedes-Benz,E320 (Wagon),21.9,35.3,2005
Mercedes-Benz,E320 4matic (Wagon),20.4,30.8,2005
Mercedes-Benz,E500 4matic (Wagon),17.6,25.5,2005
Mercedes-Benz,E55 AMG (Wagon),15.9975,26.6454,2005
Saab,9-5 Wagon,22.1079,38.642,2005
Cadillac,Seville,19,33,1986
Saab,9-5 Wagon,21.0232,36.4234,2005
Saturn,LW300,22.9,35.9,2005
Subaru,Legacy Wagon AWD,21.0991,32.3197,2005
Subaru,Legacy Wagon AWD,25.0241,38.1096,2005
Subaru,Legacy Wagon AWD,24.9993,38.1044,2005
Subaru,Legacy Wagon AWD,20.9863,31.499,2005
Volkswagen,Passat Wagon,24.4,39.7,2005
Volkswagen,Passat Wagon,23.8,38.9,2005
Volkswagen,Passat Wagon,29.9,48.4,2005
Volkswagen,Passat Wagon,21.9,36.1,2005
Chevrolet,Celebrity,24.4444,41,1986
Volkswagen,Passat Wagon,21.5,34.5,2005
Volkswagen,Passat Wagon 4motion,23.8,38.8,2005
Volkswagen,Passat Wagon 4motion,22.3518,36.7895,2005
Volkswagen,Passat Wagon 4motion,20.578,33.5211,2005
Volvo,V70 AWD,21.4725,33.4684,2005
Volvo,V70 FWD,23.0978,36.097,2005
Volvo,V70 FWD,24,37.5,2005
Volvo,V70 FWD,21.8,33.6,2005
Volvo,V70 FWD,21.6,33.3,2005
Volvo,V70 FWD,23.2,38,2005
Chevrolet,Celebrity,26,40,1986
Volvo,V70 R AWD,20.2,31.3,2005
Volvo,V70 R AWD,19.766,31.162,2005
Chevrolet,Silverado 15 Hybrid 2WD,19.8,26.6,2005
Chevrolet,Silverado 1500 2WD,17.8402,26.9497,2005
Chevrolet,Silverado 1500 2WD,17.7999,27.6999,2005
Chevrolet,Silverado 1500 2WD,18.2996,26.7837,2005
Chevrolet,Silverado 1500 2WD,17.7778,26.9231,2005
Chevrolet,Silverado 1500 2WD,17.437,26.2294,2005
Chevrolet,Silverado 1500 2WD,15.5556,24.359,2005
Chevrolet,Colorado 2WD,19.7416,31.6318,2005
Chevrolet,Celebrity,21.1111,33,1986
Chevrolet,Colorado 2WD,23.0526,33.9768,2005
Chevrolet,Colorado 2WD,20.0972,29.9958,2005
Chevrolet,Colorado 2WD,21.3407,32.2173,2005
Chevrolet,Colorado Crew Cab 2WD,19.7,31.8,2005
Chevrolet,Colorado Crew Cab 2WD,22.9,33.9,2005
Chevrolet,Colorado Crew Cab 2WD,20,29.9,2005
Chevrolet,SSR Pickup 2WD,16.7,24.359,2005
Chevrolet,SSR Pickup 2WD,14.5,25.8,2005
Dodge,Dakota Pickup 2WD,18.1,28.1,2005
Dodge,Dakota Pickup 2WD,17.7778,27.8427,2005
Pontiac,Firebird,17,31,1985
Chevrolet,Celebrity,22,35.8974,1986
Dodge,Dakota Pickup 2WD,16.7,25.5,2005
Dodge,Ram 1500 Pickup 2WD,17.7,26.9,2005
Dodge,Ram 1500 Pickup 2WD,17.7778,27.0967,2005
Dodge,Ram 1500 Pickup 2WD,15.3907,23.8693,2005
Dodge,Ram 1500 Pickup 2WD,15.0979,23.0769,2005
Dodge,Ram 1500 Pickup 2WD,10,15.7,2005
Dodge,Ram 1500 Pickup 2WD,10.4734,18.7,2005
Ford,F150 Pickup 2WD,16.9,25.4,2005
Ford,F150 Pickup 2WD,16.4,25.7,2005
Ford,F150 Pickup 2WD,16.3124,24.2686,2005
Chevrolet,Celebrity,20,32,1986
Ford,F150 Pickup 2WD,15.8603,23.9027,2005
Ford,Ranger Pickup 2WD,24.2416,33.4997,2005
Ford,Ranger Pickup 2WD,26.1399,37.0781,2005
Ford,Ranger Pickup 2WD,19.7006,28.7013,2005
Ford,Ranger Pickup 2WD,19.8998,29.1004,2005
Ford,Ranger Pickup 2WD,18.8,28.6,2005
Ford,Ranger Pickup 2WD,19.7,29.3,2005
GMC,Sierra 15 Hybrid 2WD,19.8,26.6,2005
GMC,Sierra 1500 2WD,17.9,27.1,2005
GMC,Sierra 1500 2WD,17.8,27.7,2005
Chevrolet,Celebrity,21,36,1986
GMC,Sierra 1500 2WD,18.2996,26.8128,2005
GMC,Sierra 1500 2WD,17.7778,26.9231,2005
GMC,Sierra 1500 2WD,17.4477,26.2379,2005
GMC,Sierra 1500 2WD,15.5556,24.359,2005
GMC,Canyon 2WD,19.7508,31.5951,2005
GMC,Canyon 2WD,23.1316,34.0164,2005
GMC,Canyon 2WD,20.1224,30.0223,2005
GMC,Canyon 2WD,21.3341,32.2305,2005
GMC,Canyon Crew Cab 2WD,19.7,31.8,2005
GMC,Canyon Crew Cab 2WD,22.9,33.9,2005
Chevrolet,Monte Carlo,20,30,1986
GMC,Canyon Crew Cab 2WD,20,29.9,2005
Mazda,B2300 2WD,24.2416,33.4997,2005
Mazda,B2300 2WD,26.1399,37.0781,2005
Mazda,B3000,19.6574,28.6723,2005
Mazda,B3000,19.7918,29.3118,2005
Nissan,Titan 2WD,15.4722,23.7749,2005
Toyota,Tacoma 2WD,23.006,33.9082,2005
Toyota,Tacoma 2WD,22.4996,34.6,2005
Toyota,Tacoma 2WD,20.5,28.6,2005
Toyota,Tacoma 2WD,17.7,26.3,2005
Chevrolet,Monte Carlo,20,34,1986
Toyota,Tundra 2WD,20.372,28.4087,2005
Toyota,Tundra 2WD,17.5538,25.7778,2005
Toyota,Tundra 2WD,17.4727,23.6358,2005
Chevrolet,Colorado 4WD,19,29.4,2005
Chevrolet,Colorado 4WD,21,30,2005
Chevrolet,Colorado 4WD,19.8,28.7,2005
Chevrolet,Colorado 4WD,20.7,30.6,2005
Chevrolet,Colorado Crew Cab 4WD,19,29.4,2005
Chevrolet,Colorado Crew Cab 4WD,21,30,2005
Chevrolet,Colorado Crew Cab 4WD,19.3,28.8,2005
Chevrolet,Monte Carlo,19,32,1986
Chevrolet,Silverado 15 Hybrid 4WD,18.9,24.4,2005
Chevrolet,Silverado 1500 4WD,15.8013,23.1462,2005
Chevrolet,Silverado 1500 4WD,16.485,25.0228,2005
Chevrolet,Silverado 1500 4WD,17.435,24.359,2005
Chevrolet,Silverado 1500 4WD,16.6667,24.359,2005
Chevrolet,Silverado 1500 4WD,16.4097,23.783,2005
Chevrolet,Silverado 1500 AWD,15.2,20.7329,2005
Dodge,Dakota Pickup 4WD,16.9094,24.5096,2005
Dodge,Dakota Pickup 4WD,18.1978,25.7452,2005
Dodge,Ram 1500 Pickup 4WD,15.1735,22.832,2005
Chrysler,LeBaron,22,31,1986
Dodge,Ram 1500 Pickup 4WD,14.4742,21.7949,2005
Ford,F150 Pickup 4WD,15.2135,22.5054,2005
Ford,F150 Pickup 4WD,15.7,22.9,2005
Ford,Ranger Pickup 4WD,17.9994,25.5965,2005
Ford,Ranger Pickup 4WD,18.9979,26.3491,2005
Ford,Ranger Pickup 4WD,17.2328,25.1826,2005
Ford,Ranger Pickup 4WD,17.2669,24.1445,2005
GMC,Canyon 4WD,19,29.4,2005
GMC,Canyon 4WD,21,30,2005
GMC,Canyon 4WD,19.8,28.7,2005
Chrysler,LeBaron,26.6667,34,1986
GMC,Canyon 4WD,20.7,30.6,2005
GMC,Canyon Crew Cab 4WD,19,29.4,2005
GMC,Canyon Crew Cab 4WD,21,30,2005
GMC,Canyon Crew Cab 4WD,19.3,28.8,2005
GMC,Sierra 15 Hybrid 4WD,18.9,24.4,2005
GMC,Sierra 1500 4WD,16.1275,23.6835,2005
GMC,Sierra 1500 4WD,16.582,25.1393,2005
GMC,Sierra 1500 4WD,17.5993,24.8017,2005
GMC,Sierra 1500 4WD,16.6667,24.359,2005
GMC,Sierra 1500 4WD,16.4606,23.8213,2005
Chrysler,LeBaron,25,32,1986
GMC,Sierra 1500 AWD,15.2,20.7329,2005
Mazda,B4000 4WD,17.2328,25.1826,2005
Mazda,B4000 4WD,17.2669,24.1445,2005
Nissan,Titan 4WD,15,23.2217,2005
Toyota,Tacoma 4WD,20.8,29.3,2005
Toyota,Tacoma 4WD,19.2517,27.2833,2005
Toyota,Tacoma 4WD,17.4,25.4,2005
Toyota,Tundra 4WD,16.6154,22.8704,2005
Chevrolet,Astro 2WD (cargo),18.3,28.1,2005
Chevrolet,Astro 2WD (cargo) Conversion,17.7,26.6,2005
Chrysler,LeBaron GTS,26.6667,34,1986
Chevrolet,Astro AWD (cargo),16.8,24.8,2005
Chevrolet,Astro AWD (cargo) Conversion,15.1,22,2005
Chevrolet,Van 15/25 2WD Conversion,15.8,23.5,2005
Chevrolet,Van 15/25  2WD Conversion,15.5,22.9,2005
Chevrolet,Van 1500/2500 2WD,17.4797,26.2164,2005
Chevrolet,Van 1500/2500 2WD,16.8269,25.6272,2005
Chevrolet,Van 1500 AWD Conversion,15.5556,23.0769,2005
Chevrolet,Van 1500/2500 AWD,15.5556,23.7,2005
Ford,E150 Econoline 2WD,16.6,24.7,2005
Ford,E150 Econoline 2WD,15.6,22.2,2005
Pontiac,Firebird,18,28,1985
Chrysler,LeBaron GTS,22,31,1986
Ford,E250 Econoline 2WD,16.2,24.1,2005
GMC,Savana 15/25 2WD Conversion (cargo),15.8,23.5,2005
GMC,Savana 15/25 2WD Conversion (cargo),15.5,22.9,2005
GMC,Savana 1500/2500 2WD (cargo),17.0679,25.5035,2005
GMC,Savana 1500/2500 2WD (cargo),16.8355,25.6359,2005
GMC,Savana 15/25 AWD Conversion (cargo),15.5556,23.0769,2005
GMC,Savana 1500/2500 AWD (cargo),15.5556,23.7,2005
GMC,Safari 2WD (cargo),18.3,28.1,2005
GMC,Safari 2WD Conversion (cargo),17.7,26.6,2005
GMC,Safari AWD (cargo),16.8,24.8,2005
Chrysler,LeBaron GTS,28,45,1986
GMC,Safari AWD Conversion (cargo),15.1,22,2005
Chevrolet,Astro 2WD (passenger),17.9,27.1,2005
Chevrolet,Astro AWD (passenger),15.1,22,2005
Chevrolet,Express 1500/2500 2WD,16.6,24.7,2005
Chevrolet,Express 1500/2500 2WD,15.5,22.9,2005
Chevrolet,Express 1500 AWD,15.5556,23.0769,2005
Ford,E150 Club Wagon,16.2,24.1,2005
Ford,E150 Club Wagon,14.4,21.3,2005
GMC,Savana 1500/2500 2WD (Passenger),16.6,24.7,2005
GMC,Savana 1500/2500 2WD (Passenger),15.5,22.9,2005
Chrysler,LeBaron GTS,21,36,1986
GMC,Savana 1500 AWD (Passenger),15.5556,23.0769,2005
GMC,Safari 2WD (Passenger),17.9,27.1,2005
GMC,Safari AWD (Passenger),15.1,22,2005
Buick,Terraza FWD,19.7,31.3,2005
Chevrolet,Uplander FWD,19.7,31.3,2005
Chevrolet,Venture FWD,20.8,33.4,2005
Chrysler,Voyager/Town and Country 2WD,20.6615,32.9467,2005
Chrysler,Voyager/Town and Country 2WD,19.5,31.9,2005
Dodge,Caravan/Grand Caravan 2WD,21.8,33.5481,2005
Dodge,Caravan/Grand Caravan 2WD,21.4,33.8482,2005
Chrysler,LeBaron GTS,25,32,1986
Dodge,Caravan/Grand Caravan 2WD,19.5,31.9,2005
Ford,Freestar Cargo Van FWD,19.9,29.9,2005
Ford,Freestar Cargo Van FWD,19.3105,29.115,2005
Ford,Freestar Wagon FWD,19.9,29.9,2005
Ford,Freestar Wagon FWD,19.2845,29.0712,2005
Honda,Odyssey,21.7,36.1,2005
Honda,Odyssey,20.9,32.5,2005
Kia,Sedona,17.6,28.7,2005
Mazda,MPV,19.9828,31.7766,2005
Mercury,Monterey Wagon FWD,19.3105,29.115,2005
Chrysler,LeBaron GTS,26,41,1986
Nissan,Quest,21,33.3,2005
Nissan,Quest,20.2346,32.3398,2005
Pontiac,Monterey Wagon FWD,20.8,33.4,2005
Pontiac,Montana SVX FWD,19.7,31.3,2005
Saturn,Relay FWD,19.7,31.3,2005
Toyota,Sienna 2WD,20.8,33.5,2005
Buick,Terraza AWD,18.9,29,2005
Chevrolet,Uplander AWD,18.9,29,2005
Pontiac,Montana SVX AWD,18.9,29,2005
Saturn,Relay AWD,18.9,29,2005
Chrysler,Limousine,21,30,1986
Toyota,Sienna 4WD,20.2308,30.5213,2005
Buick,Rainier 2WD,17.5,27.4,2005
Buick,Rainier 2WD,17.4,26.2,2005
Buick,Rendezvous FWD,20.8,33.4,2005
Buick,Rendezvous FWD,20.4,34.1,2005
Cadillac,Escalade 2WD,16.8,25.6,2005
Cadillac,Escalade 2WD,15.8,22.9,2005
Cadillac,SRX 2WD,18.2995,29.9459,2005
Cadillac,SRX 2WD,16.7,26.9231,2005
Chevrolet,Blazer 2WD,18.3,28.1,2005
Chrysler,New Yorker,22,31,1986
Chevrolet,Blazer 2WD,17.3,27.9,2005
Chevrolet,Tahoe 1500 2WD,17.3,25.6,2005
Chevrolet,Tahoe 1500 2WD,16.8,25.6,2005
Chevrolet,Equinox FWD,20.6,32,2005
Chevrolet,TrailBlazer 2WD,17.5,27.4,2005
Chevrolet,TrailBlazer Ext 2WD,16.3,24.7,2005
Chevrolet,TrailBlazer Ext 2WD,16.5498,25.8,2005
Chrysler,Pacifica 2WD,18.6499,29.526,2005
Chrysler,Pacifica 2WD,19.5,31.9,2005
Chrysler,PT Cruiser,21.1111,33.3333,2005
Chrysler,New Yorker,25,32,1986
Chrysler,PT Cruiser,23.7,33.3333,2005
Chrysler,PT Cruiser,23.3333,34.9,2005
Chrysler,PT Cruiser,24.4444,36.6858,2005
Chrysler,PT Cruiser Convertible,21.1111,33.3333,2005
Chrysler,PT Cruiser Convertible,23.7,33.3333,2005
Chrysler,PT Cruiser Convertible,23.3333,34.9,2005
Chrysler,PT Cruiser Convertible,24.4444,36.6858,2005
Dodge,Durango 2WD,17.7,26.9,2005
Dodge,Durango 2WD,15.4,23.9,2005
Dodge,Durango 2WD,15.1,24.1,2005
Chrysler,Newport/Fifth Avenue,18,27,1986
Dodge,Magnum 2WD,23.1,35.8989,2005
Dodge,Magnum 2WD,21.5,34.2,2005
Dodge,Magnum 2WD,18.7979,31.4992,2005
Ford,Escape 2WD,24,32.2,2005
Ford,Escape 2WD,27,37.8,2005
Ford,Escape 2WD,21.8,31.5,2005
Ford,Escape Hybrid 2WD,39.6,39.4423,2005
Ford,Expedition 2WD,15.4,24.4,2005
Ford,Explorer 2WD,17.2832,26.4494,2005
Ford,Explorer 2WD,16.1716,25.0612,2005
Dodge,Aries,27,35.8974,1986
Ford,Freestyle FWD,22.4,34.2,2005
GMC,Yukon 1500 2WD,17.3,25.6,2005
GMC,Yukon 1500 2WD,16.8,25.6,2005
GMC,Envoy 2WD,17.5,27.4,2005
GMC,Envoy XL 2WD,16.3,24.7,2005
GMC,Envoy XL 2WD,16.5498,25.8,2005
GMC,Envoy XUV 2WD,16.3,24.7,2005
GMC,Envoy XUV 2WD,17.2,26.5,2005
Honda,CR-V 2WD,25.6,36.8,2005
Hyundai,Santa Fe 2WD,22.4,33.8,2005
Pontiac,Sunbird Convertible,22,32,1985
Dodge,Aries,26,34,1986
Hyundai,Santa Fe 2WD,22.4,34.3,2005
Hyundai,Santa Fe 2WD,21.6,32,2005
Hyundai,Santa Fe 2WD,19.4,30,2005
Hyundai,Tucson 2WD,24.5,34.5,2005
Hyundai,Tucson 2WD,24.7,35.2,2005
Hyundai,Tucson 2WD,22,32.9,2005
Infiniti,FX35 RWD,18.8389,30.0776,2005
Infiniti,QX56 2WD,14.8,24.3,2005
Isuzu,Ascender 5-passenger 2WD,17.5,27.4,2005
Isuzu,Ascender 7-passenger 2WD,16.3,24.7,2005
Dodge,Aries,28,45,1986
Isuzu,Ascender 7-passenger 2WD,16.5498,25.8,2005
Jeep,Grand Cherokee 2WD,18.8,28.5,2005
Jeep,Grand Cherokee 2WD,16.7,25.5,2005
Jeep,Liberty/Cherokee 2WD,23.1,32.8,2005
Jeep,Liberty/Cherokee 2WD,18.7,28,2005
Jeep,Liberty/Cherokee 2WD,19.5,27.7996,2005
Kia,Sorento 2WD,17.4,28.4,2005
Kia,Sorento 2WD,18.1,25.8,2005
Lexus,RX 330 2WD,21.6294,32.3305,2005
Lexus,RX 330 2WD,21.5,31.9,2005
Dodge,Aries,22,30,1986
Lincoln,Aviator 2WD,14.1,22.9,2005
Lincoln,Navigator 2WD,14.1,22.8,2005
Mazda,Tribute 2WD,24,32.2,2005
Mazda,Tribute 2WD,27,37.8,2005
Mazda,Tribute 2WD,21.8,31.5,2005
Mercury,Mariner 2WD,24.504,32.927,2005
Mercury,Mariner 2WD,21.9289,31.4353,2005
Mercury,Mountaineer 2WD,17.2832,26.4494,2005
Mercury,Mountaineer 2WD,16.1716,25.0612,2005
Mitsubishi,Endeavor 2WD,19.3,29.8,2005
Dodge,Aries,25,33,1986
Mitsubishi,Outlander 2WD,24.2,35.5,2005
Mitsubishi,Outlander 2WD,23.7505,33.6451,2005
Nissan,Armada 2WD,14.9764,24.2614,2005
Nissan,Murano FWD,22.3,32.1,2005
Nissan,Pathfinder 2WD,17.8381,29.2253,2005
Pontiac,Aztek FWD,20.8,33.4,2005
Saturn,Vue FWD,24.6,35.8974,2005
Saturn,Vue FWD,24.3,34.3,2005
Saturn,Vue FWD,25.5,37.3,2005
Saturn,Vue FWD,22,35.3,2005
Dodge,Diplomat,16.6667,22,1986
Suzuki,Grand Vitara,20.9,28.4,2005
Suzuki,Grand Vitara,20.6,28.5,2005
Suzuki,Grand Vitara XL7,19.6,28.8,2005
Suzuki,Grand Vitara XL7,19.2,27.9,2005
Toyota,4Runner 2WD,20.2713,28.2584,2005
Toyota,Highlander 2WD,24.5,34.8,2005
Toyota,Highlander 2WD,21.4,31.5,2005
Toyota,RAV4 2WD,27.1,37.2,2005
Toyota,RAV4 2WD,26.5499,38.3,2005
Toyota,Sequoia 2WD,17.1,23.0996,2005
Dodge,Diplomat,18,27,1986
Volvo,XC90 FWD,19.6,29,2005
Acura,MDX 4WD,18.4,29.3,2005
Audi,Allroad quattro,17.6,29.4,2005
Audi,Allroad quattro,18.3,28.2,2005
Audi,Allroad quattro,17.8,26.6,2005
BMW,X3,19.2,31.2,2005
BMW,X3,18.5,30.1,2005
BMW,X3,19,31.6,2005
BMW,X3,17.7,29.8,2005
BMW,X5,16.4,27.4,2005
Dodge,Diplomat,13.3333,19,1986
BMW,X5,17.5,26.7,2005
BMW,X5,17.7,28,2005
BMW,X5 4.8is,17.8,27.4,2005
Buick,Rainier AWD,16.8,26.2,2005
Buick,Rainier AWD,16.7,24,2005
Buick,Rendezvous AWD,20,30.7692,2005
Buick,Rendezvous AWD,19.6,32.3,2005
Cadillac,Escalade AWD,14.4444,22.3,2005
Cadillac,Escalade ESV AWD,14.4444,22.3,2005
Cadillac,Escalade Ext AWD,14.4444,22.3,2005
Dodge,Lancer,22,31,1986
Cadillac,SRX AWD,17.5994,28.6457,2005
Cadillac,SRX AWD,16.2,25.641,2005
Chevrolet,Blazer 4WD,16.8,24.8,2005
Chevrolet,Blazer 4WD,16.2,24,2005
Chevrolet,Equinox AWD,20.6,32,2005
Chevrolet,Suburban 1500 4WD,16.4,24.359,2005
Chevrolet,Tahoe 1500 4WD,17.3,25.6,2005
Chevrolet,Tahoe 1500 4WD,16.4,24.359,2005
Chevrolet,Tahoe 1500 AWD,16.4,24.359,2005
Chevrolet,TrailBlazer 4WD,16.8,26.2,2005
Dodge,Lancer,26.6667,34,1986
Chevrolet,TrailBlazer Ext 4WD,15.2,23.5,2005
Chevrolet,TrailBlazer Ext 4WD,15.9498,24.3491,2005
Chrysler,Pacifica AWD,18.3995,28.0996,2005
Dodge,Durango 4WD,15.2,22.9,2005
Dodge,Durango 4WD,14.5,22.8,2005
Dodge,Magnum AWD,18.8,30.8,2005
Dodge,Magnum AWD,19.2,30.6,2005
Ford,Escape 4WD,20.6,27.9349,2005
Ford,Escape 4WD,24.3,33.7,2005
Ford,Escape 4WD,19.6,27.9943,2005
Dodge,Lancer,28,45,1986
Ford,Escape Hybrid 4WD,36.6,36.9,2005
Ford,Expedition 4WD,15.7,22.9,2005
Ford,Explorer 4WD,15.9635,25.1246,2005
Ford,Explorer 4WD,15.5158,23.4389,2005
Ford,Freestyle AWD,20.8804,31.0608,2005
GMC,Envoy 4WD,16.8,26.2,2005
GMC,Envoy XL 4WD,15.2,23.5,2005
GMC,Envoy XL 4WD,15.9498,24.3491,2005
GMC,Envoy XUV 4WD,15.2,23.5,2005
GMC,Envoy XUV 4WD,15.9498,24.3491,2005
Pontiac,Sunbird Convertible,26,37.1795,1985
Dodge,Lancer,21,36,1986
GMC,Yukon 1500 4WD,17.3,25.6,2005
GMC,Yukon 1500 4WD,16.4,24.359,2005
GMC,Yukon 1500 AWD,16.4,24.359,2005
GMC,Yukon 1500 AWD,14.4444,22.3,2005
GMC,Yukon XL 1500 AWD,14.4444,22.3,2005
Honda,CR-V 4WD,24.5517,34.6031,2005
Honda,CR-V 4WD,23.5,32.8,2005
Honda,Pilot 4WD,18.4,27.9,2005
Hyundai,Santa Fe 4WD,20.1,29.7,2005
Hyundai,Santa Fe 4WD,18.4,29.2,2005
Dodge,Lancer,25,32,1986
Hyundai,Tucson 4WD,23.5,33.3,2005
Hyundai,Tucson 4WD,21.3,31.3,2005
Infiniti,FX35 AWD,18.0787,27.7182,2005
Infiniti,FX45 AWD,16.7,24.7,2005
Infiniti,QX56 4WD,14.4,22.9,2005
Isuzu,Ascender 5-passenger 4WD,16.8,26.2,2005
Isuzu,Ascender 7-passenger 4WD,16.8,26.2,2005
Isuzu,Ascender 7-passenger 4WD,15.9498,24.3491,2005
Jeep,Grand Cherokee 4WD,18.4,26.9,2005
Jeep,Grand Cherokee 4WD,15.4,24.2,2005
Dodge,Lancer,26,41,1986
Jeep,Liberty/Cherokee 4WD,22.6,30.4,2005
Jeep,Liberty/Cherokee 4WD,18.7,28,2005
Jeep,Liberty/Cherokee 4WD,19.5,27.7996,2005
Jeep,Wrangler/TJ 4WD,20,26.4,2005
Jeep,Wrangler/TJ 4WD,15.8,22.7,2005
Jeep,Wrangler/TJ 4WD,16.3,23.8,2005
Kia,Sorento 4WD,16.1498,25.0451,2005
Kia,Sorento 4WD,17.5,25.5,2005
Land Rover,Freelander,19.6249,26.4243,2005
Land Rover,LR3,15.422,24.2123,2005
Dodge,600,26.6667,34,1986
Land Rover,LR3,15.6,23.3,2005
Land Rover,Range Rover,13.2391,20.4761,2005
Lexus,LX 470,14.4971,21.394,2005
Lexus,RX 330 4WD,20.4523,30.557,2005
Lexus,RX 330 4WD,20.4,30.3,2005
Lincoln,Aviator 4WD,14.1484,22.549,2005
Mazda,Tribute 4WD,20.6,27.9349,2005
Mazda,Tribute 4WD,24.3,33.7,2005
Mazda,Tribute 4WD,19.6,27.9943,2005
Mercedes-Benz,G500,14,18.5,2005
Dodge,600,22,31,1986
Mercedes-Benz,G55 AMG,13.2,18.3,2005
Mercedes-Benz,ML350,16.9,23.1,2005
Mercedes-Benz,ML500,15.9,22.1,2005
Mercury,Mariner 4WD,21.9349,29.5884,2005
Mercury,Mariner 4WD,20.3702,28.9177,2005
Mercury,Mountaineer 4WD,15.4699,24.1381,2005
Mercury,Mountaineer 4WD,15.5158,23.4389,2005
Mitsubishi,Endeavor 4WD,18.9,28,2005
Mitsubishi,Montero,16.2,23.9,2005
Mitsubishi,Outlander 4WD,23.1,34.2,2005
Dodge,600,25,32,1986
Mitsubishi,Outlander 4WD,22.7798,32.1806,2005
Nissan,Armada 4WD,14.5359,22.9893,2005
Nissan,Murano AWD,22.2,31.4,2005
Nissan,Pathfinder 4WD,16.7106,26.639,2005
Pontiac,Aztek AWD,20,30.7692,2005
Porsche,Cayenne,16.8,24.6,2005
Porsche,Cayenne,16.2,25.7,2005
Porsche,Cayenne S,15.3,23.7,2005
Porsche,Cayenne Turbo,14.3,23.6,2005
Saturn,Vue AWD,23.7,33.3333,2005
Ford,LTD,23,32,1986
Saturn,Vue AWD,20.7,32.6,2005
Subaru,Baja AWD,23.7,35.4,2005
Subaru,Baja AWD,20.8204,31.7754,2005
Subaru,Baja AWD,23.7,34.2,2005
Subaru,Baja AWD,20.5,29.5,2005
Subaru,Forester AWD,22.4,29.9,2005
Subaru,Forester AWD,24.8623,36.2274,2005
Subaru,Forester AWD,21.4,30.8,2005
Subaru,Forester AWD,25.0241,38.1096,2005
Subaru,Outback AWD,21.5382,32.5839,2005
Ford,LTD,21,29,1986
Subaru,Outback Wagon AWD,20.8204,31.7754,2005
Subaru,Outback Wagon AWD,25.4257,36.2715,2005
Subaru,Outback Wagon AWD,24.9471,36.2383,2005
Subaru,Outback Wagon AWD,20.8,31.4,2005
Subaru,Outback Wagon AWD,21.5382,32.5839,2005
Suzuki,Grand Vitara 4WD,20.6,28.2,2005
Suzuki,Grand Vitara 4WD,20.7,28.4,2005
Suzuki,Grand Vitara XL7 4WD,19.2,28.3,2005
Suzuki,Grand Vitara XL7 4WD,19,27.6,2005
Toyota,4Runner 4WD,18.8,26.7,2005
Ford,Taurus,22,34,1986
Toyota,Highlander 4WD,23.6,32.6,2005
Toyota,Highlander 4WD,20.5,30.6,2005
Toyota,Land Cruiser Wagon 4WD,14.4971,21.394,2005
Toyota,RAV4 4WD,24.9,34,2005
Toyota,RAV4 4WD,24.1,34.6,2005
Toyota,Sequoia 4WD,16.4496,22.4947,2005
Volkswagen,Touareg,17.9,26.9,2005
Volkswagen,Touareg,15.1,23.4473,2005
Volvo,XC70 AWD,20.3,31,2005
Volvo,XC90 AWD,18.8904,27.9812,2005
Ford,Taurus,24,41,1986
Volvo,XC90 AWD,16.8,26,2005
Mercedes-Benz,C240 FFV,21.8,32,2005
Mercedes-Benz,C320 FFV,22.2,33.7,2005
Mercedes-Benz,C320 Sports Coupe FFV,21,30.6,2005
Mercedes-Benz,C240 FFV (Wagon),21.8,32.4,2005
Chrysler,Sebring Convertible,23.4,35.2989,2005
Chrysler,Sebring Convertible,23.4,35.2989,2005
Chrysler,Sebring 4 Door,23.4,35.2989,2005
Chrysler,Sebring 4 Door,23.4,35.2989,2005
Dodge,Stratus 4 Door,23.4,35.2989,2005
Pontiac,Sunbird Convertible,24,33,1985
Ford,Taurus,22,35.8974,1986
Dodge,Stratus 4 Door,23.4,35.2989,2005
Mercury,Sable,21.6,34.6,2005
Mercury,Sable Wagon,20.7,32.8,2005
Ford,Taurus,21.6,34.6,2005
Ford,Taurus Wagon,20.7,32.8,2005
Ford,Explorer Sport Trac 2WD FFV,16.2847,25.5762,2005
Ford,Explorer Sport Trac 4WD FFV,16.0105,25.0931,2005
Ford,Explorer 4WD FFV,16.0105,25.0931,2005
Ford,Explorer 2WD FFV,16.2847,25.5762,2005
Mercury,Mountaineer FFV 2WD,16.2847,25.5762,2005
Lincoln,Continental,20,33,1986
Mercury,Mountaineer FFV 4WD,15.4717,24.1406,2005
Chevrolet,Silverado 1500 4WD,16.493,23.0769,2005
Chevrolet,Silverado 1500 2WD,17.8203,25.641,2005
Chevrolet,Avalanche 1500 2WD,16,24.4,2005
Chevrolet,Suburban 1500 2WD,16.8,24.9,2005
Chevrolet,Tahoe 1500 2WD,16.8,24.9,2005
GMC,Yukon 1500 2WD,16.8,24.9,2005
GMC,Yukon XL 1500 2WD,16,24.4,2005
Chevrolet,Avalanche 1500 4WD,15.7,23.6,2005
Chevrolet,Suburban 1500 4WD,15.7,23.6,2005
Lincoln,Mark VII,20,33,1986
Chevrolet,Suburban 1500 AWD,15.7,23.6,2005
Chevrolet,Tahoe 1500 4WD,15.7,23.6,2005
Chevrolet,Tahoe 1500 AWD,15.7,23.6,2005
GMC,Yukon 1500 4WD,15.7,23.6,2005
GMC,Yukon 1500 AWD,15.7,23.6,2005
GMC,Yukon XL 1500 4WD,15.7,23.6,2005
GMC,Yukon XL 1500 AWD,15.7,23.6,2005
Honda,Civic CNG,33.2,43.9,2005
Chevrolet,Silverado 2500 HD 2WD CNG,10.1,15.2,2005
GMC,Sierra 2500 HD 2WD CNG,10.1,15.2,2005
Mercury,Marquis,23,32,1986
Chevrolet,Silverado 2500 HD 4WD CNG,10.1,15.1,2005
GMC,Sierra 2500 HD 4WD CNG,10.1,15.1,2005
Dodge,Caravan/Grand Caravan 2WD,0,0,2005
Chrysler,Voyager/Town and Country 2WD,0,0,2005
Dodge,Ram 1500 Pickup 2WD,13.4791,19.2308,2005
Dodge,Ram 1500 Pickup 4WD,13.4791,19.2308,2005
GMC,Sierra 1500 4WD,16.493,23.0769,2005
Honda,Accord Hybrid,32.2,46.9,2005
Mercury,Marquis,21,29,1986
Honda,Element 2WD,24.3,33.4,2005
Honda,Element 2WD,23.6,32.5,2005
Honda,Element 4WD,23.4,31.4,2005
Honda,Element 4WD,23.1625,30.929,2005
Ferrari,F430,12.153,20.6177,2005
Ferrari,F430,12,21.42,2005
MINI,Cooper S,25.9519,40.7029,2005
MINI,Cooper S Convertible,25.9519,40.7029,2005
Porsche,Carrera 2 Cabriolet,20.4618,33.4099,2005
Porsche,Carrera 2 Coupe,20.3931,33.6685,2005
Mercury,Sable,22,33,1986
Audi,A4,26.7,41.6,2005
Audi,A4,25.6,43.6,2005
Audi,A4 quattro,24.6,39.4,2005
Audi,A4 quattro,24.2,38.2,2005
Audi,A4 quattro,20.8217,33.5535,2005
BMW,325i,23.3162,38.8644,2005
Pontiac,GTO,17.7,26.7,2005
Volkswagen,Jetta,24.045,38.6,2005
Volkswagen,Jetta,24.174,38.6509,2005
Audi,A6 quattro,20.8217,33.5535,2005
Mercury,Sable,22,35.8974,1986
Cadillac,CTS,20,34.1,2005
Audi,A4 Avant quattro,24.6,39.4,2005
Audi,A4 Avant quattro,24.2,38.2,2005
Audi,A4 Avant quattro,20.8217,33.5535,2005
Chevrolet,Silverado 2500 HD 2WD,12.3,16.5,2005
Dodge,Dakota Pickup 2WD,16.4,25.6,2005
Dodge,Ram 1500 Pickup 2WD,15.6,23.9,2005
GMC,Sierra 2500 Hd 2WD,12.3,16.5,2005
Mazda,B4000 2WD,18.8,28.6,2005
Mazda,B4000 2WD,19.7,29.3,2005
Maserati,Quattroporte,8.8889,13,1986
Nissan,Frontier 2WD,20.8,30.2,2005
Nissan,Frontier 2WD,24.5,31.8,2005
Nissan,Frontier V6 2WD,17.5766,26.2517,2005
Nissan,Frontier V6 2WD,19,27.4,2005
Dodge,Dakota Pickup 4WD,16.8,25.8,2005
Dodge,Dakota Pickup 4WD,16.3,24.359,2005
Dodge,Ram 1500 Pickup 4WD,15.1,22.7,2005
Nissan,Frontier V6 4WD,17.1793,26.1688,2005
Nissan,Frontier V6 4WD,18.7397,26.6371,2005
Saab,9-7X AWD,16.8699,26.6174,2005
Mercedes-Benz,420SEL,17,23,1986
Saab,9-7X AWD,16.7,24,2005
GMC,Envoy 2WD,17.4,26.2,2005
Kia,Sportage 2WD,24.5,34.5,2005
Kia,Sportage 2WD,24.8,35.2,2005
Kia,Sportage 2WD,21.6,32.4,2005
Toyota,4Runner 2WD,18.6583,25.4541,2005
GMC,Envoy 4WD,16.7,24,2005
Jeep,Grand Cherokee 4WD,16.8,25.8,2005
Kia,Sportage 4WD,23.6,33.2,2005
Kia,Sportage 4WD,21.1,29.3986,2005
Mercedes-Benz,560SEL,15,21,1986
Lexus,GX 470,17,24.2,2005
Toyota,4Runner 4WD,17.9,24.5,2005
Volvo,XC90 AWD,16.2478,25.7189,2005
GMC,Sierra 1500 2WD,17.8203,25.641,2005
Nissan,Titan 2WD,15.6913,23.9149,2005
Nissan,Titan 4WD,15.1518,22.9987,2005
Jeep,Liberty/Cherokee 4WD,23.7499,33.6499,2005
Toyota,Avalon,24.0513,39.1619,2005
Volkswagen,Jetta,40.0012,55.1223,2005
Volkswagen,Jetta,39.1083,53.5772,2005
Pontiac,Sunbird Convertible,29,45,1985
Oldsmobile,Cutlass Ciera,24.4444,41,1986
Pontiac,Grand Prix,20.3,35.1,2005
Chrysler,300C/SRT-8,15.8,25.3,2005
Jeep,Grand Cherokee 2WD,15.4,24.2,2005
Nissan,Xterra 2WD,17.9,27.6,2005
Nissan,Xterra 2WD,18.6,28.6,2005
Nissan,Xterra 4WD,17.6,26.5,2005
Nissan,Xterra 4WD,18.7378,26.8478,2005
Honda,CR-V 2WD,25.1,31.8,1999
Honda,CR-V 4WD,24.5,31.8,1999
Honda,CR-V 4WD,24.4,31.7,1999
Oldsmobile,Cutlass Ciera,21.1111,33,1986
Spyker,C8 Laviolette,15.9553,24.7714,2005
Spyker,C8 Spyder,15.9553,24.7714,2005
Spyker,C8 Spyder Wide Body,15.9553,24.7714,2005
Aston Martin,DB9 Coupe Manual,12.5375,22.4942,2005
Aston Martin,DB9 Volante Manual,11.8425,21.9968,2005
Audi,TT Roadster,22,36.2,2006
Audi,TT Roadster quattro,22.1841,36.5599,2006
Audi,TT Roadster quattro,20.6641,32.5215,2006
Cadillac,XLR,18.4,31.7,2006
Chevrolet,Corvette,19.8,36.4,2006
Oldsmobile,Cutlass Ciera,22,35.8974,1986
Chevrolet,Corvette,18.9,35.1,2006
Chevrolet,Corvette,18.3,33.6,2006
Chrysler,Crossfire Coupe,23.4,35.4,2006
Chrysler,Crossfire Coupe,19.1,30.9,2006
Chrysler,Crossfire Coupe,18.8,32.4,2006
Chrysler,Crossfire Roadster,23.4,35.4,2006
Chrysler,Crossfire Roadster,19.1,30.9,2006
Chrysler,Crossfire Roadster,18.8,32.4,2006
Dodge,Viper Convertible,13.4,25.9,2006
Ferrari,F430,13.7,21.7949,2006
Oldsmobile,Cutlass Ciera,20,32,1986
Ferrari,F430,13.9,22.3,2006
Honda,Insight,62.8,71.4,2006
Honda,Insight,67,84.2,2006
Honda,S2000,22.2,33.1,2006
Lamborghini,L-140/715 Gallardo,12.1,21.1,2006
Lamborghini,L-140/715 Gallardo,12.6,21.7949,2006
Lamborghini,L-140/715 Gallardo,13.3,23.0769,2006
Lamborghini,L-140/715 Gallardo,12.7,21.7949,2006
Lamborghini,L-147/148 Murcielago,10.2,17.3,2006
Lamborghini,L-147/148 Murcielago,10.9,19.6,2006
Oldsmobile,Cutlass Ciera,21,36,1986
Mazda,MX-5,27.4,38,2006
Mazda,MX-5,27.0424,38.5849,2006
Mazda,MX-5,24.7864,38.544,2006
Mercedes-Benz,SL500,17.3,30.2,2006
Mercedes-Benz,SL55 AMG,15.3,25.6,2006
Mercedes-Benz,SL600,14.1,24.3,2006
Mercedes-Benz,SL65 AMG,14.4,24.9,2006
Mercedes-Benz,SLK280,22.5,34.8,2006
Mercedes-Benz,SLK280,21.6,35,2006
Mercedes-Benz,SLK350,21.3,30.8,2006
Oldsmobile,Cutlass Ciera,21,38,1986
Mercedes-Benz,SLK350,20.2,32.5,2006
Mercedes-Benz,SLK55 AMG,17.4,28.1,2006
Mercedes-Benz,SLR,13.8982,22.2247,2006
Nissan,350z,21.3597,32.1783,2006
Nissan,350z,20.8475,31.8346,2006
Nissan,350z Roadster,20.9,31.6,2006
Nissan,350z Roadster,20.3,31.3,2006
Pontiac,Solstice,21.9,36.3,2006
Porsche,Boxster,20.5482,33.4973,2006
Porsche,Boxster,22.1,37.3,2006
Oldsmobile,Cutlass Supreme,20,31,1986
Porsche,Boxster,22.5,36.3,2006
Porsche,Boxster S,20.2404,34.0988,2006
Porsche,Boxster S,21.5,34.4,2006
Aston Martin,DB9 Coupe,13.6,24.4,2006
Aston Martin,DB9 Coupe Manual,12.5,22.5,2006
Aston Martin,DB9 Volante,13.9,23.4,2006
Aston Martin,DB9 Volante Manual,12.5,22.5,2006
Aston Martin,V12 Vanquish S,12.1251,21.9955,2006
Audi,TT Coupe,23.1,37.1,2006
Audi,TT Coupe quattro,22.1841,36.5599,2006
Oldsmobile,Cutlass Supreme,19,29,1986
Audi,TT Coupe quattro,21.2571,33.2283,2006
BMW,325ci Convertible,20.8,34.5,2006
BMW,325ci Convertible,20.5,33.9,2006
BMW,330ci Convertible,21.6,36.5,2006
BMW,330ci Convertible,20.2029,32.2542,2006
BMW,M3 Convertible,17.5,29.5431,2006
BMW,M3 Convertible,17.7191,28.1243,2006
Jaguar,XK8 Convertible,19.598,33.0439,2006
Jaguar,XKR Convertible,18.6499,30.5499,2006
Lexus,SC 430,20.7499,32.1493,2006
Oldsmobile,Cutlass Supreme,20,32,1986
MINI,Cooper,28.9,44.2,2006
MINI,Cooper,31.1,46.7,2006
MINI,Cooper Convertible,28.8,41.9,2006
MINI,Cooper Convertible,30.4,45.2,2006
MINI,Cooper S,27.3377,40.9188,2006
MINI,Cooper S,26.061,40.9577,2006
MINI,Cooper S Convertible,27.3377,40.9188,2006
MINI,Cooper S Convertible,26.061,40.9577,2006
Porsche,Carrera 2 Cabriolet,20.8609,33.8286,2006
Porsche,Carrera 2 Cabriolet,20.4605,33.5175,2006
Oldsmobile,Toronado,21,38,1986
Porsche,Carrera 2 Coupe,20.8609,33.8286,2006
Porsche,Carrera 2 Coupe,20.4605,33.5175,2006
Porsche,Carrera 2 S Cabriolet,20.51,32.6078,2006
Porsche,Carrera 2 S Cabriolet,19.9608,32.7779,2006
Porsche,Carrera 2 S Coupe,20.51,32.6078,2006
Porsche,Carrera 2 S Coupe,19.9608,32.7779,2006
Porsche,Carrera 4 Cabriolet,20.005,32.8,2006
Porsche,Carrera 4 Cabriolet,20.212,32.8226,2006
Porsche,Carrera 4 Coupe,20.1683,32.8973,2006
Porsche,Carrera 4 Coupe,20.212,32.8226,2006
Pontiac,1000,30,42,1985
Plymouth,Caravelle,22,31,1986
Porsche,Carrera 4 S Cabriolet,20.1505,31.5987,2006
Porsche,Carrera 4 S Cabriolet,19.2375,31.8245,2006
Porsche,Carrera 4 S Coupe,20.3407,31.9462,2006
Porsche,Carrera 4 S Coupe,19.2375,31.8245,2006
Volkswagen,New Beetle Convertible,24.2789,38.6323,2006
Volkswagen,New Beetle Convertible,24.0872,38.8392,2006
Acura,RSX,30.4,43.3,2006
Acura,RSX,25.2,39.7,2006
Acura,RSX,28,43.3,2006
Audi,A4 Cabriolet,25.5,38.6,2006
Plymouth,Caravelle,26.6667,34,1986
Audi,A4 Cabriolet quattro,19.8,32.1,2006
Audi,S4 Cabriolet,16.5,27.2,2006
Audi,S4 Cabriolet,16.8366,28.3951,2006
BMW,325ci,22.6,37.8,2006
BMW,325ci,21.5854,35.0227,2006
BMW,330ci,22.3566,38.6609,2006
BMW,330ci,20.947,34.0894,2006
BMW,650ci,16.8,29.4,2006
BMW,650ci,19.2173,31.8429,2006
BMW,650ci,17.2855,28.0644,2006
Plymouth,Caravelle,25,32,1986
BMW,650ci Convertible,16.1,27.8,2006
BMW,650ci Convertible,18.9,31.9,2006
BMW,650ci Convertible,16.3976,26.6697,2006
BMW,M3,17.8899,30.9,2006
BMW,M3,18.3217,29.6138,2006
Chevrolet,Aveo 5,26.9,44,2006
Chevrolet,Aveo 5,28.6,44.9,2006
Chevrolet,Cobalt,25.8,37.8,2006
Chevrolet,Cobalt,26.6667,41.1,2006
Chevrolet,Cobalt,27.7778,43.5897,2006
Plymouth,Gran Fury,18,27,1986
Chevrolet,Cobalt,26.6667,41.0256,2006
Chevrolet,Cobalt,27.9,43.9,2006
Ford,Mustang,20.8292,32.1224,2006
Ford,Mustang,21.2,36,2006
Ford,Mustang,19.0918,30.0007,2006
Ford,Mustang,18.7,31.5,2006
Honda,Civic,33.0781,51.3316,2006
Honda,Civic,33.7525,48.2308,2006
Hyundai,Tiburon,24.1325,37.9239,2006
Hyundai,Tiburon,26.2,38.7,2006
Plymouth,Gran Fury,16.6667,22,1986
Hyundai,Tiburon,21.0924,33.2499,2006
Hyundai,Tiburon,21.4,33.7,2006
Hyundai,Tiburon,20.3,33.9,2006
Jaguar,XK8,19.598,33.0439,2006
Jaguar,XKR,18.6499,30.5499,2006
Lexus,IS 250,22.6765,36.5777,2006
Lexus,IS 250,26.7315,41.0922,2006
Lexus,IS 250 AWD,24.5898,36.2901,2006
Lexus,IS 350,23.6303,35.8105,2006
Maserati,Coupe Cambiocorsa/GT/G-Sport,13.7484,24.4963,2006
Plymouth,Gran Fury,13.3333,19,1986
Maserati,Coupe Cambiocorsa/GT/G-Sport,14.3,23.1,2006
Mazda,RX-8,20.4,30.2,2006
Mazda,RX-8,20.1888,32,2006
Mercedes-Benz,CLK350,21.5,35.9,2006
Mercedes-Benz,CLK350 (Cabriolet),20.4,33.9988,2006
Mercedes-Benz,CLK500,18.7,31.7,2006
Mercedes-Benz,CLK500 (Cabriolet),18.7,31.7,2006
Mercedes-Benz,CLK55 AMG (Cabriolet),18.2,28.5,2006
Mitsubishi,Eclipse,25.1491,38.6236,2006
Mitsubishi,Eclipse,25.0248,36.5959,2006
Plymouth,Reliant,27,35.8974,1986
Mitsubishi,Eclipse,19.8098,34.3961,2006
Mitsubishi,Eclipse,21.2,35.7545,2006
Pontiac,Wave 5,26.9,44,2006
Pontiac,Wave 5,28.6,44.9,2006
Saab,9-3 Convertible,23.3,37.1,2006
Saab,9-3 Convertible,21.3,35,2006
Saab,9-3 Convertible,19.8,36.1,2006
Saab,9-3 Convertible,18.9,35.8,2006
Subaru,Impreza AWD,23.0983,32.8209,2006
Subaru,Impreza AWD,25.1393,35.5232,2006
Plymouth,Reliant,26,34,1986
Subaru,Impreza AWD,21.6772,33.4229,2006
Subaru,Impreza AWD,24.5645,37.3063,2006
Subaru,Impreza AWD,19.5,30.5,2006
Suzuki,Swift x,26.9,44,2006
Suzuki,Swift x,28.6,44.9,2006
Scion,tC,25.7,38.3997,2006
Scion,tC,24.3,37.3,2006
Scion,xA,34.8,49.1,2006
Scion,xA,35.3,47.5,2006
Volkswagen,New Beetle,40.8251,56.4914,2006
Plymouth,Reliant,28,45,1986
Volkswagen,New Beetle,38.6518,53.7436,2006
Volkswagen,New Beetle,24.9874,39.3768,2006
Volkswagen,New Beetle,25.1735,40.8,2006
Audi,A4,26.7,41.6,2006
Audi,A4,25.6,43.6,2006
Audi,A4,22.9993,37.5593,2006
Audi,A4 quattro,24.6,39.4,2006
Audi,A4 quattro,24.2,38.2,2006
Audi,A4 quattro,19.2,34.2,2006
Audi,A4 quattro,21.2256,34.1827,2006
Plymouth,Reliant,25,33,1986
Audi,S4,16.5399,27.1117,2006
Audi,S4,17.0836,29.3724,2006
Bentley,Continental GT,12.8,23.8,2006
BMW,325i,22.449,38.5592,2006
BMW,325i,22.8833,37.5345,2006
BMW,325xi,21.5799,35.6611,2006
BMW,325xi,21.9928,35.0034,2006
BMW,330i,22.449,38.5592,2006
BMW,330i,22.8833,37.5345,2006
BMW,330i,20.9687,35.0734,2006
Pontiac,1000,31,43,1985
Plymouth,Reliant,22,30,1986
BMW,330xi,21.5799,35.6611,2006
BMW,330xi,21.9928,35.0034,2006
Chevrolet,Optra,23.9,39.2,2006
Chevrolet,Optra,25.4,39.1,2006
Chevrolet,Optra 5,23.9,39.2,2006
Chevrolet,Optra 5,25.4,39.1,2006
Chrysler,Sebring Convertible,24.6,37.9,2006
Ford,Focus,28.5529,40.7385,2006
Ford,Focus,29.2305,43.2307,2006
Ford,Focus,24.6,39.9,2006
Pontiac,Bonneville,20,31,1986
Hyundai,Accent,31.6,46.6379,2006
Hyundai,Accent,35.4,44.9,2006
Infiniti,G35,21.6,33.6,2006
Infiniti,G35,20.5549,32.2346,2006
Infiniti,G35,19.3,30.3,2006
Infiniti,G35,20.5549,32.2346,2006
Jaguar,X-Type,19.8489,30.6948,2006
Jaguar,X-Type,20.1,34,2006
Kia,Rio,32.1991,48.8162,2006
Kia,Rio,35.3749,44.6199,2006
Pontiac,Bonneville,20,30,1986
Mazda,3,31.1397,45.0794,2006
Mazda,3,28.7269,43.0537,2006
Mazda,3,28.4994,41.3975,2006
Mazda,3,27.6351,39.7825,2006
Mercedes-Benz,C230,23.6,38,2006
Mercedes-Benz,C230,22.8,37.8,2006
Mercedes-Benz,C280,22.8,36.4,2006
Mercedes-Benz,C280 4matic,21.6,33.6,2006
Mercedes-Benz,C350,22.1,37.1,2006
Mercedes-Benz,C350,22.4,36.5,2006
Pontiac,Bonneville,20,34,1986
Mercedes-Benz,C350 4matic,20.9,30.5,2006
Mercedes-Benz,C55 AMG,18.6,27.8,2006
Mercedes-Benz,CL500,17.8,30.5,2006
Mercedes-Benz,CL55 AMG,16.2,28,2006
Mercedes-Benz,CL600,14.2,23.9,2006
Mercedes-Benz,CL65 AMG,14.1,25,2006
Mercedes-Benz,CLS500,17.3,28,2006
Mercedes-Benz,CLS55 AMG,16.1,25.9,2006
Mitsubishi,Lancer,27.9677,40.1019,2006
Mitsubishi,Lancer,30.0093,43.4907,2006
Pontiac,Bonneville,19,32,1986
Mitsubishi,Lancer,24.7359,37.5361,2006
Mitsubishi,Lancer,25.7497,37.3507,2006
Mitsubishi,Lancer Evolution,20.7,31.8,2006
Mitsubishi,Lancer Evolution,19.8,30.9,2006
Nissan,Sentra,30.9921,44.1374,2006
Nissan,Sentra,31,45.2,2006
Nissan,Sentra,25.8,35.7,2006
Nissan,Sentra,25.7,37.8,2006
Pontiac,G6,26.1,43.3,2006
Pontiac,G6,24.6,40.4,2006
Pontiac,Grand Prix,20,31,1986
Pontiac,G6,23.3,36.6,2006
Pontiac,G6,19.796,36.8617,2006
Pontiac,G6,20.3,32.9,2006
Pontiac,G6 GT/GTP Convertible,21.5,34.6,2006
Pontiac,G6 GT/GTP Convertible,20.3,32.9,2006
Pontiac,GTO,17.7,26.7,2006
Pontiac,GTO,18.3466,32,2006
Saab,9-3 Sport Sedan,24.6,39.5,2006
Saab,9-3 Sport Sedan,24.2,40.2,2006
Saab,9-3 Sport Sedan,19.8,36.1,2006
Pontiac,Grand Prix,20,30,1986
Saab,9-3 Sport Sedan,18.9,35.8,2006
Saturn,Ion,25.8,37.8,2006
Saturn,Ion,26.6667,41.1,2006
Saturn,Ion,29.1,44.8718,2006
Saturn,Ion,26.6667,41.0256,2006
Saturn,Ion,27.9,43.9,2006
Subaru,Legacy AWD,21.6772,33.4229,2006
Subaru,Legacy AWD,24.5645,37.3063,2006
Subaru,Legacy AWD,25.4756,38.4033,2006
Subaru,Legacy AWD,21.2071,32.0371,2006
Pontiac,Grand Prix,20,34,1986
Suzuki,Aerio,27.8375,39.5,2006
Suzuki,Aerio,27.8,39.6555,2006
Suzuki,Aerio AWD,26.3996,36.6494,2006
Suzuki,Forenza,23.9,39.2,2006
Suzuki,Forenza,25.4,39.1,2006
Suzuki,Reno,23.9,39.2,2006
Suzuki,Reno,25.4,39.1,2006
Toyota,Camry Solara,26.6,42.5,2006
Toyota,Camry Solara,25.9414,42.513,2006
Toyota,Camry Solara,22.8,37.8,2006
Pontiac,Grand Prix,19,32,1986
Toyota,Camry Solara Convertible,22.4,36.8,2006
Toyota,Corolla,33.5463,49.0495,2006
Toyota,Corolla,35.7499,52.5496,2006
Toyota,Corolla,28.5,43.1,2006
Volkswagen,Golf,40.8251,56.4914,2006
Volkswagen,Golf,36.5,56.8,2006
Volkswagen,Golf,27.159,38.2798,2006
Volkswagen,Golf,26.6,40.1,2006
Volkswagen,Rabbit,24.2789,38.6323,2006
Volkswagen,Rabbit,24.0872,38.8392,2006
Pontiac,6000,24.4444,41,1986
Volkswagen,GTI,26.8,40.1,2006
Volkswagen,GTI,24.3,37.3,2006
Volkswagen,Jetta,39.7,52.4,2006
Volkswagen,Jetta,38.6518,53.7436,2006
Volkswagen,Jetta,26.0221,40.706,2006
Volkswagen,Jetta,27.9852,40.046,2006
Volkswagen,Jetta,24.2789,38.6323,2006
Volkswagen,Jetta,24.0872,38.8392,2006
Volvo,S40 AWD,22.2,36.6,2006
Volvo,S40 AWD,21.9963,35.3323,2006
Pontiac,1000,31,46,1985
Pontiac,6000,21.1111,33,1986
Volvo,S40 FWD,24,37.5,2006
Volvo,S40 FWD,23.9572,37.8839,2006
Volvo,S40 FWD,24.593,40.4674,2006
Volvo,S40 FWD,23.9407,38.4641,2006
Volvo,S60 AWD,21.7567,34.9111,2006
Volvo,S60 AWD,21.9963,35.3323,2006
Volvo,S60 FWD,23.7,36.7467,2006
Volvo,S60 FWD,24,37.5,2006
Volvo,S60 FWD,22.9,35.6,2006
Volvo,S60 FWD,22.5965,36.2892,2006
Pontiac,6000,22,35.8974,1986
Volvo,S60 FWD,23.5,38.6,2006
Volvo,S60 FWD,23.9407,38.4641,2006
Volvo,S60 R AWD,20.2,31.3,2006
Volvo,S60 R AWD,19.5473,32.542,2006
Acura,RL,20.3,33.0439,2006
Acura,TL,22.5,37,2006
Acura,TL,22.2,36.7,2006
Audi,A6,22.9993,37.5593,2006
Audi,A6 quattro,21.2256,34.1827,2006
Audi,A6 quattro,19.2,29.8,2006
Pontiac,6000,20,30.7692,1986
Audi,A8,19.4,31.2,2006
Bentley,Arnage,11.4,18.5499,2006
Bentley,Continental Flying Spur,12.3,22.8,2006
BMW,525i,22.449,38.5592,2006
BMW,525i,22.8833,37.5345,2006
BMW,525xi,21.5799,35.6611,2006
BMW,525xi,21.9928,35.0034,2006
BMW,530i,22.449,38.5592,2006
BMW,530i,22.8833,37.5345,2006
BMW,530i,20.9687,35.0734,2006
Pontiac,6000,20,33.3333,1986
BMW,530xi,21.5799,35.6611,2006
BMW,530xi,21.9928,35.0034,2006
BMW,550i,16.8,29.4,2006
BMW,550i,19.2173,31.8429,2006
BMW,550i,17.2855,28.0644,2006
BMW,M5,13.065,23.6289,2006
Buick,Lacrosse/Allure,21.1,34.6,2006
Buick,Lacrosse/Allure,21.9,38.8,2006
Cadillac,CTS,19.2,34.5,2006
Cadillac,CTS,20,34.1,2006
Rolls-Royce,Silver Spirit/Spur/Mulsanne,10,13,1986
Cadillac,CTS,18.5,33.9,2006
Cadillac,CTS,19.513,35.2482,2006
Cadillac,CTS-V,17.7778,32,2006
Cadillac,STS,19.513,35.2482,2006
Cadillac,STS,18.6,32.8,2006
Cadillac,STS AWD,18.8868,31.6921,2006
Cadillac,STS AWD,17.9,29.4,2006
Chevrolet,Epica,21.7,35,2006
Chevrolet,Malibu,26.5,40.8,2006
Chevrolet,Malibu,24.6,40.4,2006
Texas Coach Company,500SE,13.3333,19,1986
Chevrolet,Malibu,20.6,33.0997,2006
Chevrolet,Monte Carlo,22.2,35.6,2006
Chevrolet,Monte Carlo,20,36.5,2006
Chrysler,Sebring 4 Door,24.6,37.9,2006
Dodge,Stratus 4 Door,24.6,37.9,2006
Ferrari,612 Scaglietti,11.3991,21.5499,2006
Ferrari,612 Scaglietti,11.8,21.3,2006
Ford,Fusion,26.1642,40.6106,2006
Ford,Fusion,25.5888,39.9294,2006
Ford,Fusion,22.9,37.4,2006
Texas Coach Company,500SEL,13.3333,19,1986
Honda,Accord,27.0171,43.492,2006
Honda,Accord,28.8,43.3,2006
Honda,Accord,22.667,36.7378,2006
Honda,Accord,22.8507,38.0009,2006
Hyundai,Elantra,27.1,41.3467,2006
Hyundai,Elantra,29.7459,43.5963,2006
Jaguar,S-Type 3.0 Litre,21.1489,35.6494,2006
Jaguar,S-Type 4.2 Litre,20.0469,33.1493,2006
Jaguar,S-Type R,18.7499,30.0499,2006
Jaguar,X-Type Sport Brake,18.8889,29.4872,2006
Volvo,740/760,21,28,1986
Jaguar,X-Type Sport Brake,19.5,33.9,2006
Kia,Optima,24.2,38.5,2006
Kia,Optima,25.1,38.4,2006
Kia,Optima,22.6,35.1,2006
Kia,Spectra,27.7086,44.0927,2006
Kia,Spectra,27.4,41.7,2006
Lexus,ES 330,22.8,37.8,2006
Lexus,GS 300 4WD,23.401,34.9039,2006
Lexus,GS 300/GS 430,24.1472,38.2494,2006
Lexus,GS 300/GS 430,20.4489,32.0997,2006
Volvo,740/760,24,32,1986
Lincoln,LS,19.3357,30.4221,2006
Lincoln,LS,19.7,31.7,2006
Mercury,Milan,26.1642,40.6106,2006
Mercury,Milan,25.5888,39.9294,2006
Mercury,Milan,22.9,37.4,2006
Lincoln,Zephyr,21.9,35.7,2006
Mazda,6,26.0883,40.447,2006
Mazda,6,20.9,32.6,2006
Mazda,6,26.2317,39.3911,2006
Mazda,6,21.5,34.5,2006
Volvo,740/760,22,32,1986
Mazda,6,21.6744,34.8275,2006
Mercedes-Benz,E320 Cdi,29.5,47.1,2006
Mercedes-Benz,E350,21.2,34.7,2006
Mercedes-Benz,E350 4matic,20.4,31.4,2006
Mercedes-Benz,E500,18.7,31.7,2006
Mercedes-Benz,E500 4matic,17.8,26.1,2006
Mercedes-Benz,E55 AMG,16.5,26.9,2006
Mitsubishi,Galant,25.3582,38.1162,2006
Mitsubishi,Galant,20.4388,34.4166,2006
Nissan,Altima,26.0264,37.6274,2006
Mazda,RX-7,19,29,1985
Pontiac,1000,43,59,1985
Volvo,740/760,25,36,1986
Nissan,Altima,26.6,40.2,2006
Nissan,Altima,23.8,34.8,2006
Nissan,Altima,22.2,36.2,2006
Nissan,Altima,22.2341,37.1485,2006
Nissan,Maxima,22.6,37.7,2006
Nissan,Maxima,22.2,36.5,2006
Pontiac,Grand Prix,20.7,36.3,2006
Pontiac,Grand Prix,22.2,38.9,2006
Pontiac,Grand Prix,20.6,36,2006
Pontiac,Grand Prix,20.2685,35.0629,2006
Volvo,740/760,27,34,1986
Rolls-Royce,Phantom,13.7238,23.8,2006
Suzuki,Verona,21.7,35,2006
Toyota,Camry,26.8983,43.4359,2006
Toyota,Camry,26.6,42.5,2006
Toyota,Camry,22.5,36.2,2006
Toyota,Camry,22.8,37.8,2006
Toyota,Prius,66.6,64.8,2006
Volkswagen,Passat,26.1,41.1,2006
Volkswagen,Passat,24.3,39.2,2006
Volkswagen,Passat,21.2,36,2006
Volvo,740/760,28,38,1986
Volkswagen,Passat 4motion,20.4,33.5,2006
Volvo,S80 AWD,21.7567,34.9111,2006
Volvo,S80 FWD,23.3984,38.12,2006
Audi,A8 L,19.4,31.2,2006
Audi,A8 L,16.3,26.3,2006
Bentley,Arnage LWB,11.4,18.5499,2006
BMW,750i,18.9,31.9,2006
BMW,750li,18.9,31.9,2006
BMW,760i,16.2268,28.8359,2006
BMW,760li,16.2268,28.8359,2006
Volvo,740/760,20,28,1986
Buick,Lucerne,21.1111,35.8974,2006
Buick,Lucerne,19,31.7,2006
Cadillac,Armored DTS,15.1,25.4,2006
Cadillac,DTS,19,31.7,2006
Cadillac,DTS,19,30.7692,2006
Cadillac,Funeral Coach / Hearse,15.1,25.4,2006
Cadillac,Limousine,15.1,25.4,2006
Chevrolet,Impala,21.6,35.1,2006
Chevrolet,Impala,20,36.5,2006
Chevrolet,Malibu Maxx,24.6,38.4615,2006
Buick,Electra/Park Avenue,21,38,1986
Chevrolet,Malibu Maxx,20.3,32.9,2006
Chrysler,300C AWD,18.8,30.8,2006
Chrysler,300C AWD,19.2,30.6,2006
Chrysler,300,23.1,35.8989,2006
Chrysler,300,21.5,34.2,2006
Chrysler,300,20.9,34.1,2006
Chrysler,300,18.8,31.5,2006
Chrysler,300C/SRT-8,15.8,25.3,2006
Dodge,Charger,23.1,35.8989,2006
Dodge,Charger,20.9,34.1,2006
Buick,LeSabre,20,34,1986
Dodge,Charger,18.8,31.5,2006
Dodge,Charger,15.8,25.3,2006
Ford,Crown Victoria,18.6874,32.4129,2006
Ford,Five Hundred AWD,21.1499,32.6972,2006
Ford,Five Hundred FWD,22,35.2,2006
Ford,Five Hundred FWD,23.4,37,2006
Ford,Taurus,22.1,34.6,2006
Hyundai,Azera,21.4,35.6,2006
Hyundai,Sonata,26.5,42.8,2006
Hyundai,Sonata,27.1,43.7,2006
Buick,LeSabre,21,38,1986
Hyundai,Sonata,22.7,38.2,2006
Infiniti,M35,19.7649,32.0297,2006
Infiniti,M35,19.4,30.4,2006
Infiniti,M45,19.4078,29.5582,2006
Jaguar,Super V8,18.7499,30.4,2006
Jaguar,Vdp Lwb,20.0499,34.3499,2006
Jaguar,XJ8,20.3499,34.4482,2006
Jaguar,XJ8L,20.3499,34.4482,2006
Jaguar,XJR,18.7499,30.4,2006
Kia,Amanti,18.8,31.9,2006
Cadillac,Fleetwood/DeVille,19,33,1986
Lexus,LS 430,20.4891,32.6069,2006
Mercury,Grand Marquis,18.6874,32.4129,2006
Mercury,Montego AWD,21.1499,32.6972,2006
Mercury,Montego FWD,23.4,37,2006
Lincoln,Town Car,18.6874,32.4129,2006
Maserati,Quattroporte,13.8195,22.5366,2006
Maybach,57,13.3,22.2,2006
Maybach,62,13.4,21.9,2006
Mercedes-Benz,S350,19.3,31.5,2006
Cadillac,Fleetwood Brougham,20,32,1986
Mercedes-Benz,S430,19.4,33.5,2006
Mercedes-Benz,S430 4matic,18.4,28.5,2006
Mercedes-Benz,S500,17.8,30.5,2006
Mercedes-Benz,S500 4matic,17.4,27.6,2006
Mercedes-Benz,S55 AMG,16.2,28,2006
Mercedes-Benz,S600,13.8,23.9,2006
Mercedes-Benz,S65 AMG,14.1,25,2006
Toyota,Avalon,24.6979,39.4123,2006
Volkswagen,Phaeton,17.4,28.5986,2006
Volkswagen,Phaeton,13.3,23.6,2006
Cadillac,Limousine,18.8889,30.7692,1986
Audi,A3,26.0221,40.706,2006
Audi,A3,27.9852,40.046,2006
Audi,A4 Avant quattro,24.6,39.4,2006
Audi,A4 Avant quattro,24.2,38.2,2006
Audi,A4 Avant quattro,19.2,34.2,2006
Audi,A4 Avant quattro,21.2256,34.1827,2006
Audi,S4 Avant,16.5399,27.1117,2006
Audi,S4 Avant,17.0836,29.3724,2006
BMW,325xi Sport Wagon,21.5799,35.6611,2006
BMW,325xi Sport Wagon,21.9928,35.0034,2006
Renault,Fuego,25,40,1985
Chevrolet,Caprice,20,30,1986
Chevrolet,Optra Wagon,23.4,38.3,2006
Chevrolet,Optra Wagon,24.3,38.3,2006
Pontiac,Vibe,31.7,43.8,2006
Pontiac,Vibe AWD,28.4,40.3,2006
Pontiac,Vibe,33.5,46.6,2006
Pontiac,Vibe,28.3,41.1,2006
Saab,9-2x Wagon AWD,22.7,32.6,2006
Saab,9-2x Wagon AWD,24.4,35.2,2006
Saab,9-2x Wagon AWD,22.9,34.7,2006
Saab,9-2x Wagon AWD,24.4,36.8,2006
Chevrolet,Caprice,20,32.0513,1986
Saab,9-3 SportCombi,24.6,39.5,2006
Saab,9-3 SportCombi,24.2,40.2,2006
Saab,9-3 SportCombi,19.8,36.1,2006
Saab,9-3 SportCombi,18.9,35.8,2006
Subaru,Impreza Wagon/Outback SPT AWD,23.0983,32.8209,2006
Subaru,Impreza Wagon/Outback SPT AWD,25.1393,35.5232,2006
Subaru,Impreza Wagon/Outback SPT AWD,21.6772,33.4229,2006
Subaru,Impreza Wagon/Outback SPT AWD,24.5645,37.3063,2006
Suzuki,Aerio SX,27.5329,39.2958,2006
Suzuki,Aerio SX,27.8,39.6258,2006
Chevrolet,Caprice,19,32.0513,1986
Suzuki,Aerio SX AWD,26.3996,36.6494,2006
Suzuki,Forenza Wagon,23.4,38.3,2006
Suzuki,Forenza Wagon,24.3,38.3,2006
Toyota,Matrix,31.6157,43.6949,2006
Toyota,Matrix AWD,28.4,40.3,2006
Toyota,Matrix,33.3677,46.4763,2006
Toyota,Matrix,28.1804,40.3985,2006
Scion,xB,33,43.3,2006
Scion,xB,33.4,42.8,2006
Volvo,V50 AWD,21.3,33.8,2006
Chevrolet,Caprice,20,32,1986
Volvo,V50 AWD,21.9963,35.3323,2006
Volvo,V50 FWD,24,37.5,2006
Volvo,V50 FWD,23.9572,37.8839,2006
Volvo,V50 FWD,24.593,40.4674,2006
Volvo,V50 FWD,23.9407,38.4641,2006
Audi,A6 Avant quattro,20.2177,33.5755,2006
BMW,530xi Sport Wagon,21.5799,35.6611,2006
BMW,530xi Sport Wagon,21.9928,35.0034,2006
Ford,Focus Station Wagon,28.5529,40.7385,2006
Ford,Focus Station Wagon,29.2305,43.2307,2006
Chevrolet,Caprice,14.4444,25,1986
Mazda,5,24.4444,34.8,2006
Mazda,5,23.5,33.5,2006
Mazda,6 Sport Wagon,21.5,34.5,2006
Mazda,6 Sport Wagon,21.6744,34.8275,2006
Mercedes-Benz,E350 (wagon),20.4,33.2,2006
Mercedes-Benz,E350 4matic (wagon),19.8,30.2,2006
Mercedes-Benz,E500 4matic (wagon),17.6,25.5,2006
Mercedes-Benz,E55 AMG (wagon),16.2,27,2006
Subaru,Legacy Wagon AWD,21.6772,33.4229,2006
Subaru,Legacy Wagon AWD,24.5645,37.3063,2006
Ford,LTD Crown Victoria,20,33,1986
Subaru,Legacy Wagon AWD,25.4756,38.4033,2006
Subaru,Legacy Wagon AWD,21.2071,32.0371,2006
Volvo,V70 AWD,21.7567,34.9111,2006
Volvo,V70 AWD,21.9963,35.3323,2006
Volvo,V70 FWD,22.7821,36.2831,2006
Volvo,V70 FWD,24,37.5,2006
Volvo,V70 FWD,21.8,33.6,2006
Volvo,V70 FWD,22.5965,36.2892,2006
Volvo,V70 FWD,23.1,37.6,2006
Volvo,V70 R AWD,20.2,31.3,2006
Ford,LTD Crown Victoria,14,24,1986
Volvo,V70 R AWD,19.5473,32.542,2006
Chevrolet,Silverado 15 Hybrid 2WD,19.8,26.5,2006
Chevrolet,Silverado 1500 2WD,17.9466,26.7887,2006
Chevrolet,Silverado 1500 2WD,17.8,27.7,2006
Chevrolet,Silverado 1500 2WD,18.3,26.8173,2006
Chevrolet,Silverado 1500 2WD,17.7778,26.9231,2006
Chevrolet,Silverado 1500 2WD,17.6849,26.041,2006
Chevrolet,Silverado 1500 2WD,15.5556,24.359,2006
Chevrolet,Colorado 2WD,18.9998,30.0405,2006
Chevrolet,Colorado 2WD,22.4,34.9224,2006
Ford,LTD Crown Victoria,14,23,1986
Chevrolet,Colorado 2WD,20.9,31.0773,2006
Chevrolet,Colorado 2WD,21.3483,32.2018,2006
Chevrolet,Colorado Cab Chassis inc 2WD,18.7,28.5,2006
Chevrolet,Colorado Crew Cab 2WD,18.8,30,2006
Chevrolet,Colorado Crew Cab 2WD,22.4,35.2,2006
Chevrolet,Colorado Crew Cab 2WD,20.9,30.8,2006
Chevrolet,SSR Pickup 2WD,16.7,24.359,2006
Chevrolet,SSR Pickup 2WD,14.5,25.8,2006
Dodge,Dakota Pickup 2WD,18.1,28.1,2006
Dodge,Dakota Pickup 2WD,17.7778,27.7889,2006
Mercury,Grand Marquis,20,33,1986
Dodge,Dakota Pickup 2WD,16.7,25.5,2006
Dodge,Dakota Pickup 2WD,16.4,25.7,2006
Dodge,Ram 1500 Pickup 2WD,17.7,26.9,2006
Dodge,Ram 1500 Pickup 2WD,17.7778,27.1737,2006
Dodge,Ram 1500 Pickup 2WD,15.3966,23.8978,2006
Dodge,Ram 1500 Pickup 2WD,15.5632,23.7359,2006
Dodge,Ram 1500 Pickup 2WD,16.3,24.359,2006
Dodge,Ram 1500 Pickup 2WD,10,15.7,2006
Dodge,Ram 1500 Pickup 2WD,10.4734,18.7,2006
Ford,F150 Pickup 2WD,17.2884,25.7168,2006
Lincoln,Town Car,20,33,1986
Ford,F150 Pickup 2WD,17.1,26,2006
Ford,F150 Pickup 2WD,16.2323,23.9353,2006
Ford,F150 Pickup 2WD,16.059,24.2923,2006
Ford,Ranger Pickup 2WD,23.5,33.8,2006
Ford,Ranger Pickup 2WD,26.1336,37.2769,2006
Ford,Ranger Pickup 2WD,19.241,28.9228,2006
Ford,Ranger Pickup 2WD,20.1118,29.609,2006
Ford,Ranger Pickup 2WD,18.3699,27.882,2006
Ford,Ranger Pickup 2WD,19.3377,28.9033,2006
GMC,Sierra 15 Hybrid 2WD,19.8,26.5,2006
Renault,Fuego,22,30.7692,1985
London Coach Co Inc,London Taxi,20,23,1986
GMC,Sierra 1500 2WD,18.3,27.4,2006
GMC,Sierra 1500 2WD,17.8,27.7,2006
GMC,Sierra 1500 2WD,18.3,26.8426,2006
GMC,Sierra 1500 2WD,17.7778,26.9231,2006
GMC,Sierra 1500 2WD,17.9447,25.641,2006
GMC,Sierra 1500 2WD,15.5556,24.359,2006
GMC,Canyon 2WD,18.9918,30.0389,2006
GMC,Canyon 2WD,22.4,34.7677,2006
GMC,Canyon 2WD,20.9,31.0581,2006
GMC,Canyon 2WD,21.3448,32.2088,2006
Oldsmobile,Delta 88 Royale,20,34,1986
GMC,Canyon Cab Chassis Inc 2WD,18.7,28.5,2006
GMC,Canyon Crew Cab 2WD,18.8,30,2006
GMC,Canyon Crew Cab 2WD,22.4,35.2,2006
GMC,Canyon Crew Cab 2WD,20.9,30.8,2006
Isuzu,i-280 Extended Cab 2WD,18.8,30,2006
Isuzu,i-280 Extended Cab 2WD,22.4,35.2,2006
Lincoln,Mark LT,16.1498,24.3499,2006
Mazda,B2300 2WD,23.5,33.8,2006
Mazda,B2300 2WD,26.1336,37.2769,2006
Mazda,B3000,19.1917,28.8707,2006
Oldsmobile,Delta 88 Royale,21,38,1986
Mazda,B3000,20.0061,29.5575,2006
Mazda,B4000 2WD,18.3,27.8,2006
Mazda,B4000 2WD,19.3377,28.9033,2006
Mitsubishi,Raider Pickup 2WD,18.1,28.1,2006
Mitsubishi,Raider Pickup 2WD,17.7778,27.7889,2006
Mitsubishi,Raider Pickup 2WD,16.7579,25.6731,2006
Mitsubishi,Raider Pickup 2WD,16.4,25.7,2006
Nissan,Frontier 2WD,20.8,30.2,2006
Nissan,Frontier 2WD,24.5,31.8,2006
Nissan,Frontier V6 2WD,17.5451,26.2621,2006
Oldsmobile,Ninety-Eight Regency,21,38,1986
Nissan,Frontier V6 2WD,18.9513,27.3275,2006
Nissan,Titan 2WD,15.4513,23.7045,2006
Toyota,Tacoma 2WD,23.0083,33.9106,2006
Toyota,Tacoma 2WD,22.4996,34.6,2006
Toyota,Tacoma 2WD,20.5,28.6,2006
Toyota,Tacoma 2WD,17.7,26.3,2006
Toyota,Tundra 2WD,20.4181,28.5011,2006
Toyota,Tundra 2WD,17.5272,25.6842,2006
Toyota,Tundra 2WD,17.4796,23.8404,2006
Chevrolet,Colorado 4WD,18.1283,28.6448,2006
Pontiac,Parisienne,20,30,1986
Chevrolet,Colorado 4WD,19.8,29.6,2006
Chevrolet,Colorado 4WD,19.7,28.4,2006
Chevrolet,Colorado 4WD,20.6,30.5,2006
Chevrolet,Colorado Crew Cab 4WD,18.1283,28.6448,2006
Chevrolet,Colorado Crew Cab 4WD,19.8,29.6,2006
Chevrolet,Colorado Crew Cab 4WD,19.3,28.6,2006
Chevrolet,Silverado 15 Hybrid 4WD,18.5,24.9,2006
Chevrolet,Silverado 1500 4WD,16.6,23.4,2006
Chevrolet,Silverado 1500 4WD,16.5445,25.0453,2006
Chevrolet,Silverado 1500 4WD,17.0582,24.4,2006
Pontiac,Parisienne,20,32.0513,1986
Chevrolet,Silverado 1500 4WD,16.6667,24.359,2006
Chevrolet,Silverado 1500 4WD,16.6237,24.3792,2006
Chevrolet,Silverado 1500 4WD,15.7,22.4,2006
Dodge,Dakota Pickup 4WD,16.9094,24.5096,2006
Dodge,Dakota Pickup 4WD,18.1978,25.7452,2006
Dodge,Dakota Pickup 4WD,16.8,25.8,2006
Dodge,Dakota Pickup 4WD,16.3,24.359,2006
Dodge,Ram 1500 Pickup 4WD,15.1735,22.832,2006
Dodge,Ram 1500 Pickup 4WD,15.7459,23.6058,2006
Dodge,Ram 1500 Pickup 4WD,15.7904,23.0769,2006
Pontiac,Parisienne,19,32.0513,1986
Ford,F150 Pickup 4WD,15.9809,23.3666,2006
Ford,F150 Pickup 4WD,15.3354,22.4423,2006
Ford,Ranger Pickup 4WD,17.9994,25.5965,2006
Ford,Ranger Pickup 4WD,18.9979,26.3491,2006
Ford,Ranger Pickup 4WD,16.9659,24.718,2006
Ford,Ranger Pickup 4WD,17.3793,24.4611,2006
GMC,Canyon 4WD,18.1283,28.6448,2006
GMC,Canyon 4WD,19.8,29.6,2006
GMC,Canyon 4WD,19.7,28.4,2006
GMC,Canyon 4WD,20.6,30.5,2006
Pontiac,Parisienne,20,32,1986
GMC,Canyon Crew Cab 4WD,18.1283,28.6448,2006
GMC,Canyon Crew Cab 4WD,19.8,29.6,2006
GMC,Canyon Crew Cab 4WD,19.3,28.6,2006
GMC,Sierra 15 Hybrid 4WD,18.5,24.9,2006
GMC,Sierra 1500 4WD,16.6,23.4,2006
GMC,Sierra 1500 4WD,16.5025,25.0033,2006
GMC,Sierra 1500 4WD,16.9718,24.4,2006
GMC,Sierra 1500 4WD,16.6667,24.359,2006
GMC,Sierra 1500 4WD,16.6391,24.3012,2006
GMC,Sierra 1500 4WD,15.7,22.4,2006
Rolls-Royce,Silver Spur Limousine,9,12.8205,1986
GMC,Sierra 1500 AWD,14.4444,22.2,2006
Honda,Ridgeline Truck 4WD,18.1,27.5,2006
Isuzu,i-350 Crew Cab 4WD,19.3,28.6,2006
Lincoln,Mark LT,15.2,22.5,2006
Mazda,B4000 4WD,16.9659,24.718,2006
Mazda,B4000 4WD,17.3793,24.4611,2006
Mitsubishi,Raider Pickup 4WD,16.916,24.5162,2006
Mitsubishi,Raider Pickup 4WD,18.1978,25.7452,2006
Mitsubishi,Raider Pickup 4WD,16.8,25.8,2006
Mitsubishi,Raider Pickup 4WD,16.3,24.359,2006
Saab,9000,23.3333,35.8974,1986
Nissan,Frontier V6 4WD,17.1548,25.9728,2006
Nissan,Frontier V6 4WD,18.7615,26.4621,2006
Nissan,Titan 4WD,15.0511,23.3077,2006
Toyota,Tacoma 4WD,20.8,29.3,2006
Toyota,Tacoma 4WD,19.3769,27.4446,2006
Toyota,Tacoma 4WD,17.4,25.4,2006
Toyota,Tundra 4WD,16.5738,22.7423,2006
Chevrolet,Van 15/25 2WD Conversion,15.8,23.5,2006
Chevrolet,Van 15/25 2WD Conversion,16.1,23,2006
Chevrolet,Van 1500/2500 2WD,16.9,25,2006
Renault,Fuego,25,39.7436,1985
Buick,Skyhawk Wagon,27,39.7436,1986
Chevrolet,Van 1500/2500 2WD,17.1898,25.7348,2006
Chevrolet,Van 1500 AWD Conversion,15.5556,23.0769,2006
Chevrolet,Van 1500/2500 AWD,15.5556,23.0769,2006
Ford,E150 Econoline 2WD,16.4,23.8,2006
Ford,E150 Econoline 2WD,15.6,22.2,2006
GMC,Savana 15/25 2WD Conversion (cargo),15.8,23.5,2006
GMC,Savana 15/25 2WD Conversion (cargo),16.1,23,2006
GMC,Savana 1500/2500 2WD (cargo),16.9,25,2006
GMC,Savana 1500/2500 2WD (cargo),16.6667,25.7643,2006
GMC,Savana 1500  AWD Conversion (cargo),15.5556,23.0769,2006
Buick,Skyhawk Wagon,30,48,1986
GMC,Savana 1500/2500 AWD (cargo),15.5556,23.0769,2006
Chevrolet,Express 1500/2500 2WD,16.6,24.7,2006
Chevrolet,Express 1500/2500 2WD,16.1,23,2006
Chevrolet,Express 1500 AWD,15.5556,23.0769,2006
Ford,E150 Club Wagon,16,23.4,2006
Ford,E150 Club Wagon,14.4,21.3,2006
GMC,Savana 1500/2500 2WD (Passenger),16.6,24.7,2006
GMC,Savana 1500/2500 2WD (Passenger),16.1,23,2006
GMC,Savana 1500 AWD (Passenger),15.5556,23.0769,2006
Buick,Terraza FWD,20.2,31.9437,2006
Buick,Skyhawk Wagon,25,37,1986
Buick,Terraza FWD,19.9,32.5,2006
Chevrolet,Uplander FWD,20.2,31.9437,2006
Chevrolet,Uplander FWD,19.9,32.5,2006
Chrysler,Town and Country 2WD,19.5,31.9,2006
Dodge,Caravan/Grand Caravan 2WD,21.8,33.5481,2006
Dodge,Caravan/Grand Caravan 2WD,19.5,31.9,2006
Ford,Freestar Cargo Van FWD,19.639,30.1694,2006
Ford,Freestar Cargo Van FWD,18.5393,28.8971,2006
Ford,Freestar Wagon FWD,19.639,30.1694,2006
Ford,Freestar Wagon FWD,18.5393,28.8971,2006
Buick,Skyhawk Wagon,28,41,1986
Honda,Odyssey,20.9,32.5,2006
Honda,Odyssey,21.8,36.1,2006
Kia,Sedona,19.8,31.5,2006
Mazda,MPV,19.7484,31.4375,2006
Mercury,Monterey Wagon FWD,18.5393,28.8971,2006
Nissan,Quest,21,33.3,2006
Nissan,Quest,20.2529,32.4677,2006
Pontiac,Montana SV6 FWD,20.2,31.9437,2006
Pontiac,Montana SV6 FWD,19.9,32.5,2006
Pontiac,Torrent FWD,20.8,30.7692,2006
Chevrolet,Cavalier Wagon,25,37,1986
Saturn,Relay FWD,20.2,31.9437,2006
Saturn,Relay FWD,19.9,32.5,2006
Toyota,Sienna 2WD,20.8,33.5,2006
Buick,Terraza AWD,18.9,29,2006
Chevrolet,Uplander AWD,18.9,29,2006
Pontiac,Montana SV6 AWD,18.9,29,2006
Pontiac,Torrent AWD,20,29.4872,2006
Saturn,Relay AWD,18.9,29,2006
Toyota,Sienna 4WD,19.061,29.1715,2006
Buick,Rainier 2WD,17.6,28,2006
Chevrolet,Cavalier Wagon,28,41,1986
Buick,Rainier 2WD,17.7,28.3,2006
Buick,Rendezvous FWD,20.8,32.7,2006
Buick,Rendezvous FWD,20,34.4,2006
Cadillac,Escalade 2WD,15.8,22.9,2006
Cadillac,SRX 2WD,18,29.4872,2006
Cadillac,SRX 2WD,16.6,27.5,2006
Chevrolet,Tahoe 1500 2WD,17.3,25.6,2006
Chevrolet,Tahoe 1500 2WD,16.4,25.4,2006
Chevrolet,Equinox FWD,20.8,30.7692,2006
Chevrolet,HHR FWD,26,38.4615,2006
Chevrolet,Cavalier Wagon,27,41,1986
Chevrolet,HHR FWD,25.8,38.4615,2006
Chevrolet,HHR FWD,25.7,38.4615,2006
Chevrolet,HHR FWD,24.4444,38.4615,2006
Chevrolet,TrailBlazer 2WD,17.6,28,2006
Chevrolet,TrailBlazer 2WD,17.4949,26.9,2006
Chevrolet,TrailBlazer 2WD,16.7,24.359,2006
Chevrolet,TrailBlazer Ext 2WD,16.7,25.7,2006
Chevrolet,TrailBlazer Ext 2WD,17.7,25.641,2006
Chrysler,Pacifica 2WD,18.6499,29.526,2006
Chrysler,Pacifica 2WD,19.5,31.9,2006
Chevrolet,Cavalier Wagon,20,32,1986
Chrysler,PT Cruiser,21.1111,33.3333,2006
Chrysler,PT Cruiser,23.7,33.3333,2006
Chrysler,PT Cruiser,23.3333,34.9,2006
Chrysler,PT Cruiser,24.4444,36.6858,2006
Chrysler,PT Cruiser Convertible,21.1111,33.3333,2006
Chrysler,PT Cruiser Convertible,23.7,33.3333,2006
Chrysler,PT Cruiser Convertible,23.3333,34.9,2006
Chrysler,PT Cruiser Convertible,24.4444,36.6858,2006
Dodge,Durango 2WD,17.7,26.9,2006
Dodge,Durango 2WD,15.4,23.9,2006
Chevrolet,Cavalier Wagon,21,33,1986
Dodge,Durango 2WD,16.3,25.6,2006
Dodge,Magnum,23.1,35.8989,2006
Dodge,Magnum,21.5,34.2,2006
Dodge,Magnum,20.9,34.1,2006
Dodge,Magnum,18.8,31.5,2006
Dodge,Magnum,15.8,25.3,2006
Ford,Escape FWD,24.9,32.7,2006
Ford,Escape FWD,26.1996,37.5,2006
Ford,Escape FWD,22,31.4,2006
Ford,Escape Hybrid FWD,39.6,39.4423,2006
Nissan,Maxima Wagon,20,31,1986
Ford,Expedition 2WD,15.3,24.1,2006
Ford,Explorer 2WD,16.8795,26.537,2006
Ford,Explorer 2WD,16.3,26.9,2006
Ford,Freestyle FWD,22.4,34.2,2006
GMC,Yukon 1500 2WD,17.3,25.6,2006
GMC,Yukon 1500 2WD,16.4,25.4,2006
GMC,Envoy 2WD,17.6,28,2006
GMC,Envoy 2WD,17.7,28.3,2006
GMC,Envoy XL 2WD,16.7,25.7,2006
GMC,Envoy XL 2WD,17.7,25.641,2006
Rolls-Royce,Corniche/Continental,9,14,1985
Nissan,Sentra Wagon,30,38,1986
GMC,Envoy XUV 2WD,16.7,25.7,2006
Honda,CR-V 2WD,25.6,36.8,2006
Honda,Element 2WD,24.3,33.4,2006
Honda,Element 2WD,23.6,32.5,2006
Honda,Pilot 2WD,19.7,31,2006
Hyundai,Santa Fe 2WD,22.4,33.8,2006
Hyundai,Santa Fe 2WD,22.4,34.3,2006
Hyundai,Santa Fe 2WD,21.6,32,2006
Hyundai,Santa Fe 2WD,19.4,30,2006
Hyundai,Tucson 2WD,24.5,34.5,2006
Nissan,Sentra Wagon,34.4444,49,1986
Hyundai,Tucson 2WD,24.7,35.2,2006
Hyundai,Tucson 2WD,22,32.9,2006
Infiniti,QX56 2WD,14.8,24.3,2006
Isuzu,Ascender 5-passenger 2WD,17.6,28,2006
Isuzu,Ascender 7-passenger 2WD,16.7,25.7,2006
Isuzu,Ascender 7-passenger 2WD,17.7,25.641,2006
Jeep,Commander 2WD,17.6,25.5,2006
Jeep,Commander 2WD,16.8,24.359,2006
Jeep,Commander 2WD,16.3,24.359,2006
Jeep,Grand Cherokee 2WD,18.8,28.5,2006
Dodge,Colt Vista,25,31,1986
Jeep,Grand Cherokee 2WD,16.7,25.5,2006
Jeep,Grand Cherokee 2WD,16.3,25.6,2006
Jeep,Liberty/Cherokee 2WD,18.8,29.1,2006
Jeep,Liberty/Cherokee 2WD,19.5,27.7996,2006
Kia,Sorento 2WD,17.4,28.4,2006
Kia,Sorento 2WD,18.1,25.8,2006
Kia,Sportage 2WD,24.5,34.5,2006
Kia,Sportage 2WD,24.8,35.2,2006
Kia,Sportage 2WD,21.6,32.4,2006
Lexus,RX 330 2WD,21.6294,32.3307,2006
Dodge,Colt Vista,27,37,1986
Lexus,RX 330 2WD,21.5,31.9,2006
Lexus,RX 400h 2WD,36.8,35.5,2006
Lincoln,Navigator 2WD,14.1,22.7,2006
Mazda,Tribute 2WD,24.9,32.7,2006
Mazda,Tribute 2WD,26.1996,37.5,2006
Mazda,Tribute 2WD,22,31.4,2006
Mercury,Mariner FWD,24.9,32.7,2006
Mercury,Mariner FWD,22,31.4,2006
Mercury,Mountaineer 2WD,16.6,26.5,2006
Mercury,Mountaineer 2WD,16.3,26.9,2006
Ford,Escort Wagon,27,37,1986
Mitsubishi,Endeavor 2WD,19.3792,29.4821,2006
Mitsubishi,Outlander 2WD,24.2,35.5,2006
Mitsubishi,Outlander 2WD,23.7589,33.5728,2006
Nissan,Armada 2WD,14.9432,24.072,2006
Nissan,Murano FWD,22.2,32.4,2006
Nissan,Pathfinder 2WD,17.7506,29.2008,2006
Nissan,Xterra 2WD,17.8,27.2,2006
Nissan,Xterra 2WD,19.1,27.7,2006
Saturn,Vue FWD,24.4444,34.6154,2006
Saturn,Vue FWD,25.5,37.1,2006
Ford,Escort Wagon,33,50,1986
Saturn,Vue FWD,22,35.4,2006
Suzuki,Grand Vitara,21.3,31.2,2006
Suzuki,Grand Vitara,20.3,30,2006
Suzuki,Grand Vitara XL7,19.6,28.8,2006
Suzuki,Grand Vitara XL7,19.2,27.9,2006
Toyota,4Runner 2WD,20.3166,28.3783,2006
Toyota,4Runner 2WD,18.5989,25.3371,2006
Toyota,Highlander 2WD,24.5,34.8,2006
Toyota,Highlander 2WD,21.4,31.5,2006
Toyota,Highlander Hybrid 2WD,36.8,35.5,2006
Ford,Escort Wagon,29,44,1986
Toyota,Sequoia 2WD,17.1,23.0996,2006
Volvo,XC90 FWD,19.1833,29.1742,2006
Acura,MDX 4WD,18.4,29.3,2006
BMW,X3,19,31.6,2006
BMW,X3,17.7,29.8,2006
BMW,X5,16.4,27.4,2006
BMW,X5,17.5,26.7,2006
BMW,X5,17.7,28,2006
BMW,X5 4.8is,17.8,27.4,2006
Buick,Rainier AWD,17.1,27.4,2006
Ford,Escort Wagon,40,55,1986
Buick,Rainier AWD,17,27.2,2006
Buick,Rendezvous AWD,19.5,29.7,2006
Buick,Rendezvous AWD,20.2,32.5,2006
Cadillac,Escalade AWD,14.4444,22.2,2006
Cadillac,Escalade ESV AWD,14.4444,22.2,2006
Cadillac,Escalade Ext AWD,14.4444,22.2,2006
Cadillac,SRX AWD,17.2,28.4,2006
Cadillac,SRX AWD,16.2,25.641,2006
Chevrolet,Equinox AWD,20,29.4872,2006
Chevrolet,Suburban 1500 4WD,16.4,24.359,2006
Honda,Civic Wagon,31,41,1986
Chevrolet,Suburban 1500 AWD,14.4444,22.2,2006
Chevrolet,Tahoe 1500 4WD,16.4,24.359,2006
Chevrolet,TrailBlazer 4WD,17.1,27.4,2006
Chevrolet,TrailBlazer 4WD,17,27.2,2006
Chevrolet,TrailBlazer AWD,15.8,22.3,2006
Chevrolet,TrailBlazer Ext 4WD,17.1,25.641,2006
Chevrolet,TrailBlazer Ext 4WD,16.2,25.4,2006
Chrysler,Pacifica AWD,18.3995,28.0996,2006
Dodge,Durango 4WD,15.2,22.9,2006
Dodge,Durango 4WD,15.8,24.6,2006
Honda,Civic Wagon,33.3333,44.8718,1986
Dodge,Magnum AWD,18.8,30.8,2006
Dodge,Magnum AWD,19.2,30.6,2006
Ford,Escape 4WD,22.9996,30.8948,2006
Ford,Escape 4WD,24.3,33.7,2006
Ford,Escape 4WD,20.8995,29.5499,2006
Ford,Escape Hybrid 4WD,36.6,36.9,2006
Ford,Expedition 4WD,15.2936,22.4063,2006
Ford,Explorer 4WD,16.3966,25.67,2006
Ford,Explorer 4WD,15.6951,25.4802,2006
Ford,Freestyle AWD,20.8259,30.8151,2006
Subaru,Hatchback,34,46,1985
Honda,Civic Wagon 4WD,28,37,1986
GMC,Envoy 4WD,17.1,27.4,2006
GMC,Envoy 4WD,17,27.2,2006
GMC,Envoy XL 4WD,15.8,25,2006
GMC,Envoy XL 4WD,16.2,25.4,2006
GMC,Envoy XUV 4WD,15.8,25,2006
GMC,Yukon 1500 4WD,16.4,24.359,2006
GMC,Yukon 1500 AWD,14.4444,22.2,2006
GMC,Yukon XL 1500 AWD,14.4444,22.2,2006
Honda,CR-V 4WD,24.5537,34.6072,2006
Honda,CR-V 4WD,23.5,32.8,2006
Mercury,Lynx Wagon,27.7778,37,1986
Honda,Element 4WD,23.4,31.4,2006
Honda,Element 4WD,23.1,30.6,2006
Honda,Pilot 4WD,18.5,28.4,2006
Hummer,H3 4WD,17.8,24.3,2006
Hummer,H3 4WD,17.5,25.4,2006
Hyundai,Santa Fe 4WD,20.1,29.7,2006
Hyundai,Santa Fe 4WD,18.4,29.2,2006
Hyundai,Tucson 4WD,23.5,33.3,2006
Hyundai,Tucson 4WD,21.3,31.3,2006
Infiniti,QX56 4WD,14.4,22.9,2006
Mercury,Lynx Wagon,33,50,1986
Isuzu,Ascender 5-passenger 4WD,17.1,27.4,2006
Isuzu,Ascender 7-passenger 4WD,17.1,25.641,2006
Isuzu,Ascender 7-passenger 4WD,16.2,25.4,2006
Jeep,Commander 4WD,17.6,24.359,2006
Jeep,Commander 4WD,16.8,24.359,2006
Jeep,Commander 4WD,15.8,23.0769,2006
Jeep,Grand Cherokee 4WD,18.4,26.9,2006
Jeep,Grand Cherokee 4WD,16.8,25.8,2006
Jeep,Grand Cherokee 4WD,15.8,24.6,2006
Jeep,Liberty/Cherokee 4WD,23.9,32.7,2006
Mercury,Lynx Wagon,29,44,1986
Jeep,Liberty/Cherokee 4WD,18.7,28,2006
Jeep,Liberty/Cherokee 4WD,19.5,27.7996,2006
Jeep,Wrangler/TJ 4WD,20,26.4,2006
Jeep,Wrangler/TJ 4WD,15.8,22.7,2006
Jeep,Wrangler/TJ 4WD,16.3842,23.758,2006
Kia,Sorento 4WD,16.1498,25.0451,2006
Kia,Sorento 4WD,17.5,25.5,2006
Kia,Sportage 4WD,23.6,33.2,2006
Kia,Sportage 4WD,21.1,29.3986,2006
Land Rover,LR3,15.422,24.2123,2006
Mercury,Lynx Wagon,40,55,1986
Land Rover,LR3,15.6,23.3,2006
Land Rover,Range Rover,14.5,23.5,2006
Land Rover,Range Rover,15.6,23.3,2006
Land Rover,Range Rover Sport,14.5,23.5,2006
Land Rover,Range Rover Sport,15.3,24.7,2006
Lexus,GX 470,17,24.2,2006
Lexus,LX 470,14.9498,21.2489,2006
Lexus,RX 330 4WD,20.4523,30.557,2006
Lexus,RX 330 4WD,20.4,30.3,2006
Lexus,RX 400h 4WD,34.267,34.2662,2006
Mazda,GLC Wagon,24.4444,29,1986
Mazda,Tribute 4WD,22.9996,30.8948,2006
Mazda,Tribute 4WD,24.3,33.7,2006
Mazda,Tribute 4WD,20.8995,29.5499,2006
Mazda,Tribute Hybrid 4WD,36.6,36.9,2006
Mercedes-Benz,ML350,17.9,26.2,2006
Mercedes-Benz,ML500,15.6,23.8,2006
Mercedes-Benz,R350,18.1,27,2006
Mercedes-Benz,R500,14.5973,22.7982,2006
Mercury,Mariner 4WD,22.9996,30.8948,2006
Mercury,Mariner 4WD,20.8995,29.5499,2006
Mazda,GLC Wagon,28,37,1986
Mercury,Mariner Hybrid 4WD,36.6,36.9,2006
Mercury,Mountaineer 4WD,16.3966,25.67,2006
Mercury,Mountaineer 4WD,15.6951,25.4802,2006
Mitsubishi,Endeavor 4WD,18.7412,27.5224,2006
Mitsubishi,Montero,16.2,23.9,2006
Mitsubishi,Outlander 4WD,23.1,34.2,2006
Mitsubishi,Outlander 4WD,22.8644,32.2651,2006
Nissan,Armada 4WD,14.6164,23.181,2006
Nissan,Murano AWD,21.6358,31.3359,2006
Nissan,Pathfinder 4WD,16.7312,26.5784,2006
Mazda,GLC Wagon,28,38,1986
Nissan,Xterra 4WD,17.4,26.5,2006
Nissan,Xterra 4WD,18.7529,26.7333,2006
Porsche,Cayenne,16.8,24.6,2006
Porsche,Cayenne,16.2,25.7,2006
Porsche,Cayenne S,15.3,23.7,2006
Porsche,Cayenne Turbo,14.3,23.6,2006
Saab,9-7X AWD,17.1,27.4,2006
Saab,9-7X AWD,17,25.641,2006
Saturn,Vue AWD,20.8,32.0513,2006
Subaru,B9 Tribeca AWD,19.7,29,2006
Mitsubishi,Space Wagon,25,31,1986
Subaru,Baja AWD,23.7,35.4,2006
Subaru,Baja AWD,21.1238,32.171,2006
Subaru,Baja AWD,25.0741,36.0858,2006
Subaru,Baja AWD,20.5,29.5,2006
Subaru,Forester AWD,23.0983,32.8209,2006
Subaru,Forester AWD,25.1393,35.5232,2006
Subaru,Forester AWD,21.6772,33.4229,2006
Subaru,Forester AWD,24.5645,37.3063,2006
Subaru,Outback AWD,21.586,32.8161,2006
Subaru,Outback Wagon AWD,21.1238,32.171,2006
Oldsmobile,Firenza Cruiser,27,39.7436,1986
Subaru,Outback Wagon AWD,25.0741,36.0858,2006
Subaru,Outback Wagon AWD,24.6193,36.4,2006
Subaru,Outback Wagon AWD,20.8,31.4,2006
Subaru,Outback Wagon AWD,21.586,32.8161,2006
Suzuki,Grand Vitara AWD,21.1,29.7,2006
Suzuki,Grand Vitara AWD,20.1,29.2,2006
Suzuki,Grand Vitara XL7 4WD,19.2,28.3,2006
Suzuki,Grand Vitara XL7 4WD,19,27.6,2006
Toyota,4Runner 4WD,18.8,26.7,2006
Toyota,4Runner 4WD,17.9,24.5,2006
Subaru,Hatchback,26,32.0513,1985
Oldsmobile,Firenza Cruiser,30,48,1986
Toyota,Highlander 4WD,22.8,32.6,2006
Toyota,Highlander 4WD,20.5,30.6,2006
Toyota,Highlander Hybrid 4WD,34.267,34.2662,2006
Toyota,Land Cruiser Wagon 4WD,14.9498,21.2489,2006
Toyota,Sequoia 4WD,16.437,22.4194,2006
Volkswagen,Touareg,17.9,26.9,2006
Volkswagen,Touareg,15.1,23.4473,2006
Volvo,XC70 AWD,21.2,32.9,2006
Volvo,XC90 AWD,18.9825,27.9626,2006
Volvo,XC90 AWD,16.4625,26.6463,2006
Oldsmobile,Firenza Cruiser,25,37,1986
Chrysler,Sebring 4 Door,23.4,35.2989,2006
Chrysler,Sebring 4 Door,23.4,35.2989,2006
Chrysler,Sebring Convertible,23.4,35.2989,2006
Chrysler,Sebring Convertible,23.4,35.2989,2006
Chevrolet,Monte Carlo,23.7,40,2006
Dodge,Stratus 4 Door,23.4,35.2989,2006
Dodge,Stratus 4 Door,23.4,35.2989,2006
Chevrolet,Impala,23.1,39.7499,2006
Dodge,Caravan/Grand Caravan 2WD,21.3981,33.846,2006
Ford,Crown Victoria,18.6026,32.3698,2006
Oldsmobile,Firenza Cruiser,28,41,1986
Ford,Taurus,21.6,34.6,2006
Mercury,Grand Marquis,18.6026,32.3698,2006
Lincoln,Town Car,18.6026,32.3698,2006
Chevrolet,Avalanche 1500 2WD,15.7,24,2006
GMC,Sierra 1500 2WD,17.6741,25.641,2006
Chevrolet,Silverado 1500 2WD,17.8049,25.641,2006
Chevrolet,Suburban 1500 2WD,15.7,24,2006
Chevrolet,Tahoe 1500 2WD,16.9,25.9,2006
GMC,Yukon 1500 2WD,16.9,25.9,2006
GMC,Yukon XL 1500 2WD,15.7,24,2006
Oldsmobile,Firenza Cruiser,20,32,1986
Dodge,Durango 2WD,13.5,19.2308,2006
Dodge,Durango 4WD,13.5,19.2308,2006
Chevrolet,Avalanche 1500 4WD,15.7,23.6,2006
GMC,Sierra 1500 4WD,16.4316,23.9324,2006
Chevrolet,Silverado 1500 4WD,16.8941,24.4763,2006
Chevrolet,Suburban 1500 4WD,15.7,23.6,2006
Chevrolet,Tahoe 1500 4WD,15.7,23.6,2006
GMC,Yukon 1500 4WD,15.7,23.6,2006
GMC,Yukon XL 1500 4WD,15.7,23.6,2006
Dodge,Ram 1500 Pickup 2WD,13.5,19.2308,2006
Oldsmobile,Firenza Cruiser,21,32,1986
Dodge,Ram 1500 Pickup 4WD,13.5,19.2308,2006
Nissan,Titan 2WD,15.6426,23.8814,2006
Nissan,Titan 4WD,15.1646,23.0232,2006
Honda,Civic Hybrid,54.6,65,2006
Acura,TSX,24.9,39.7,2006
Acura,TSX,24.2,38.5,2006
Volkswagen,GTI,27.9852,40.046,2006
Volkswagen,GTI,26.0221,40.706,2006
Cadillac,STS-V,15,25.9,2006
Saab,5-Sep,20.4824,35.9531,2006
Plymouth,Colt Vista,25,31,1986
Saab,9-5 SportCombi,20.4824,35.9531,2006
Audi,A3 quattro,23.2,34.6,2006
Jeep,Grand Cherokee 4WD,13.7,19.4,2006
Subaru,Outback AWD,24.6193,36.4,2006
Chevrolet,Colorado Cab Chassis inc 2WD,18.9,27.9,2006
GMC,Canyon Cab Chassis Inc 2WD,18.9,27.9,2006
Ford,GT 2WD,14.4444,26.9,2006
Lotus,Elise/Exige,24.4444,37.6,2006
Plymouth,Colt Vista,27,37,1986
Aston Martin,V8 Vantage,14.5,23.8,2006
Bugatti,Veyron,9.4,18.9,2006
BMW,Z4 3.0si Coupe,22.8833,37.5345,2006
BMW,Z4 3.0si Coupe,22.449,38.5592,2006
BMW,Z4 3.0i,22.8833,37.5345,2006
BMW,Z4 3.0i,22.449,38.5592,2006
BMW,Z4 3.0si,22.8833,37.5345,2006
BMW,Z4 3.0si,22.449,38.5592,2006
BMW,Z4 M Coupe,17.8899,30.9,2006
BMW,Z4 M Roadster,17.8899,30.9,2006
Pontiac,Sunbird Wagon,27,39.7436,1986
Cadillac,XLR-V,16.3,28.1,2006
Ferrari,F141,11.348,17.895,2006
Ferrari,F141,11.4,17.5,2006
Porsche,Cayman S,22.5,35.2,2006
Porsche,Cayman S,22.2,36,2006
Honda,Civic,25.6,40.5,2006
Honda,Accord Hybrid,27.5,43.0402,2006
Kia,Optima (2006 New Model),26.9,43.4,2006
Kia,Optima (2006 New Model),27.1,43.6,2006
Kia,Optima (2006 New Model),24.6,39.1,2006
Pontiac,Sunbird Wagon,30,48,1986
Saab,5-Sep,23.2,37.8,2006
Maybach,57S,11.8,20.6,2006
Mitsubishi,Lancer Sportback,24.9199,36.8372,2006
Saab,9-5 SportCombi,23.2,37.8,2006
Ford,F150 Pickup 2WD FFV,15.342,23.7491,2006
Ford,F150 Pickup 4WD FFV,15.1,22.6,2006
Infiniti,FX35 RWD,19.1676,30.0834,2006
Toyota,RAV4 2WD,26.8192,38.1226,2006
Toyota,RAV4 2WD,24.3984,37.3499,2006
Infiniti,FX35 AWD,17.9599,27.458,2006
Pontiac,Sunbird Wagon,28,41,1986
Infiniti,FX45 AWD,15.859,23.6385,2006
Toyota,RAV4 4WD,25.5041,35.435,2006
Toyota,RAV4 4WD,23.6596,35.5657,2006
Spyker,C8 Spyder,16,24.8,2006
Spyker,C8 Spyder Wide Body,16,24.8,2006
Spyker,C8 Laviolette,16,24.8,2006
BMW,M6,13.065,23.6289,2006
Volvo,New C70 Convertible,22.5,36.8,2006
Infiniti,Q45,19.4245,30.9131,2006
Infiniti,Q45 Sport,19.1,30.9971,2006
Subaru,Hatchback,29,40,1985
Renault,18i Sportwagon,22,30.7692,1986
Volkswagen,Touareg,18.4,27.7,2006
Renault,18i Sportwagon,25,39.7436,1986
Lamborghini,L-147/148 Murcielago,10.1,17.5,2007
Lamborghini,L-147/148 Murcielago,10.9,19.9,2007
Mercedes-Benz,SL55 AMG,15,24.1,2007
Mercedes-Benz,SL550,16,28.6,2007
Mercedes-Benz,SL600,14.1,24.2,2007
Mercedes-Benz,SL65 AMG,14.1,24.6,2007
Subaru,Wagon,29,39.7436,1986
Jaguar,XK,19.9,34.5,2007
Jaguar,XK Convertible,19.9,34.5,2007
Mitsubishi,Eclipse Spyder,24.2167,37.0323,2007
Mitsubishi,Eclipse Spyder,24.1661,36.2832,2007
Mitsubishi,Eclipse Spyder,19.2756,33.1809,2007
Mitsubishi,Eclipse Spyder,20.2489,33.2912,2007
Subaru,Wagon,25,32,1986
Chevrolet,Cobalt,26.6667,41.1,2007
Chevrolet,Cobalt,27.8,43.6,2007
Mitsubishi,Eclipse,25.1628,38.6441,2007
Mitsubishi,Eclipse,24.9777,36.5277,2007
Mitsubishi,Eclipse,19.8188,34.4164,2007
Mitsubishi,Eclipse,21.2,35.739,2007
Subaru,Wagon,27.7778,33.3333,1986
Pontiac,G5/Pursuit,26.6667,41.1,2007
Pontiac,G5/Pursuit,27.8,43.6,2007
Subaru,Impreza AWD,23.0001,32.6975,2007
Subaru,Impreza AWD,25.0124,35.392,2007
Subaru,Impreza AWD,22.4723,34.7604,2007
Subaru,Impreza AWD,24.3281,36.8954,2007
Toyota,Yaris,37.6644,49.649,2007
Subaru,Wagon,27.7778,39,1986
Toyota,Yaris,37.8682,51.3969,2007
Ford,Focus,29.5604,43.5036,2007
Ford,Focus,30.2,47,2007
Ford,Focus,24.9,40.8,2007
Toyota,Tercel Wagon 2WD,31,39.7436,1986
Hyundai,Accent,31.0998,47.1153,2007
Hyundai,Accent,35.3499,44.4432,2007
Lexus,GS 450h,27.9,35.3494,2007
Pontiac,G6,25.7,41.8,2007
Saturn,Ion,26.6667,41.1,2007
Saturn,Ion,27.8,43.6,2007
Subaru,Legacy AWD,24.3281,36.8954,2007
Toyota,Tercel Wagon 2WD,34,47,1986
Subaru,Legacy AWD,25.5706,38.4754,2007
Volkswagen,GTI,26.0252,40.843,2007
Toyota,Tercel Wagon 4WD,27,32,1986
Volkswagen,GTI,28.2275,40.3969,2007
Volkswagen,Jetta,26.0252,40.843,2007
Volkswagen,Jetta,28.2275,40.3969,2007
BMW,525i,22.5589,38.7975,2007
BMW,525i,23.0701,38.6507,2007
BMW,525xi,21.1927,35.6305,2007
BMW,525xi,21.8446,35.0322,2007
BMW,530i,22.5589,38.7975,2007
BMW,530i,23.0701,38.6507,2007
Toyota,Tercel Wagon 4WD,30,41,1986
BMW,530i,20.8421,34.7621,2007
BMW,530xi,21.1927,35.6305,2007
BMW,530xi,21.8446,35.0322,2007
BMW,550i,18.8,30.4,2007
BMW,550i,19.1255,31.6055,2007
BMW,550i,17.2855,28.0644,2007
Subaru,XT,25,33,1985
Volkswagen,Quantum Syncro Wagon,19,27,1986
Volkswagen,Quantum Wagon,24,32,1986
Lexus,ES 350,23.8,38.3,2007
Volkswagen,Quantum Wagon,28,40,1986
Toyota,Camry,26.5938,42.3803,2007
Toyota,Camry,27,43.1,2007
Toyota,Camry,24.5,39.8,2007
Toyota,Camry Hybrid,44.2454,48.2,2007
Volkswagen,Passat,26.0252,40.843,2007
Volkswagen,Passat,24.3,39.2,2007
Volkswagen,Passat,21.1675,35.9676,2007
Volkswagen,Passat 4motion,20.4,33.5,2007
Volkswagen,Quantum Wagon,20,28,1986
Ford,Five Hundred AWD,20.6657,32.3033,2007
Volkswagen,Quantum Wagon,21,30,1986
Ford,Five Hundred FWD,23.4,37,2007
Hyundai,Sonata,26.5,42.8,2007
Hyundai,Sonata,27.1,43.7,2007
Hyundai,Sonata,22.7,38.2,2007
Audi,5000 CS quattro Wagon,19,32.0513,1986
Mercury,Montego AWD,20.6657,32.3033,2007
Mercury,Montego FWD,23.4,37,2007
Mercedes-Benz,S550,17.4,30.2,2007
Mercedes-Benz,S600,13.8,24,2007
Audi,5000S Wagon,19,28.2051,1986
Honda,Fit,34.7,49.3,2007
Honda,Fit,36.7399,48.2,2007
Honda,Fit,34.3,47.7,2007
Subaru,Impreza Wagon/Outback SPT AWD,23.0001,32.6975,2007
Subaru,Impreza Wagon/Outback SPT AWD,25.0124,35.392,2007
Subaru,Impreza Wagon/Outback SPT AWD,22.4723,34.7604,2007
Subaru,Impreza Wagon/Outback SPT AWD,24.3281,36.8954,2007
BMW,530xi Sport Wagon,21.1927,35.6305,2007
Audi,5000S Wagon,21,32.0513,1986
BMW,530xi Sport Wagon,21.8446,35.0322,2007
Ford,Focus Station Wagon,29.5604,43.5036,2007
Ford,Focus Station Wagon,30.2,47,2007
Subaru,Legacy Wagon AWD,24.3281,36.8954,2007
Subaru,Legacy Wagon AWD,25.5706,38.4754,2007
Volkswagen,Passat Wagon,25.5432,40.0959,2007
Volkswagen,Passat Wagon,21.1675,35.9676,2007
Volkswagen,Passat Wagon 4motion,20.4,33.5,2007
Chevrolet,Silverado Classic 1500 2WD,17.7778,27.2979,2007
Chevrolet,Silverado Classic 1500 2WD,18.1,28.9,2007
Buick,Century Wagon,23.3333,36,1986
Chevrolet,Silverado Classic 1500 2WD,18.3,26.8224,2007
Chevrolet,Silverado Classic 1500 2WD,17.8371,26.6281,2007
Chevrolet,Silverado Classic 1500 2WD,16.1043,23.7524,2007
Chevrolet,Silverado Classic 15 Hybrid 2WD,19.8,26.5,2007
Ford,Explorer Sport Trac 2WD,16.6,26.3,2007
Ford,Explorer Sport Trac 2WD,16.4,27.2,2007
Ford,Ranger Pickup 2WD,23.373,32.8551,2007
Ford,Ranger Pickup 2WD,26.5,36.8,2007
Ford,Ranger Pickup 2WD,18.498,27.5537,2007
Ford,Ranger Pickup 2WD,19.9135,29.7591,2007
Buick,Century Wagon,21,32,1986
Ford,Ranger Pickup 2WD,18.8,27.2,2007
Ford,Ranger Pickup 2WD,18.8,28,2007
GMC,Sierra Classic 1500 2WD,17.7778,27.5,2007
GMC,Sierra Classic 1500 2WD,18.1,28.9,2007
GMC,Sierra Classic 1500 2WD,18.3,26.83,2007
GMC,Sierra Classic 1500 2WD,17.8611,26.6463,2007
GMC,Sierra Classic 1500 2WD,16.1022,23.7513,2007
GMC,Sierra Classic 15 Hybrid 2WD,19.8,26.5,2007
Mazda,B2300 2WD,23.373,32.8551,2007
Mazda,B2300 2WD,26.5,36.8,2007
Subaru,XT,28,41.0256,1985
Buick,Century Wagon,21,32.0513,1986
Mazda,B3000,18.4559,27.4877,2007
Mazda,B3000,19.9705,29.5876,2007
Mazda,B4000 2WD,18.8,27.2,2007
Chevrolet,Silverado Classic 1500 4WD,16.6667,23.0769,2007
Chevrolet,Silverado Classic 1500 4WD,17.009,25.933,2007
Chevrolet,Silverado Classic 1500 4WD,17.1012,24.8388,2007
Chevrolet,Silverado Classic 1500 4WD,16.5396,24.185,2007
Chevrolet,Silverado Classic 1500 4WD,15.4,21.7,2007
Chevrolet,Silverado Classic 15 Hybrid 4WD,18.5,24.9,2007
Ford,Explorer Sport Trac 4WD,16.2862,25.3869,2007
Buick,Century Wagon,21,38,1986
Ford,Explorer Sport Trac 4WD,15.4136,25.0198,2007
Ford,Ranger Pickup 4WD,17.6723,25.5863,2007
Ford,Ranger Pickup 4WD,18.5,26.9,2007
Ford,Ranger Pickup 4WD,16.6785,23.7589,2007
Ford,Ranger Pickup 4WD,18.4,26.2,2007
GMC,Sierra Classic 1500 4WD,16.6667,23.0769,2007
GMC,Sierra Classic 1500 4WD,16.8399,25.6961,2007
GMC,Sierra Classic 1500 4WD,16.6667,24.359,2007
GMC,Sierra Classic 1500 4WD,16.572,23.9214,2007
GMC,Sierra Classic 1500 4WD,15.4,21.7,2007
Chevrolet,Celebrity Wagon,24.4444,40,1986
GMC,Sierra Classic 1500 AWD,15.4,21.7,2007
GMC,Sierra Classic 15 Hybrid 4WD,18.5,24.9,2007
Mazda,B4000 4WD,16.6785,23.7589,2007
Mazda,B4000 4WD,18.4,26.2,2007
Chevrolet,Van 1500/2500 2WD,16.6667,25.641,2007
Chevrolet,Van 1500/2500 2WD,16.6667,25.641,2007
Chevrolet,Van 1500/2500 AWD,15.5556,23.0769,2007
GMC,Savana 1500/2500 2WD (cargo),16.6667,25.641,2007
GMC,Savana 1500/2500 2WD (cargo),16.6667,25.641,2007
Chevrolet,Celebrity Wagon,26,40,1986
GMC,Savana 1500/2500 AWD (cargo),15.5556,23.0769,2007
Chevrolet,Avalanche 1500 2WD,16.6667,26.9231,2007
Chevrolet,Tahoe 1500 2WD,17.8,28.1,2007
Chevrolet,TrailBlazer 2WD,17.6,28.1,2007
Chevrolet,TrailBlazer 2WD,16.2,23.8,2007
GMC,Yukon XL 1500 2WD,16.6667,26.9231,2007
Buick,Rainier AWD,17.1,27.5,2007
Chevrolet,Celebrity Wagon,21,32,1986
Ford,Freestar Cargo Van FWD,19.7514,30.4398,2007
Ford,Freestar Cargo Van FWD,18.618,29.1444,2007
Ford,Freestar Wagon FWD,19.7514,30.4398,2007
Ford,Freestar Wagon FWD,18.618,29.1444,2007
Kia,Sedona,19.8,31.5,2007
Mercury,Monterey Wagon FWD,18.618,29.1444,2007
Nissan,Quest,20.2769,32.6363,2007
Buick,Rainier 2WD,17.6,28.1,2007
Chevrolet,Celebrity Wagon,21,32.0513,1986
Chevrolet,Suburban 1500 2WD,16.6667,26.9231,2007
Ford,Escape FWD,25.0076,32.9682,2007
Ford,Escape FWD,26.1996,37.5,2007
Ford,Escape FWD,22,31.4,2007
Ford,Escape Hybrid FWD,40,40,2007
Chevrolet,Celebrity Wagon,20,30.7692,1986
Ford,Freestyle FWD,22.4,34.2,2007
GMC,Yukon 1500 2WD,17.8,28.1,2007
GMC,Envoy 2WD,17.6,28.1,2007
Hyundai,Santa Fe 2WD,23.2,33,2007
Hyundai,Santa Fe 2WD,22,32.3,2007
Hyundai,Santa Fe 2WD,21.4,31.4,2007
Chevrolet,Celebrity Wagon,20,33.3333,1986
Isuzu,Ascender 5-passenger 2WD,17.6,28.1,2007
Lexus,RX 350 2WD,22.2,31.9,2007
Lexus,RX 350 2WD,22.2,31.9,2007
Mazda,CX-7 2WD,20.6,30.7,2007
Mercury,Mariner FWD,25.0076,32.9682,2007
Mercury,Mariner FWD,22,31.4,2007
Chrysler,Town and Country Wagon,22,31,1986
Toyota,FJ Cruiser 2WD,20.8,28.6,2007
Audi,Q7,15.1786,23.9884,2007
Cadillac,Escalade AWD,14.8,24.359,2007
Chrysler,Town and Country Wagon,25,32,1986
Chevrolet,TrailBlazer 4WD,17.1,27.5,2007
Chevrolet,TrailBlazer AWD,15.3,21.9,2007
Ford,Escape 4WD,23.0497,31.2922,2007
Ford,Escape 4WD,24.6,35.2,2007
Ford,Escape 4WD,20.8928,29.5398,2007
Ford,Escape Hybrid 4WD,35.8,37.3,2007
Mazda,RX-7,18,30,1985
Toyota,Celica,26,35,1985
Nissan,Stanza Wagon 2WD,22.2222,32,1986
Ford,Freestyle AWD,20.7884,30.648,2007
GMC,Envoy 4WD,17.1,27.5,2007
GMC,Yukon Denali 1500 AWD,14.8,24.359,2007
Hyundai,Santa Fe 4WD,21,31.9,2007
Hyundai,Santa Fe 4WD,21.7,31.8,2007
Hyundai,Santa Fe 4WD,20.7,32.9,2007
Nissan,Stanza Wagon 2WD,26,36,1986
Isuzu,Ascender 5-passenger 4WD,17.1,27.5,2007
Lexus,RX 350 4WD,21.1,30.9,2007
Lexus,RX 350 4WD,21.1,30.9,2007
Mazda,CX-7 4WD,20.2,30.2,2007
Mercedes-Benz,GL450 4matic,16.3,23.8,2007
Mercury,Mariner 4WD,23.0497,31.2922,2007
Mercury,Mariner 4WD,20.8928,29.5398,2007
Mercury,Mariner Hybrid 4WD,35.8,37.3,2007
Dodge,Aries Wagon,26.6667,34,1986
Saab,9-7X AWD,17.1,27.5,2007
Subaru,B9 Tribeca AWD,19.7666,29.2655,2007
Subaru,Forester AWD,23.0001,32.6975,2007
Subaru,Forester AWD,25.0124,35.392,2007
Subaru,Forester AWD,22.4723,34.7604,2007
Subaru,Forester AWD,24.3281,36.8954,2007
Subaru,Outback AWD,24.6331,36.4,2007
Dodge,Aries Wagon,28,45,1986
Subaru,Outback AWD,21.5625,32.7017,2007
Subaru,Outback Wagon AWD,25.3666,36.4666,2007
Subaru,Outback Wagon AWD,24.6331,36.4,2007
Subaru,Outback Wagon AWD,21.5625,32.7017,2007
Toyota,FJ Cruiser 4WD,19.2,26.9,2007
Toyota,FJ Cruiser 4WD,18,24.7,2007
Volkswagen,Touareg,17.4399,25.1286,2007
Chevrolet,Avalanche 1500 2WD,16.6667,27.3499,2007
GMC,Sierra Classic 1500 2WD,17.2226,26.326,2007
Chevrolet,Silverado Classic 1500 2WD,17.2236,26.3272,2007
Dodge,Aries Wagon,25,32,1986
Chevrolet,Suburban 1500 2WD,16.6667,27.3499,2007
Chevrolet,Tahoe 1500 2WD,17.4,27.3499,2007
GMC,Yukon 1500 2WD,17.4,27.3499,2007
GMC,Yukon XL 1500 2WD,16.6667,27.3499,2007
Chevrolet,Avalanche 1500 4WD,17,25.641,2007
GMC,Sierra Classic 1500 4WD,16.1113,23.8022,2007
Chevrolet,Silverado Classic 1500 4WD,16.1149,23.8056,2007
Chevrolet,Suburban 1500 4WD,17,25.641,2007
Chevrolet,Tahoe 1500 4WD,17,26.6,2007
GMC,Yukon 1500 4WD,17,26.6,2007
Ford,LTD Wagon,21,29,1986
GMC,Yukon XL 1500 4WD,17,25.641,2007
GMC,Savana 1500/2500 2WD (cargo),17.2,25.641,2007
Chevrolet,Van 1500/2500 2WD,17.2,25.641,2007
Honda,Civic CNG,31,50.5,2006
Ford,Taurus Wagon,23.3333,39.7436,1986
Cadillac,XLR-V,16.4,28.3,2007
Cadillac,XLR,18.5,34,2007
Chevrolet,Corvette,17.7778,33.7,2007
Lamborghini,Gallardo Coupe,12.8,22.9,2007
Lamborghini,Gallardo Coupe,13.3,23.6996,2007
Lamborghini,Gallardo Coupe SL,13.2,24.9,2007
Lamborghini,Gallardo Coupe SL,13.7498,25.7499,2007
Lamborghini,Gallardo Spyder,12,21.3,2007
Lamborghini,Gallardo Spyder,12.5498,21.9995,2007
Lotus,Elise/Exige,26.5,37.6,2007
Ford,Taurus Wagon,22,35.8974,1986
Mazda,MX-5,27.4,38,2007
Mazda,MX-5,27.011,38.5219,2007
Mazda,MX-5,24.7999,38.5092,2007
Mercedes-Benz,SLK280,22,34.1,2007
Mercedes-Benz,SLK280,21.7,34.6,2007
Mercedes-Benz,SLK350,21.2,32,2007
Mercedes-Benz,SLK350,20.5,32.1,2007
Mercedes-Benz,SLK55 AMG,17.4,28.1,2007
Pontiac,Solstice,23.3,37,2007
Pontiac,Solstice,24.2,39.5,2007
Ford,Taurus Wagon,20,32.0513,1986
Pontiac,Solstice,24.2,33.4,2007
Pontiac,Solstice,21.9,36.4,2007
Porsche,Boxster,23.7,36.2,2007
Porsche,Boxster,25.8,40.4,2007
Porsche,Boxster,23.9,39.8,2007
Porsche,Boxster S,22.5,35.2,2007
Porsche,Boxster S,22.2,36,2007
Porsche,Cayman,23.7,36.2,2007
Porsche,Cayman,25.8,40.4,2007
Porsche,Cayman,23.9,39.8,2007
Mercury,Marquis Wagon,21,29,1986
Porsche,Cayman S,22.5,35.2,2007
Porsche,Cayman S,22.2,36,2007
Saturn,SKY,23.3,37,2007
Saturn,SKY,24.2,39.5,2007
Saturn,SKY,24.2,33.4,2007
Saturn,SKY,21.9,36.4,2007
Porsche,Carrera 2 Cabriolet,21.8791,33.5264,2007
Porsche,Carrera 2 Cabriolet,20.4636,33.5084,2007
Porsche,Carrera 2 Coupe,21.8791,33.5264,2007
Porsche,Carrera 2 Coupe,20.4636,33.5084,2007
Toyota,Celica,27,39,1985
Mercury,Sable Wagon,22,35.8974,1986
Porsche,Carrera 2 S Cabriolet,21.8636,33.1455,2007
Porsche,Carrera 2 S Cabriolet,19.9585,32.7824,2007
Porsche,Carrera 2 S Coupe,21.8636,33.1455,2007
Porsche,Carrera 2 S Coupe,19.9585,32.7824,2007
Porsche,Carrera 4 Cabriolet,21,32.8,2007
Porsche,Carrera 4 Cabriolet,20.3163,33.0314,2007
Porsche,Carrera 4 Coupe,21,33.2,2007
Porsche,Carrera 4 Coupe,20.3163,33.0314,2007
Porsche,Carrera 4 S Cabriolet,21.2,31.8,2007
Porsche,Carrera 4 S Cabriolet,19.2631,31.7733,2007
Mercury,Sable Wagon,20,32.0513,1986
Porsche,Carrera 4 S Coupe,21.5,32.3,2007
Porsche,Carrera 4 S Coupe,19.2631,31.7733,2007
Porsche,Carrera 4 S Targa,21.2,31.8,2007
Porsche,Carrera 4 S Targa,19.2631,31.7733,2007
Porsche,Carrera 4 Targa,21,32.8,2007
Porsche,Carrera 4 Targa,20.3163,33.0314,2007
Porsche,Turbo 4 911 Turbo,19,32.5,2007
Porsche,Turbo 4 911 Turbo,19.7,32.4,2007
Volkswagen,New Beetle Convertible,24.2758,38.6437,2007
Volkswagen,New Beetle Convertible,24.0856,38.8275,2007
Oldsmobile,Cutlass Cruiser,23.3333,36,1986
Audi,A4 Cabriolet,26.7457,41.4136,2007
Audi,A4 Cabriolet quattro,24.2514,38.4036,2007
Audi,A4 Cabriolet quattro,20.9817,34.219,2007
Audi,S4 Cabriolet,16.1,26.8,2007
Audi,S4 Cabriolet,16.8384,28.93,2007
Bentley,Continental GTC,12.5732,23.3316,2007
Chevrolet,Aveo 5,28.8,44,2007
Oldsmobile,Cutlass Cruiser,21,32,1986
Chevrolet,Aveo 5,29.5,47.1,2007
Chevrolet,Cobalt,26.1809,40.6696,2007
Chevrolet,Cobalt,27.7778,43.5897,2007
Ford,Mustang,20.3141,32.916,2007
Ford,Mustang,21.6,35.3989,2007
Ford,Mustang,19.0519,29.9672,2007
Ford,Mustang,19.0715,32.3076,2007
Ford,Mustang,16.7846,27.3285,2007
Mazda,RX-8,20.4,30.2,2007
Mazda,RX-8,20.1889,32,2007
Oldsmobile,Cutlass Cruiser,21,32.0513,1986
Mercedes-Benz,CLK350,21.3,35.5,2007
Mercedes-Benz,CLK350 (Cabriolet),21.2,35.4,2007
Mercedes-Benz,CLK550,18.3,30.1,2007
Mercedes-Benz,CLK550 (Cabriolet),18,30.2,2007
Mercedes-Benz,CLK63 AMG (Cabriolet),14.2,25.2,2007
Pontiac,G5/Pursuit,26.1809,40.6696,2007
Pontiac,G5/Pursuit,27.7778,43.5897,2007
Roush Performance,Stage 3 Mustang,16.8,28.2,2007
Oldsmobile,Cutlass Cruiser,20,30.7692,1986
Roush Performance,Stage 3 Mustang Coupe,18.1,28,2007
Subaru,Impreza AWD,20.7,31.5,2007
Scion,tC,26,40.2,2007
Scion,tC,25.6,38.2,2007
Volkswagen,Eos,26.0252,40.843,2007
Volkswagen,Eos,25.5432,40.0959,2007
Volkswagen,New Beetle,25.0274,39.3432,2007
Volkswagen,New Beetle,25.1783,40.8,2007
Oldsmobile,Cutlass Cruiser,20,33.3333,1986
Volvo,C70 Convertible,23.1,37.7,2007
Volvo,C70 Convertible,22.2,37.1,2007
Audi,A4,26.7457,41.4136,2007
Audi,A4,25.6,43.6,2007
Audi,A4,23.0008,37.5632,2007
Audi,A4 quattro,24.6,39.4,2007
Audi,A4 quattro,24.2514,38.4036,2007
Audi,A4 quattro,19.2,34.2,2007
Audi,A4 quattro,21.4675,34.5556,2007
Audi,RS4,15.5,27.3,2007
Peugeot,505 Station Wagon,22,30,1986
Audi,S4,16.3,27.1,2007
Audi,S4,17.0202,29.0875,2007
Bentley,Continental GT,12.8,23.8,2007
Chevrolet,Aveo,28.8,44,2007
Chevrolet,Aveo,29.5,47.1,2007
Chevrolet,Optra,23.9,39.2,2007
Chevrolet,Optra,25.4,39.1,2007
Chevrolet,Optra 5,23.9,39.2,2007
Chevrolet,Optra 5,25.4,39.1,2007
Jaguar,X-Type,19.8489,30.6948,2007
Peugeot,505 Station Wagon,22,31,1986
Mazda,3,31.1255,45.0511,2007
Mazda,3,28.7113,43.0226,2007
Mazda,3,28.4,41.7,2007
Mazda,3,22.1,35.6872,2007
Mazda,3,27.7241,40.2112,2007
Mercedes-Benz,C280,23.9,36.4,2007
Mercedes-Benz,C280 4matic,21.6,33.6,2007
Mercedes-Benz,C350,22.4,37.1,2007
Mercedes-Benz,C350,21.9,35.7,2007
Mercedes-Benz,C350 4matic,20.9,30.5,2007
Peugeot,505 Station Wagon,21,28,1986
Mercedes-Benz,CLS550,16.8,28.1,2007
Mercedes-Benz,CLS63 AMG,14.9,25,2007
Pontiac,G6,22.2222,38.4615,2007
Pontiac,G6,22.0814,36.2817,2007
Pontiac,G6,21.9,36.3499,2007
Pontiac,G6,20.078,35.0377,2007
Pontiac,G6 GT/GTP Convertible,19,30.9,2007
Toyota,Celica Supra,21.1111,31,1985
Peugeot,505 Station Wagon,26.6667,34,1986
Saturn,Aura,22.2222,38.4615,2007
Saturn,Aura,21.9,36.3499,2007
Saturn,Ion,26.1809,40.6696,2007
Saturn,Ion,29.1,44.8718,2007
Subaru,Legacy AWD,22.4723,34.7604,2007
Subaru,Legacy AWD,21.3,33.8,2007
Subaru,Legacy AWD,21.6566,32.4423,2007
Suzuki,Forenza,23.9,39.2,2007
Suzuki,Forenza,25.4,39.1,2007
Suzuki,Reno,23.9,39.2,2007
Plymouth,Reliant Wagon,26.6667,34,1986
Suzuki,Reno,25.4,39.1,2007
Toyota,Camry Solara,27,43.1,2007
Toyota,Camry Solara,27.4242,43.8723,2007
Toyota,Camry Solara,22.8,37.8,2007
Toyota,Camry Solara Convertible,22.4,36.8,2007
Volkswagen,Jetta,24.2758,38.6437,2007
Volkswagen,Jetta,24.0856,38.8275,2007
Volkswagen,Rabbit,24.2758,38.6437,2007
Plymouth,Reliant Wagon,28,45,1986
Volkswagen,Rabbit,24.0856,38.8275,2007
Volvo,S40 AWD,22.2,35.9,2007
Volvo,S40 AWD,22.3563,36.2032,2007
Volvo,S40 FWD,24,37.5,2007
Volvo,S40 FWD,24.6158,39.2286,2007
Volvo,S40 FWD,23.1,37.9,2007
Volvo,S40 FWD,23.7237,38.7494,2007
Volvo,S60 AWD,21.9,35.2,2007
Volvo,S60 AWD,22.3563,36.2032,2007
Volvo,S60 FWD,22.9,35.6,2007
Plymouth,Reliant Wagon,25,32,1986
Volvo,S60 FWD,22.2,36.5,2007
Volvo,S60 FWD,23.5,38.6,2007
Volvo,S60 FWD,23.7237,38.7494,2007
Volvo,S60 R AWD,20.2,31.3,2007
Volvo,S60 R AWD,19.1994,32.4935,2007
Audi,A6,23.0008,37.5632,2007
Audi,A6 quattro,21.4675,34.5556,2007
Audi,A6 quattro,19.8921,31.5034,2007
Audi,A8,19.8921,31.5034,2007
Bentley,Continental Flying Spur,12.5732,23.3316,2007
Pontiac,6000 Wagon,23.3333,36,1986
Buick,Lacrosse/Allure,21,34.8,2007
Buick,Lacrosse/Allure,21.7,38.3,2007
Cadillac,CTS,19.2,34.5,2007
Cadillac,CTS,20,34.1,2007
Cadillac,CTS,18.5,33.9,2007
Cadillac,CTS,19.513,35.1989,2007
Cadillac,CTS-V,17.0108,30.1891,2007
Cadillac,STS,19.513,35.1989,2007
Cadillac,STS-V,15,26.6,2007
Cadillac,STS,18.5,34,2007
Pontiac,6000 Wagon,21,32,1986
Cadillac,STS AWD,19.4,32.2,2007
Chevrolet,Malibu,27.1,43.6,2007
Chevrolet,Malibu,24,41.5,2007
Chevrolet,Malibu,20.5,32.7,2007
Chevrolet,Monte Carlo,23.3333,39.7436,2007
Chevrolet,Monte Carlo,20.2,34.1,2007
Jaguar,S-Type 3.0 Litre,21.1489,35.6494,2007
Jaguar,S-Type 4.2 Litre,20.0469,33.1493,2007
Jaguar,S-Type R,18.7499,30.0499,2007
Jaguar,X-Type Sport Brake,19.5995,30.9493,2007
Pontiac,6000 Wagon,21,32.0513,1986
Mazda,6,26.1491,40.5485,2007
Mazda,6,20.9,32.6,2007
Mazda,6,26.1682,39.3532,2007
Mazda,6,21.5,34.5,2007
Mazda,6,21.8203,35.0461,2007
Mercedes-Benz,E350,20.6985,33.8353,2007
Mercedes-Benz,E350 4matic,20.3,31.4,2007
Mercedes-Benz,E550,17.2,29.6,2007
Mercedes-Benz,E550 4matic,16.7,27.8,2007
Mercedes-Benz,E63 AMG,15.2,25.7,2007
Pontiac,6000 Wagon,20,30.7692,1986
Mitsubishi,Galant,25.3448,38.0895,2007
Mitsubishi,Galant,20.4899,34.6451,2007
Nissan,Maxima,23.6983,35.493,2007
Nissan,Versa,32.8573,45.8725,2007
Nissan,Versa,30.8,44.9,2007
Nissan,Versa,33.1,44.2,2007
Pontiac,Grand Prix,20.7,36.3,2007
Pontiac,Grand Prix,22.1,38.9,2007
Pontiac,Grand Prix,20.6,36,2007
Pontiac,Grand Prix,20.24,34.6154,2007
Pontiac,6000 Wagon,20,33.3333,1986
Audi,A8 L,19.8921,31.5034,2007
Buick,Lucerne,21.1111,35.8974,2007
Buick,Lucerne,19,31.6,2007
Cadillac,DTS,19,31.6,2007
Cadillac,DTS,19,30.7692,2007
Cadillac,Funeral Coach / Hearse,15.7,25.1,2007
Cadillac,Limousine,16.1542,25.7384,2007
Chevrolet,Impala,23.1,39.7499,2007
Chevrolet,Impala,22,36.7,2007
Chevrolet,Impala,20.2,34.1,2007
Toyota,Cressida Wagon,21,29,1986
Chevrolet,Malibu Maxx,22.2222,38.4615,2007
Chevrolet,Malibu Maxx,19,30.9,2007
Ford,Crown Victoria,18.914,31.698,2007
Hyundai,Azera,21.4,35.6,2007
Infiniti,M35,19.8653,32.1654,2007
Infiniti,M35x,19.4,30.5,2007
Infiniti,M45,19.4138,29.5551,2007
Jaguar,Super V8,18.7499,30.4,2007
Jaguar,Vdp Lwb,20.0499,34.3499,2007
Jaguar,XJ8,20.3499,34.4482,2007
Toyota,Celica Supra,22,30.7692,1985
Volvo,240 DL/240 GL Wagon,23,31,1986
Jaguar,XJ8L,20.3499,34.4482,2007
Jaguar,XJR,18.7499,30.4,2007
Mercury,Grand Marquis,18.914,31.698,2007
Lincoln,Town Car,18.914,31.698,2007
Mercedes-Benz,S550 4matic,17.2,28.8,2007
Mercedes-Benz,S65 AMG,13.9,25.2,2007
Audi,A3,26.0252,40.843,2007
Audi,A3,28.2275,40.3969,2007
Audi,A4 Avant quattro,24.6,39.4,2007
Audi,A4 Avant quattro,24.2514,38.4036,2007
Volvo,240 DL/240 GL Wagon,25,36,1986
Audi,A4 Avant quattro,19.2,34.2,2007
Audi,A4 Avant quattro,21.4675,34.5556,2007
Audi,S4 Avant,16.3,27.1,2007
Audi,S4 Avant,16.8384,28.93,2007
Chevrolet,Optra Wagon,23.4,38.3,2007
Chevrolet,Optra Wagon,24.3,38.3,2007
Suzuki,Forenza Wagon,23.4,38.3,2007
Suzuki,Forenza Wagon,24.3,38.3,2007
Suzuki,SX4,28.5198,41.7942,2007
Suzuki,SX4,27.6586,38.829,2007
Volvo,740/760 Wagon,21,28,1986
Suzuki,SX4 AWD,26.5317,39,2007
Suzuki,SX4 AWD,26,36.2,2007
Volvo,V50 AWD,21.5,34.6,2007
Volvo,V50 AWD,22.3563,36.2032,2007
Volvo,V50 FWD,24,37.5,2007
Volvo,V50 FWD,24.6158,39.2286,2007
Volvo,V50 FWD,23.1,37.9,2007
Volvo,V50 FWD,23.7237,38.7494,2007
Audi,A6 Avant quattro,20.9817,34.219,2007
Mazda,5,24.4444,34.8,2007
Volvo,740/760 Wagon,24,33,1986
Mazda,5,23.5,33.5,2007
Mazda,6 Sport Wagon,21.5,34.5,2007
Mazda,6 Sport Wagon,21.8203,35.0461,2007
Mercedes-Benz,E350 4matic (wagon),19.8,30.2,2007
Mercedes-Benz,E63 AMG (wagon),15,25,2007
Subaru,Legacy Wagon AWD,22.4723,34.7604,2007
Subaru,Legacy Wagon AWD,21.6566,32.4423,2007
Volvo,V70 AWD,21.9,35.2,2007
Volvo,V70 AWD,22.3563,36.2032,2007
Volvo,V70 FWD,23.2965,37.2738,2007
Volvo,740/760 Wagon,25,36,1986
Volvo,V70 FWD,24,37.5,2007
Volvo,V70 FWD,21.8,33.6,2007
Volvo,V70 FWD,22.2,36.5,2007
Volvo,V70 FWD,22.2,37.1,2007
Volvo,V70 R AWD,20.2,31.3,2007
Volvo,V70 R AWD,19.1994,32.4935,2007
Chevrolet,Colorado 2WD,19.2654,30.867,2007
Chevrolet,Colorado 2WD,22.1435,33.3801,2007
Chevrolet,Colorado 2WD,19.2,29.9,2007
Chevrolet,Colorado Cab Chassis inc 2WD,17.2,25,2007
Volvo,740/760 Wagon,22,32,1986
Chevrolet,Colorado Crew Cab 2WD,19.2,30.9,2007
Chevrolet,Colorado Crew Cab 2WD,22.1,33.6,2007
Chevrolet,Colorado Crew Cab 2WD,19.2,29.9,2007
GMC,Canyon 2WD,19.2788,30.8603,2007
GMC,Canyon 2WD,22.1622,33.2869,2007
GMC,Canyon 2WD,19.2,29.9,2007
GMC,Canyon Cab Chassis Inc 2WD,17.2,25,2007
GMC,Canyon Crew Cab 2WD,19.2,30.9,2007
GMC,Canyon Crew Cab 2WD,22.1,33.6,2007
GMC,Canyon Crew Cab 2WD,19.2,29.9,2007
Volvo,740/760 Wagon,27,34,1986
Isuzu,i-290 Extended Cab 2WD,19.2,30.9,2007
Isuzu,i-290 Extended Cab 2WD,22.1,33.6,2007
Chevrolet,Colorado 4WD,18.2,29.1,2007
Chevrolet,Colorado 4WD,19.8,30.5,2007
Chevrolet,Colorado 4WD,18.1998,28.699,2007
Chevrolet,Colorado Crew Cab 4WD,18.1,28.2,2007
GMC,Canyon 4WD,18.2,29.1,2007
GMC,Canyon 4WD,19.8,30.5,2007
GMC,Canyon 4WD,18.1993,28.6965,2007
GMC,Canyon Crew Cab 4WD,18.1,28.2,2007
Buick,LeSabre/Electra Wagon,18,30.7692,1986
Honda,Ridgeline Truck 4WD,18.1,27.5,2007
Isuzu,i-370 Crew Cab 4WD,18.1,28.2,2007
Chevrolet,Van 15/25 2WD Conversion,15.7859,23.1591,2007
Chevrolet,Van 1500 AWD Conversion,15.5915,22.6811,2007
GMC,Savana 15/25 2WD Conversion (cargo),15.7859,23.1591,2007
GMC,Savana 1500  AWD Conversion (cargo),15.5915,22.6811,2007
Chevrolet,Express 1500/2500 2WD,16.0994,23.6642,2007
Chevrolet,Express 1500 AWD,15.5915,22.6811,2007
GMC,Savana 1500/2500 2WD (Passenger),15.7859,23.1591,2007
GMC,Savana 1500 AWD (Passenger),15.5915,22.6811,2007
Chevrolet,Caprice Wagon,17,28.2051,1986
Buick,Terraza FWD,20.4,32.0513,2007
Chevrolet,Uplander FWD,19.7949,32.2602,2007
Hyundai,Entourage,19.8,31.5,2007
Buick,Rainier 2WD,17.7,28.3,2007
Buick,Rendezvous FWD,20.8,32.7,2007
Chevrolet,Equinox FWD,21.5,33.5,2007
Chevrolet,HHR FWD,25.1,38.5,2007
Chevrolet,HHR FWD,24.4444,38.4615,2007
Chevrolet,HHR FWD,26,38.9,2007
Chevrolet,HHR FWD,24.4444,38.4615,2007
Chevrolet,Caprice Wagon,18,30.7692,1986
Chevrolet,TrailBlazer 2WD,17.7,28.3,2007
GMC,Envoy 2WD,17.7,28.3,2007
Mitsubishi,Endeavor 2WD,19.2949,29.9144,2007
Pontiac,Torrent FWD,21.5,33.5,2007
Saturn,Relay FWD,20.4,32.0513,2007
Saturn,Vue FWD,24.4444,34.6154,2007
Saturn,Vue FWD,25.1,37.1795,2007
Saturn,Vue Hybrid,29.8,41.1,2007
Suzuki,Grand Vitara,21.3,31.2,2007
Suzuki,Grand Vitara,20.3,30,2007
Toyota,Corolla Sport,30,43,1985
Ford,LTD Crown Victoria Wagon,20,33,1986
Volvo,XC90 FWD,19.2468,29.1997,2007
Volvo,XC90 FWD,18.7753,28.6312,2007
Audi,Q7,17.4399,25.1286,2007
Buick,Rainier AWD,16.5,26.8,2007
Buick,Rendezvous AWD,19.5,29.7,2007
Chevrolet,Colorado Cab Chassis inc 4WD,16.7,24.2,2007
Chevrolet,Equinox AWD,20.8,32.3,2007
Chevrolet,TrailBlazer 4WD,16.5,26.8,2007
GMC,Canyon Cab Chassis Inc 4WD,16.7,24.2,2007
GMC,Envoy 4WD,16.5,26.8,2007
Mercury,Grand Marquis Wagon,20,33,1986
Hummer,H3 4WD,16.7,24.2,2007
Hummer,H3 4WD,17,25,2007
Mercedes-Benz,ML350 4matic,18.6,27.4967,2007
Mercedes-Benz,ML500 4matic,15.6,23.8,2007
Mercedes-Benz,ML63 AMG,13,19.9,2007
Mercedes-Benz,R350 4matic,18.1,27,2007
Mercedes-Benz,R500 4matic,15,24.3,2007
Mercedes-Benz,R63 AMG,12.9,20.7,2007
Mitsubishi,Endeavor 4WD,18.7,27.4,2007
Pontiac,Torrent AWD,20.8,32.3,2007
Oldsmobile,Custom Cruiser,18,30.7692,1986
Saab,9-7X AWD,16.5,26.8,2007
Subaru,Outback Wagon AWD,23,34.1,2007
Subaru,Outback Wagon AWD,21.9,33,2007
Suzuki,Grand Vitara 4WD,21.1,29.7,2007
Suzuki,Grand Vitara 4WD,20.1,29.2,2007
Volkswagen,Touareg,15.3,24,2007
Volvo,XC70 AWD,20.4489,31.6,2007
Volvo,XC90 AWD,19.0467,27.7996,2007
Volvo,XC90 AWD,17.9,27.8,2007
Volvo,XC90 AWD,16.1115,25.9888,2007
Pontiac,Parisienne Wagon,17,28.2051,1986
Mercedes-Benz,C230,21,32.2,2007
Mercedes-Benz,C230,20.7,32.3,2007
Ford,Crown Victoria,18.6024,31.4618,2007
Chevrolet,Monte Carlo,23.7,40,2007
Chevrolet,Impala,23.1,39.7499,2007
Mercury,Grand Marquis,18.6024,31.4618,2007
Lincoln,Town Car,18.6024,31.4618,2007
GMC,Savana 15/25 2WD Conversion (cargo),15.3412,22.5643,2007
Chevrolet,Van 15/25 2WD Conversion,15.3412,22.5643,2007
Chevrolet,Van 1500 AWD Conversion,15.5,23.1,2007
Pontiac,Parisienne Wagon,18,30.7692,1986
Chevrolet,Express 1500 AWD,15.5,23.1,2007
Chevrolet,Van 1500/2500 AWD,16,23.7,2007
GMC,Savana 1500  AWD Conversion (cargo),15.5,23.1,2007
GMC,Savana 1500 AWD (Passenger),15.5,23.1,2007
GMC,Savana 1500/2500 AWD (cargo),16,23.7,2007
Chevrolet,Express 1500/2500 2WD,15.3412,22.5643,2007
GMC,Savana 1500/2500 2WD (Passenger),15.3412,22.5643,2007
Chevrolet,Uplander FWD,19.8438,32.4179,2007
MINI,Cooper S JCWorks GP Kit,24.7,38,2006
Pontiac,Solstice,24.2,33.4,2006
Chevrolet,S10 Pickup 2WD,23.3333,35.8974,1986
Roush Performance,Stage 3 Mustang,16.8,28.2,2006
Roush Performance,Boss F150 Super Cab 2WD,12.9,19.5,2006
Roush Performance,Stage 3 F-150 2WD,12.9,19.5,2006
Roush Performance,Stage 3 F-150 Supercab 2WD,12.9,19.5,2006
Roush Performance,Stage 3 F-150 Supercrew 2WD,12.9,19.5,2006
Roush Performance,Stage 3 F-150 4WD,12.9,19.5,2006
Roush Performance,Stage 3 F-150 Supercab 4WD,12.9,19.5,2006
Roush Performance,Stage 3 F-150 Supercrew 4WD,12.9,19.5,2006
Mercedes-Benz,G500,13.6,18.5,2006
Mercedes-Benz,G55 AMG,13,17.7,2006
Chevrolet,S10 Pickup 2WD,25,35,1986
Aston Martin,V8 Vantage,15.2,25.2,2007
BMW,Z4 3.0i,22.5589,38.7975,2007
BMW,Z4 3.0i,23.0701,38.6507,2007
BMW,Z4 3.0si,22.5589,38.7975,2007
BMW,Z4 3.0si,23.0701,38.6507,2007
BMW,Z4 Coupe,22.5589,38.7975,2007
BMW,Z4 Coupe,23.0701,38.6507,2007
BMW,Z4 M Coupe,18,30.8,2007
BMW,Z4 M Roadster,18,30.8,2007
Chevrolet,Corvette,19.8,36.4,2007
Chevrolet,S10 Pickup 2WD,26.6667,39,1986
Chevrolet,Corvette,19.1488,35.2494,2007
Chrysler,Crossfire Coupe,23.4,35.4,2007
Chrysler,Crossfire Coupe,18.8,32.4,2007
Chrysler,Crossfire Roadster,23.4,35.4,2007
Chrysler,Crossfire Roadster,18.8,32.4,2007
Ferrari,F430,13.7,21.7949,2007
Ferrari,F430,13.9,22.3,2007
Ferrari,599 GTB,12.3498,19.1488,2007
Ferrari,599 GTB,12.3,18.9,2007
Honda,S2000,22.2,33.1,2007
Chevrolet,S10 Pickup 2WD,20,29,1986
Lotus,Elise/Exige,25.2,37,2007
Aston Martin,DB9 Coupe,13.6,24.4,2007
Aston Martin,DB9 Coupe Manual,12.5,22.5,2007
Aston Martin,DB9 Volante,13.9,23.4,2007
Aston Martin,DB9 Volante Manual,12.5,22.5,2007
Lexus,SC 430,20.3788,31.8117,2007
Porsche,911 GT3,18.8611,31.1653,2007
Porsche,911 GT3 RS,18.8611,31.1653,2007
Bentley,Azure,11.6911,20.2908,2007
BMW,328ci,22.5589,38.7975,2007
Chevrolet,S10 Pickup 2WD,20,29,1986
BMW,328ci,23.0701,38.6507,2007
BMW,328cxi,21.1927,35.6305,2007
BMW,328cxi,21.8446,35.0322,2007
BMW,335ci,21.2087,36.536,2007
BMW,335ci,22.1596,37.0367,2007
BMW,650ci,18.8,30.4,2007
BMW,650ci,19.1255,31.6055,2007
BMW,650ci,17.2855,28.0644,2007
BMW,650ci Convertible,16.3976,26.6697,2007
BMW,M6,13.0895,23.6802,2007
Toyota,Corolla Sport,32,43,1985
Chevrolet,S10 Pickup 2WD,19,31,1986
BMW,M6 Convertible,12.9504,24.0505,2007
Chevrolet,Cobalt,24.8,38.9,2007
Honda,Civic,32.7913,50.93,2007
Honda,Civic,33.7726,48.281,2007
Honda,Civic,25.6,40.5,2007
Infiniti,G35 Coupe,21.6,32.7,2007
Infiniti,G35 Coupe,20.4857,32.1635,2007
Lexus,IS 250,22.4,36.3,2007
Lexus,IS 250,26.8787,41.3949,2007
Lexus,IS 250 AWD,24.5898,36.2901,2007
Nissan,Truck 2WD,29,40,1986
Lexus,IS 350,23.2652,35.3652,2007
Saab,9-3 Convertible,22.7,37.3,2007
Saab,9-3 Convertible,22.6,38.1,2007
Saab,9-3 Convertible,19.8,36.1,2007
Saab,9-3 Convertible,18.7,35.8,2007
Volkswagen,Eos,24.2,37,2007
Acura,TSX,24.2,38.5,2007
Acura,TSX,24.9,39.7,2007
BMW,328i,22.5589,38.7975,2007
BMW,328i,23.0701,38.6507,2007
Nissan,Truck 2WD,22,28,1986
BMW,328xi,21.1927,35.6305,2007
BMW,328xi,21.8446,35.0322,2007
BMW,335i,21.2087,36.536,2007
BMW,335i,22.1596,37.0367,2007
Chrysler,PT Cruiser Convertible,21.1111,33.3333,2007
Chrysler,PT Cruiser Convertible,23.7,33.3333,2007
Chrysler,PT Cruiser Convertible,23.3333,34.9,2007
Chrysler,PT Cruiser Convertible,24.4444,36.6858,2007
Dodge,Caliber,30.6906,40.6284,2007
Dodge,Caliber,28.8945,38,2007
Nissan,Truck 2WD,24,33,1986
Dodge,Caliber,26.7,34.9,2007
Dodge,Caliber,29.3,39.2,2007
Dodge,Caliber,25.8,32.8,2007
Honda,Civic Hybrid,54.6,65,2007
Kia,Rio,32.1991,48.8162,2007
Kia,Rio,35.375,44.62,2007
Mercedes-Benz,CL550,17,28.6,2007
Mitsubishi,Lancer,28,40.2,2007
Mitsubishi,Lancer,30,43.5,2007
Nissan,Truck 2WD,33,42.3077,1986
Saab,9-3 Sport Sedan,24.2,39,2007
Saab,9-3 Sport Sedan,23.3,39,2007
Saab,9-3 Sport Sedan,19.8,36.1,2007
Saab,9-3 Sport Sedan,18.7,35.8,2007
Saturn,Ion,24.8,38.9,2007
Suzuki,Aerio,27.8374,39.5,2007
Suzuki,Aerio,27.8,39.6938,2007
Suzuki,Aerio AWD,26.3996,36.6494,2007
Toyota,Corolla,33.5463,49.0495,2007
Toyota,Corolla,35.7499,52.5496,2007
Nissan,Truck 2WD (new Version),22,32.0513,1986
Acura,RL,20.3,33.0439,2007
Acura,TL,22.4499,37,2007
Acura,TL,22.6,37.7,2007
Acura,TL,21.2,35.7,2007
Audi,S6,17.2,26.7,2007
Audi,S8,15.7,25.7,2007
Bentley,Arnage,11.6911,20.2908,2007
BMW,M5,13.1,23.2,2007
BMW,M5,13.0895,23.6802,2007
Cadillac,STS,17,29.5,2007
Nissan,Truck 2WD (new Version),23,32,1986
Chrysler,Sebring,26.9,41.0256,2007
Ferrari,612 Scaglietti,11.4498,21.7,2007
Ferrari,612 Scaglietti,11.7,21.3,2007
Ford,Fusion,25.3912,39.9703,2007
Ford,Fusion,25.8,40.3,2007
Ford,Fusion,22.3,36.1,2007
Ford,Fusion AWD,20.7,33.9,2007
Honda,Accord,27.0145,43.4831,2007
Honda,Accord,28.8,43.3,2007
Honda,Accord,22.6844,36.8146,2007
Nissan,Truck 2WD (new Version),20,28,1986
Honda,Accord,22.8452,37.9786,2007
Honda,Accord Hybrid,31.3,45.2,2007
Hyundai,Elantra,31.6399,46.2306,2007
Hyundai,Elantra,31,46,2007
Infiniti,G35,21.5,34.6,2007
Infiniti,G35,21.4017,33.0011,2007
Infiniti,G35x,20.8,32.2,2007
Kia,Optima,26.9,43.4,2007
Kia,Optima,27.1,43.6,2007
Kia,Optima,24.6,39.1,2007
Nissan,Truck 2WD (new Version),19,30.7692,1986
Lexus,GS 350,23.8491,37.0418,2007
Lexus,GS 350 AWD,22.3982,34.7494,2007
Lexus,GS 430,20.3788,31.8117,2007
Lexus,LS 460,20.8489,34.6499,2007
Lexus,LS 460 L,20.1995,34.0499,2007
Mercury,Milan,25.3912,39.9703,2007
Mercury,Milan,25.8,40.3,2007
Mercury,Milan,22.3,36.1,2007
Mercury,Milan AWD,20.7,33.9,2007
Lincoln,MKZ AWD,19.8,32.8,2007
Dodge,Ram 50 Pickup 2WD,24.4444,30.7692,1986
Lincoln,MKZ FWD,20.7,34.8,2007
Nissan,Altima,29.3239,43.3229,2007
Nissan,Altima,29.4234,45.4993,2007
Nissan,Altima,24.5618,35.8312,2007
Nissan,Altima,23.3,37.8,2007
Nissan,Sentra,31.9,46.4,2007
Nissan,Sentra,31.4,43.2,2007
Saab,9-5 Sedan,22.6,38.7,2007
Saab,9-5 Sedan,21.3,37.4,2007
Toyota,Prius,66.6,64.8,2007
Toyota,Corolla Sport,28.8889,37,1985
Dodge,Ram 50 Pickup 2WD,26,34,1986
Audi,A8 L,15.9,26.7,2007
Bentley,Arnage LWB,11.6,19.8,2007
Chrysler,300 AWD,18.8,30.8,2007
Chrysler,300 AWD,19.2,30.6,2007
Chrysler,300/SRT-8,23.1,35.8989,2007
Chrysler,300/SRT-8,20.9,34.1,2007
Chrysler,300/SRT-8,18.6,32,2007
Chrysler,300/SRT-8,15.8,25.3,2007
Dodge,Charger,23.1,35.8989,2007
Dodge,Charger,20.9,34.1,2007
Dodge,Ram 50 Pickup 2WD,23.3333,27,1986
Dodge,Charger,18.6,32,2007
Dodge,Charger,15.8,25.3,2007
Dodge,Charger AWD,18.8,30.8,2007
Dodge,Charger AWD,19.2,30.6,2007
Kia,Amanti,20.7,33.8,2007
Maserati,Quattroporte/QP Sport GT,13.9197,22.5472,2007
Toyota,Avalon,24.8,39.6,2007
Audi,A3 quattro,23.2,34.6,2007
BMW,328i Sport Wagon,22.3337,37.9999,2007
BMW,328xi Sport Wagon,21.1927,35.6305,2007
Dodge,Ram 50 Pickup 2WD,22,32,1986
BMW,328xi Sport Wagon,21.8446,35.0322,2007
Pontiac,Vibe,31.7,43.8,2007
Pontiac,Vibe,33.5,46.6,2007
Saab,9-3 SportCombi,24.2,39,2007
Saab,9-3 SportCombi,22.6,38.1,2007
Saab,9-3 SportCombi,19.8,36.1,2007
Saab,9-3 SportCombi,18.7,35.8,2007
Toyota,Matrix,31.6787,43.7735,2007
Toyota,Matrix,33.3101,46.4223,2007
Saab,9-5 SportCombi,22.6,38.7,2007
Ford,Courier Pickup 2WD,24,34,1986
Saab,9-5 SportCombi,21.3,37.4,2007
Chevrolet,Silverado C15 2WD,18.4421,26.8546,2007
Chevrolet,Silverado C15 2WD,17.4765,25.8136,2007
Chevrolet,Silverado C15 2WD,18.2511,27.9312,2007
Chevrolet,Silverado C15 2WD,16.6183,24.6292,2007
Dodge,Dakota Pickup 2WD,18.1,28.1,2007
Dodge,Dakota Pickup 2WD,17.7778,27.7889,2007
Dodge,Dakota Pickup 2WD,16.7,25.5281,2007
Dodge,Dakota Pickup 2WD,16.4,25.7,2007
Dodge,Ram 1500 Pickup 2WD,17.7,26.9,2007
Ford,Ranger Pickup 2WD,25,35,1986
Dodge,Ram 1500 Pickup 2WD,17.7778,27.1737,2007
Dodge,Ram 1500 Pickup 2WD,15.5632,23.7771,2007
Dodge,Ram 1500 Pickup 2WD,16.3,24.359,2007
Ford,F150 Pickup 2WD,17.2585,25.8944,2007
Ford,F150 Pickup 2WD,17.335,26.3122,2007
Ford,F150 Pickup 2WD,16.5,25.4,2007
Ford,F150 Pickup 2WD,16.2808,24.1359,2007
GMC,Sierra C15 2WD,18.4373,26.8461,2007
GMC,Sierra C15 2WD,17.5864,25.9462,2007
GMC,Sierra C15 2WD,18.2447,27.9353,2007
Ford,Ranger Pickup 2WD,23.3333,33,1986
GMC,Sierra C15 2WD,16.6132,24.6211,2007
Lincoln,Mark LT,15.2949,22.4886,2007
Mitsubishi,Raider Pickup 2WD,18.1,28.1,2007
Mitsubishi,Raider Pickup 2WD,17.7778,27.7889,2007
Mitsubishi,Raider Pickup 2WD,16.7,25.6,2007
Mitsubishi,Raider Pickup 2WD,16.4,25.7,2007
Nissan,Frontier 2WD,20.8,30.2,2007
Nissan,Frontier 2WD,24.4499,31.7499,2007
Nissan,Frontier V6 2WD,18.0752,27.2,2007
Nissan,Frontier V6 2WD,19.4395,27.4431,2007
Ford,Ranger Pickup 2WD,32,41.0256,1986
Nissan,Titan 2WD,15.2942,23.6563,2007
Toyota,Tacoma 2WD,23.6,34.7,2007
Toyota,Tacoma 2WD,25.7782,35.605,2007
Toyota,Tacoma 2WD,20.5614,28.6,2007
Toyota,Tacoma 2WD,19.1,26.8,2007
Toyota,Tundra 2WD,18.8992,26.0242,2007
Toyota,Tundra 2WD,16.8507,23.6402,2007
Chevrolet,Silverado K15 4WD,17.4873,24.5485,2007
Chevrolet,Silverado K15 4WD,16.5119,24.2785,2007
Chevrolet,Silverado K15 4WD,17.3498,25.943,2007
Ford,Ranger Pickup 2WD,29,37,1986
Chevrolet,Silverado K15 4WD,16.1428,24.0078,2007
Dodge,Dakota Pickup 4WD,16.9094,24.5096,2007
Dodge,Dakota Pickup 4WD,18.1978,25.7452,2007
Dodge,Dakota Pickup 4WD,16.7,25.6,2007
Dodge,Dakota Pickup 4WD,16.3,24.359,2007
Dodge,Ram 1500 Pickup 4WD,15.7459,23.6058,2007
Dodge,Ram 1500 Pickup 4WD,15.7889,23.0769,2007
Ford,F150 Pickup 4WD,16.1817,23.7607,2007
Ford,F150 Pickup 4WD,15.2468,22.4763,2007
Ford,Ranger Pickup 2WD,20,30.7692,1986
GMC,Sierra K15 4WD,17.4873,24.5485,2007
GMC,Sierra K15 4WD,16.4948,24.2637,2007
GMC,Sierra K15 4WD,17.3266,25.9572,2007
GMC,Sierra K15 4WD,16.1308,24.0319,2007
Lincoln,Mark LT,15.2468,22.4773,2007
Mitsubishi,Raider Pickup 4WD,16.916,24.5162,2007
Mitsubishi,Raider Pickup 4WD,18.1978,25.7452,2007
Mitsubishi,Raider Pickup 4WD,16.7,25.6,2007
Mitsubishi,Raider Pickup 4WD,16.3,24.359,2007
Nissan,Frontier V6 4WD,17.5459,26.0495,2007
Ford,Ranger Pickup 2WD,21,31,1986
Nissan,Frontier V6 4WD,19.0096,26.7344,2007
Nissan,Titan 4WD,14.9753,23.1288,2007
Toyota,Tacoma 4WD,21.6,30,2007
Toyota,Tacoma 4WD,19.5215,27.273,2007
Toyota,Tacoma 4WD,18.1829,25.3634,2007
Toyota,Tundra 4WD,16.3833,22.5694,2007
Chrysler,Town and Country/Voyager/Grand Voy. 2WD,20.6615,32.9467,2007
Chrysler,Town and Country/Voyager/Grand Voy. 2WD,19.5,31.9,2007
Dodge,Caravan/Grand Caravan 2WD,21.8,33.5481,2007
Dodge,Caravan/Grand Caravan 2WD,21.4,33.8482,2007
Toyota,Tercel,33,41.0256,1985
GMC,S15 Pickup 2WD,23.3333,35.8974,1986
Dodge,Caravan/Grand Caravan 2WD,19.5,31.9,2007
Honda,Odyssey,19.7,32.4,2007
Honda,Odyssey,20.6,33.7481,2007
Cadillac,Escalade 2WD,14.8,25.8,2007
Cadillac,SRX 2WD,18.3,31.1,2007
Cadillac,SRX 2WD,16.5,28.4,2007
Chevrolet,Avalanche 1500 2WD,16,24.2,2007
Chevrolet,Suburban 1500 2WD,16,24.2,2007
Chevrolet,Tahoe 1500 2WD,16.8,26.1,2007
Chrysler,Aspen 2WD,16.3,25.6,2007
GMC,S15 Pickup 2WD,25,35,1986
Chrysler,Pacifica 2WD,19.5,31.9,2007
Chrysler,Pacifica 2WD,18.1,30.7692,2007
Chrysler,PT Cruiser,21.1111,33.3333,2007
Chrysler,PT Cruiser,23.7,33.3333,2007
Chrysler,PT Cruiser,23.3333,34.9,2007
Chrysler,PT Cruiser,24.4444,36.6858,2007
Dodge,Durango 2WD,17.7,26.9,2007
Dodge,Durango 2WD,16.3,25.6,2007
Dodge,Magnum,23.1,35.8989,2007
Dodge,Magnum,20.9,34.1,2007
GMC,S15 Pickup 2WD,26.6667,39,1986
Dodge,Magnum,18.6,32,2007
Dodge,Magnum,15.8,25.3,2007
Dodge,Nitro 2WD,19.8,30.5,2007
Dodge,Nitro 2WD,20.4,31.1,2007
Ford,Expedition 2WD,15.2639,25.2874,2007
Ford,Explorer 2WD,17.1,27.3,2007
Ford,Explorer 2WD,16.4,27.2,2007
GMC,Yukon 1500 2WD,16.8,26.1,2007
GMC,Yukon XL 1500 2WD,16,24.2,2007
Honda,CR-V 2WD,25.4365,37.9029,2007
GMC,S15 Pickup 2WD,20,29,1986
Honda,Element 2WD,24.8,34.3,2007
Honda,Element 2WD,23.2,31.9,2007
Honda,Pilot 2WD,19.7,31,2007
Hyundai,Tucson 2WD,24.5,34.5,2007
Hyundai,Tucson 2WD,25.1,35.3,2007
Hyundai,Tucson 2WD,22,32.9,2007
Infiniti,FX35 RWD,19.1583,30.1262,2007
Infiniti,QX56 2WD,14.5,23.7,2007
Jeep,Commander 2WD,17.4,26.1,2007
Jeep,Commander 2WD,16.3,24.359,2007
GMC,S15 Pickup 2WD,20,29,1986
Jeep,Compass 2WD,27,34.7,2007
Jeep,Grand Cherokee 2WD,18.7,28.3,2007
Jeep,Grand Cherokee 2WD,16.3,25.6,2007
Jeep,Liberty/Cherokee 2WD,18.8,29.1,2007
Jeep,Liberty/Cherokee 2WD,19.5,27.7996,2007
Jeep,Wrangler 2WD,18.6,27.3,2007
Jeep,Wrangler 2WD,19.5533,28.4823,2007
Kia,Sorento 2WD,18.7,28.9,2007
Kia,Sportage 2WD,24.4,34.5,2007
Kia,Sportage 2WD,25.1,35.3,2007
GMC,S15 Pickup 2WD,19,31,1986
Kia,Sportage 2WD,21.6,32.4,2007
Lexus,RX 400h 2WD,35.6994,34.1599,2007
Lincoln,Navigator 2WD,14.4444,23.0769,2007
Mercury,Mountaineer 2WD,16.6,26.4,2007
Mercury,Mountaineer 2WD,16.4,27.2,2007
Mitsubishi,Outlander 2WD,21.8729,34.1534,2007
Nissan,Armada 2WD,14.7891,24.1093,2007
Nissan,Murano FWD,22.2,32.4,2007
Nissan,Pathfinder 2WD,18.296,29.9243,2007
Nissan,Xterra 2WD,18.3,28.1,2007
Isuzu,Pickup 2WD,26,36,1986
Nissan,Xterra 2WD,19.7,27.7,2007
Saturn,Vue FWD,22,35.4,2007
Suzuki,XL7 FWD,20.2,30.7,2007
Toyota,4Runner 2WD,20.4,28.6,2007
Toyota,4Runner 2WD,18.9,25.92,2007
Toyota,Highlander 2WD,24.4,35.5,2007
Toyota,Highlander 2WD,21.4,31.5,2007
Toyota,Highlander Hybrid 2WD,35.6994,34.1599,2007
Toyota,RAV4 2WD,26.3385,37.9,2007
Toyota,RAV4 2WD,24.3984,37.3499,2007
Isuzu,Pickup 2WD,28,40,1986
Toyota,Sequoia 2WD,17.1,23.0996,2007
Acura,MDX 4WD,18.9,27.7,2007
Acura,RDX 4WD,20.9,29.9,2007
BMW,X3 3.0i,20.4401,33.0924,2007
BMW,X3 3.0i,21.4499,33.1988,2007
BMW,X3 3.0si,20.4401,33.0924,2007
BMW,X3 3.0si,21.4499,33.1988,2007
Cadillac,SRX AWD,17.5,29.5,2007
